seed,gt_map,s,along_track_err_m,lateral_err_m,num_inliers,residual,lambda_along_raw,lambda_along_cal,lambda_min_raw,lambda_min_cal,ratio
0,0,0.5,-0.002530452251427784,0.00956861301713681,0,nan,nan,nan,nan,nan,nan
0,0,1.0,0.0008613576781710819,0.004646052854582953,730,23.34813600957048,62239.084695371595,1929965.5142054309,14615.282315417386,453203.81858426763,0.06935670871787994
0,0,1.5,-0.001398458172787942,0.005366557993151491,754,18.72617630134004,57525.7568500983,2297813.789182064,17389.649638581737,694613.6638011001,0.07713028387529104
0,0,2.0,3.563518459204218e-05,0.0051453982830193135,819,20.772761962882047,59272.401704441494,2319790.8237631964,15158.459029016503,593268.5895410216,0.06421925464710537
0,0,2.5,0.0015698270544906023,0.004742890086969421,950,29.76598802517298,60830.414676476285,1929178.7460920308,23090.99038100246,732308.7982576599,0.0923065652912689
0,0,3.0,1.028981607120727e-05,0.0026135647491014806,1021,29.43623451304466,62490.167874860694,2154743.0044041714,26628.45215213116,918183.9790831851,0.09922514583111285
0,0,3.5,-0.0016316360390682405,0.006041317436638915,1028,25.46063104890369,66074.85850521614,2652271.4720866513,34129.77185455299,1369982.808688282,0.12096937636291169
0,0,4.0,-0.0012894728633021657,0.005051155421939355,1105,28.316058631496386,67484.71249914348,2619209.8272484518,40421.75012397081,1568844.8722461313,0.13471228456701506
0,0,4.5,-0.0003492479171471885,0.005458239954512835,1174,26.729344649785205,57939.95952981633,2531819.377448497,43470.62069494936,1899548.4414956977,0.1397533809774501
0,0,5.0,-0.030811797832230425,0.005797004943002178,1047,15.349955149947432,605.9736823116087,41095.79455602156,605.7698990848604,41081.974428407324,0.0018839347509218673
0,0,5.5,-0.03709566529246189,0.006403372385068674,969,11.208190950253883,543.5311773080524,46699.82212747706,542.8146483741738,46638.25845797967,0.0016491358986058416
0,0,6.0,-0.04361206394231498,0.005062113868050967,983,13.324874909214714,561.9855894350984,41205.63417059871,561.2625673740047,41152.62109854352,0.0017514379580550242
0,0,6.5,-0.0478760077578535,0.006815007292239628,1028,13.018373090978287,585.1582650577134,45937.51789948455,585.0891724650905,45932.09382466606,0.0018047046927815633
0,0,7.0,-0.055249014894310555,0.005325283663577423,1055,13.61709976470721,615.8321257309124,47440.93170015908,615.7766051366326,47436.65464378101,0.0019086088784986267
0,0,7.5,-0.07125970420942007,0.005826388155395763,1051,16.43198409139621,618.7088294030672,39347.0881623321,618.1595935342214,39312.15924080007,0.0018934901035853283
0,0,8.0,-0.06533683093911069,0.005083715169151036,997,12.519830112782463,556.06872688125,44015.30239429485,556.026641582499,44011.97115651554,0.0016975509734398098
0,0,8.5,-0.08469818057649725,0.005048062126562086,1038,13.309033866878668,596.271094451979,46235.645324025245,594.9386438118004,46132.32534795347,0.0018073243171392618
0,0,9.0,-0.08268290642148735,0.004655043838738525,986,10.471948108088142,537.0756892755026,50261.34297623874,537.064379800141,50260.284597631435,0.0016277842173122862
0,0,9.5,-0.0911541284013282,0.005462327664541249,999,12.3004303360152,553.1254327950561,44653.19828342077,552.918177620045,44636.46680467051,0.001680921708051323
0,0,10.0,-0.0852159766271825,0.004947078455998332,975,13.40072024014874,533.1883716464064,38554.60921999169,532.8746498452471,38531.92413890085,0.0016566149913932928
0,0,10.5,-0.08756158531946845,0.0033059744147721642,1026,11.7295556860815,585.7850304485814,50939.75825244242,585.7333918449779,50935.26776899315,0.001802895105389607
0,0,11.0,-0.0913722876342149,0.0050987667136838015,994,13.155627548234335,554.4067760149774,41636.47022496572,554.1529253938556,41617.40580460654,0.0017138682840256122
0,0,11.5,-0.07835043031908384,0.003781157062062993,1006,12.188539819954059,559.4343265304051,45898.38773095248,559.2588679998327,45883.99236176435,0.0017329556125634368
0,0,12.0,-0.07927132907177636,0.005478080667599328,1009,13.950412088549362,556.7568355226612,40029.43443424096,556.7342654112152,40027.81169925388,0.0017280062630929776
0,0,12.5,-0.09679338378196078,0.004453114398910105,1049,13.709634915740278,604.2717591275808,45971.71614296302,604.08277832746,45957.33888377724,0.0018871194860262336
0,0,13.0,-0.09549837156047758,0.005314901110328982,1007,12.328279094030153,557.4807361096497,45264.891603239565,557.3957245666162,45257.989053911515,0.0017412662737151107
0,0,13.5,-0.11071315695184936,0.004011005431772024,1064,12.530833103118457,626.877092480829,52928.32155586386,626.8309370136318,52924.4245696146,0.0019464763110482067
0,0,14.0,-0.11429594223961104,0.0043516610278906956,966,12.17971225001051,524.3411105101403,41328.35454214448,524.2600003549209,41321.96147247154,0.0016448741432037299
0,0,14.5,-0.11964971721127071,0.004026022462842333,1006,12.906753293670798,569.1988467580468,44100.85432075083,569.160834483764,44097.90917463872,0.0017973649009038952
0,0,15.0,-0.13596379305560014,0.0048542818528935164,1045,13.364392682347058,596.031497360764,46337.812759410495,595.6036067953144,46304.54687834361,0.001859973518358497
0,0,15.5,-0.14562483084501565,0.004335331588951568,1057,14.068716251741321,634.5225287909374,47401.85002144267,634.0149609376124,47363.93228934124,0.001972597690303006
0,0,16.0,-0.14604774906565865,0.00464083863293223,973,12.660776975124282,532.6723151032952,40684.243132703166,532.6317714901879,40681.14650806854,0.0016492584831947455
0,0,16.5,-0.13947732038252525,0.004834857593702382,1063,12.051277954216213,613.511018634895,53810.15599845234,613.510290017997,53810.092092527666,0.0018959021373326094
0,0,17.0,-0.15402775739929453,0.004793326590810329,983,11.53983388804077,542.681688262343,45945.20290121146,542.6288317144908,45940.72789336017,0.0016687203497476569
0,0,17.5,-0.1693434971219112,0.004898304359681409,1009,15.09639640023735,566.4123851826729,37632.26715014511,565.9642739308346,37602.49477442856,0.0017395661614582668
0,0,18.0,-0.18487749999646752,0.004885288547982295,1035,13.113444138592929,578.5430613809373,45397.74630289174,578.2868313501366,45377.64016609752,0.0017645030646459988
0,0,18.5,-0.17024143637341282,0.004855854887130265,1060,14.578057705355508,621.5592220590007,44939.00581896555,621.4985447037922,44934.6188194295,0.0019091802395630223
0,0,19.0,-0.1777194948469507,0.0037659301273546947,1067,13.663539402229198,632.8866028076924,49144.85667376991,631.6531353356868,49049.07556250203,0.0019351558606548337
0,0,19.5,-0.1691914431015924,0.0034662537112341366,1012,13.952649088284733,576.5142038019061,41567.25259518559,576.3202338556379,41553.267167421225,0.0017811933936774098
0,0,20.0,-0.21282210105904653,0.0031017169287460055,984,10.499326009059077,539.4939856954986,50253.23697492103,539.4687667889164,50250.88786311936,0.0016443537061111965
0,0,20.5,-0.19627717292045688,0.004345731980913535,1056,10.288239595761702,598.5363520810103,61085.5884367195,597.811154559862,61011.57602768508,0.001839172089007695
0,0,21.0,-0.19985635986565597,0.0033670336576541483,988,10.64242632962683,558.3049943566758,51516.025338319625,558.1312805139175,51499.996381359524,0.0017163905817162719
0,0,21.5,-0.19898851146381347,0.0033710871009722952,1036,11.968645537473368,576.8019473485977,49638.5329408355,576.742020916493,49633.37578041375,0.0017908421812257676
0,0,22.0,-0.20852662643545017,0.0037499999186621775,1054,13.728277543946568,611.6127952756597,46689.776441147544,611.6054564031012,46689.21620054805,0.0018806104878566516
0,0,22.5,-0.21850046942392254,0.004388037574398899,978,14.644379598467548,530.2804886427665,35196.61802639329,530.1691466295887,35189.22785762027,0.0016344653184417724
0,0,23.0,-0.22930212935699856,0.003809327371567817,1058,14.669958027768853,625.3232274810632,44842.66649330891,624.7888141964779,44804.34308608992,0.0019352615304436098
0,0,23.5,-0.28045958772783663,0.003445874565444167,1049,12.735608083175492,615.5860350135672,50414.25822198044,615.3239044487232,50392.790681730556,0.0018911155530435752
0,0,24.0,-0.2745712445845889,0.00332011311491919,1061,14.422444259178999,647.6455272648856,47375.189599335594,646.2938626209568,47276.31549909858,0.0020037781700165554
0,0,24.5,-0.2748877901987896,0.002945398256585156,1034,10.212464017733328,582.9466455411662,58680.17263764397,582.7217505766928,58657.53441604757,0.0018017140321288654
0,0,25.0,-0.28981650386576163,0.0028479438528903212,968,12.67938777086296,528.8819925762496,40126.89619190692,528.7447155116887,40116.48082024276,0.0016255280370871096
0,0,25.5,-0.30542801422977206,0.0033042193764886802,1072,11.503293037239354,639.363388345261,59249.240175803985,638.9536746717536,59211.27237175474,0.0019628400884723726
0,0,26.0,-0.29709006536522153,0.00416385693492497,961,10.199132736652315,530.5514778475234,49678.40643190732,530.3673840153416,49661.168730009216,0.001642756751517201
0,0,26.5,-0.3231681489785281,0.003353032262598505,1044,14.087895099067353,602.6097795111791,44400.454910685265,602.4982570337579,44392.237903762005,0.0018501854928901136
0,0,27.0,-0.33210509788954923,0.004269232873554968,983,12.442628069694571,540.1321950041853,42411.39022747006,540.1266001930156,42410.95092071893,0.0016810272832671602
0,0,27.5,-0.34125472029767323,0.0034954345523980825,1019,10.724451863970987,572.7957046484714,54104.587923811414,572.7691731631613,54102.08183818951,0.0017419993066978914
0,0,28.0,-0.34543172634029773,0.00422430144343293,1032,12.895990487522182,578.8612690229296,46053.97798580721,578.228525815949,46003.63718174177,0.001779590954266745
0,0,28.5,-0.3670227101195813,0.00364177646949566,981,11.098796239726063,550.8587358461859,48391.488216319165,550.8440732538492,48390.20014622403,0.001708020173901515
0,0,29.0,-0.3738760475411489,0.003124460381214255,983,11.92037174275048,539.3594227863626,44206.18479308331,538.9161082963383,44169.85050199737,0.0016533655264566337
0,0,29.5,-0.3768818335890387,0.004032936133959454,974,12.292972272800347,536.9461513570237,42281.38345871307,536.8620441308987,42274.76050430608,0.001645447446584958
0,0,30.0,-0.3816006049661098,0.0030986059835517925,1015,10.211778816183445,562.7950251301951,55608.35096197267,562.7104135690038,55599.99070791911,0.0017187664653707491
0,0,30.5,-0.3849204309208183,0.0036502866400214043,1062,13.05426906366688,643.1821371261093,52028.982510828326,643.136272680872,52025.272394702,0.001977934613305447
0,0,31.0,-0.3953404014230344,0.003146624213402127,1000,12.854716265936379,551.8608427239753,42673.02881832012,551.8567281755214,42672.71065795947,0.0016951885317920358
0,0,31.5,-0.3882980747133935,0.004245679464639818,1025,10.49064714679585,598.0763807781781,58093.63554841364,598.0648015328452,58092.51080836385,0.0018216717544892226
0,0,32.0,-0.4232026873847978,0.0029886339665110614,1075,11.759428257716309,629.5668461223414,57231.26530944809,629.5570995646309,57230.379291015546,0.0019223948581005006
0,0,32.5,-0.43092729405184826,0.004412746190387372,993,12.376323075236154,546.1135822174534,43552.03903226658,545.9104218262303,43535.83718419601,0.0016888100699223839
0,0,33.0,-0.42797589320699103,0.003433884999213291,968,12.027640518532296,531.5501549257424,42514.6767772673,531.3203828669031,42496.29904804743,0.00165333443687322
0,0,33.5,-0.44278877520898163,0.002609464239390924,996,12.113242368394356,570.5597734597094,46631.12967993764,570.4439936237952,46621.667140175865,0.0017417501152493583
0,0,34.0,-0.44702222737262076,0.0029893166600187633,1082,16.402677127590945,655.2666077543458,42984.865486237184,655.0044160706229,42967.66596145892,0.0020013230576043342
0,0,34.5,-0.43901298400565025,0.0031748256517313343,1048,16.25993852375263,596.1450720558748,38203.29112405886,595.7744199701523,38179.53829911683,0.0018109407364451191
0,0,35.0,-0.43016537526360565,0.0025547842467143022,995,10.555819896574835,562.365736578233,52689.39020609307,562.3095628198772,52684.12715238827,0.001710559693975255
0,0,35.5,-0.4318513571958462,0.0030379231325195896,995,12.227005163723259,551.3946502934901,44600.39902152155,551.3476511347989,44596.597422738916,0.001668448165663773
0,0,36.0,-0.42501164477972964,0.002947478823926731,989,11.1238252742657,537.2617578621941,47477.2207363172,537.173026135879,47469.37961288913,0.0016435218241032004
0,0,36.5,-0.44046197556451716,0.002654551293363571,1053,15.850164291135105,606.259985622045,40047.16880450855,605.7193630163042,40011.45738487821,0.001875388198243647
0,0,37.0,-0.4534089235481389,0.003881580418381921,992,15.09986946336626,567.7794137394434,37075.18818657963,567.4595944119328,37054.304439359796,0.0017469168810165777
0,0,37.5,-0.45020354621942005,0.0032640141218745807,1026,14.478855007791427,587.452541137465,41384.59785927611,586.7448076302244,41334.73976089768,0.0017828563611751666
0,0,38.0,-0.45408208038566755,0.0034027168087690687,1014,12.951721621160855,580.617032595558,45187.966972676935,580.5662090555742,45184.01150406803,0.001773853735188016
0,0,38.5,-0.49160746577757664,0.002930739177125971,1031,13.469867367311746,580.2071107340079,44151.30990417822,580.029645285031,44137.805533256,0.0017710291992778882
0,0,39.0,-0.4935995373227584,0.0026636006418641425,1049,13.79023552209479,600.8068692954525,45440.961734928205,599.8925312018808,45371.8073952458,0.0018555389760196183
0,0,39.5,-0.5013751712128283,0.002465460852200703,1070,18.590539243067813,624.7239940039311,35755.08601064618,624.3058190438909,35731.15243068567,0.0019409155291953844
0,0,40.0,-0.5142499542692178,0.004155383800772427,1031,13.699311196262713,592.2296734352094,44311.38227129945,591.8536597443679,44283.24844562085,0.001819199024150063
0,0,40.5,-0.5434515755362739,0.0028965198058156436,1078,13.026056133477972,629.9785046671564,51845.08266224367,629.6375253957054,51817.021230967024,0.0019094008254407226
0,0,41.0,-0.547212516732067,0.002825062931213522,1047,14.64066008639892,594.1846443072586,42248.51960728749,594.094211928144,42242.08956205027,0.0018223522160965492
0,0,41.5,-0.5512104840082586,0.0025282620899145206,1004,10.688213900880559,562.5057421289825,52523.34354933472,561.9972215399184,52475.86100897836,0.001719659665654202
0,0,42.0,-0.565679101766861,0.0030355992726624707,977,10.37662301993365,533.9463547178412,49964.41611447681,533.8228229425633,49952.85653930823,0.0016191055927603818
0,0,42.5,-0.5608868476970912,0.002374016198338851,1048,11.421357559029742,603.3065789749943,55041.22010390403,603.1801089576758,55029.6819170147,0.0018355526015922201
0,0,43.0,-0.5547267687966055,0.0030334787423404322,972,11.437372948142855,528.8468671932646,44666.38239611183,528.815789930838,44663.75761193803,0.0015962676298851293
0,0,43.5,-0.5504269950134599,0.0026647094606782407,1045,12.89153477112021,607.0725898425703,48927.33348239045,607.031951731175,48924.058232508316,0.0018353084578673492
0,0,44.0,-0.5306750967752336,0.0023345866278167474,1047,14.14511940131783,607.0322454490594,44674.106282453715,606.9811197851363,44670.3437255863,0.0018333587579440265
0,0,44.5,-0.550758595792999,0.0023806475796529503,1031,16.235130128306317,582.4901714061094,36775.33970918335,582.031811667508,36746.401306574095,0.001767673910438889
0,0,45.0,-0.5733874323762791,0.0034032553543555224,1041,14.429508896970336,596.6520805347702,42796.66811689943,596.0273112984089,42751.854661067286,0.0018062573857626028
0,0,45.5,-0.5695123465422327,0.0022374463303802654,1027,11.509418495957066,581.4571483588268,51581.03762435095,580.9851686480897,51539.16832532148,0.0017582743619928294
0,0,46.0,-0.5640875538427892,0.004005923915345595,1040,14.268135313260041,581.797622322584,42162.39391299273,581.7711508609641,42160.47554799871,0.001760569717546223
0,0,46.5,-0.5720705210605459,0.0033442952659385986,1020,17.044943420666463,609.3478032253828,36249.96910939461,609.3211797166495,36248.385282614465,0.0018542591829096098
0,0,47.0,-0.5673326334045683,0.003503721806047375,1028,14.578173127206371,586.9513694884682,41148.1119330188,586.8642575422863,41142.004966924964,0.0017906416204229883
0,0,47.5,-0.554198336440642,0.004545850181733649,1009,11.573216304674084,559.9026163928994,48524.30901298124,559.8957431162229,48523.713336176705,0.0016908002245910531
0,0,48.0,-0.5573128450435476,0.00419826912658593,1036,12.74552122282429,604.9341646833238,48886.363980786206,604.8745823122922,48881.548968430914,0.0018180078669947093
0,0,48.5,-0.5536826203103189,0.004510892066324166,1021,12.331566613536042,576.2735270613329,47432.54837752763,576.2576009953865,47431.23751756618,0.001754713907345964
0,0,49.0,-0.5567957307211557,0.0044878840095717125,993,13.062453906791934,551.5564433457752,41675.64635762825,551.5383443244281,41674.27879421351,0.0016582666430836226
0,0,49.5,-0.5635944334902803,0.005178743633971745,1034,14.096265371818816,582.0150474351709,42444.67970640628,581.9798307789601,42442.11145718354,0.0017935053898383156
0,0,50.0,-0.590810017396926,0.0062961038055328565,996,11.330610741121161,563.9490059412807,49274.44147874974,563.188648314415,49208.0060439973,0.001680836594823137
0,0,50.5,-0.5848469895137356,0.0065807796277887924,1018,10.129284189963697,572.0950599544839,57157.06952398309,572.0701588363581,57154.581694530316,0.0017158212443710527
0,0,51.0,-0.593625792046744,0.0074893232618032145,1029,15.302172984488688,592.4360943437943,39606.27847613844,592.4179255548042,39605.06383354124,0.0018168395024274386
0,0,51.5,-0.5992478950727147,0.007907678713570324,1019,15.37262169635569,586.7505531151543,38664.73279873645,586.6903240958836,38660.763924869236,0.0017867433666335203
0,0,52.0,-0.5847203834356591,0.009196544016227482,1005,10.571134255960686,580.7256679100486,54880.10351538346,580.3252831471899,54842.26610187504,0.001728148083756466
0,0,52.5,-0.5809523695713423,0.008555208045077037,984,11.38672467509785,554.2335663935417,47602.839569687385,554.1213254762815,47593.19925430148,0.0016665197368320537
0,0,53.0,-0.5664559875515636,0.010074200031301177,1039,12.74909528368897,593.2855199961178,48071.17121009206,592.997143554894,48047.80540591886,0.001775338624134912
0,0,53.5,-0.5776568352046283,0.009934150844799452,994,10.969238445362365,572.6100127773294,51575.020038258685,572.3438432109144,51551.04612859049,0.0017216412895608032
0,0,54.0,-0.554492273287515,0.011346168904401727,1009,14.269737693113138,594.1741833299609,41763.67629851889,593.9974152916569,41751.2515191549,0.0017931331334998053
0,0,54.5,-0.5467442614338296,0.011034548826925608,1027,12.899934117092037,597.5573459334382,47295.284197588866,597.4103788522615,47283.652092454104,0.0017942088180267618
0,0,55.0,-0.5593368869589952,0.012224092150733817,995,12.296391378931379,576.1195198120361,46337.35114111346,575.9741999796905,46325.66305232702,0.0017259274097052117
0,0,55.5,-0.5867997699802743,0.012481872915463035,994,13.322934132654298,562.5688164635793,41718.88753121696,562.4885055516207,41712.93184756462,0.0016794151672330038
0,0,56.0,-0.5979529413971889,0.014050066129489976,1030,10.756730050769836,587.5337684827406,55930.99167560394,587.412273056099,55919.42577069661,0.0017509315105297132
0,0,56.5,-0.6024972552241579,0.014884594201362119,988,11.047491499512823,559.8237885603621,49762.152828134655,559.6749832089827,49748.9256756122,0.0016825079830321765
0,0,57.0,-0.5991392551818535,0.015566190340725736,1035,10.118866703301338,606.9977188636507,61726.34456257014,606.8419329454913,61710.50250095531,0.001800777530048308
0,0,57.5,-0.6045119748302383,0.01597366863281739,979,10.99112555376345,549.2065790113079,48619.042587046715,549.171913836716,48615.97381900172,0.001658628191625595
0,0,58.0,-0.6122835911896516,0.017627915445751704,1009,11.101399197400724,571.5678883449015,51640.570870036296,571.4882720447875,51633.37761920419,0.0017147599291120364
0,0,58.5,-0.6032799248968885,0.017997233728151832,992,11.949237287839171,546.1563682805071,45066.48969743247,545.8994194610365,45045.28737883295,0.0016350948525935619
0,0,59.0,-0.6010193764221725,0.018267966685997495,999,11.650108282471738,566.2018592303464,48260.36227162406,566.161262887875,48256.90203184802,0.001685032137961863
0,0,59.5,-0.6028802899488426,0.018616308675053796,989,16.02070420843138,555.9417716696393,34111.531830395325,555.784746858447,34101.89708604241,0.0016604216758530268
0,0,60.0,-0.6013801953271098,0.01962713317718991,1002,11.185502957997912,574.0282649232714,51113.6740127341,574.0179357136776,51112.75426037303,0.001693847764407171
0,0,60.5,-0.596065048425757,0.019945504198847545,978,10.044590620725648,544.7452324940131,52714.18079415254,544.5608194749334,52696.33542231871,0.0016236625553952477
0,0,61.0,-0.6125104950971689,0.022246882200832194,1002,12.917855732645853,573.8771881776304,44247.41158708139,573.703807023081,44234.0434528101,0.0017351622478780629
0,0,61.5,-0.6301866065572099,0.022493239834104804,992,11.68605885046859,557.0501971517743,47000.57576465358,556.7519469226125,46975.411187808946,0.0016471064667440674
0,0,62.0,-0.6226905627249053,0.023569774020587967,998,11.986207761117228,568.5721746822232,47056.050464470936,568.5025701610682,47050.289869763925,0.0016920184748454887
0,0,62.5,-0.611579498209629,0.024009008918782104,986,10.696144505931638,558.0272336572307,51127.45893446152,557.4931748858925,51078.52750915952,0.0016612753262347198
0,0,63.0,-0.5954162503331801,0.025411160459768354,1011,13.744157667041014,584.8830573157162,42767.80628120109,584.7257330823129,42756.302422005014,0.001728299070100004
0,0,63.5,-0.5977900954146236,0.0254698622283173,984,11.897512707343076,553.1101752937645,45466.79333264638,552.8508783578686,45445.47859152829,0.0016417208650747928
0,0,64.0,-0.6100045750667249,0.027173004441930538,1017,13.356649162564377,559.8957054083655,42379.98252992814,559.7375937398681,42368.01464075883,0.001669247625520734
0,0,64.5,-0.6305753711831628,0.02812158689341512,994,10.494022960453915,549.8496674512292,51767.70371944339,549.105647274417,51697.65508914588,0.0016212972564424207
0,0,65.0,-0.6486085998832181,0.029739178290883947,1005,14.97955909469842,576.3092952556235,38434.57489774394,576.1456254916767,38423.65961691697,0.0017381939150210002
0,0,65.5,-0.6566243856469214,0.029511281881555718,988,11.526168050495325,552.027686069128,47031.34513960066,550.8630017640942,46932.11701950622,0.0016407474817819018
0,0,66.0,-0.6678421081835069,0.03103900952144895,997,11.750126162171412,549.3672584733599,46333.37086199343,548.8295039705056,46288.016905365774,0.0016509316734116136
0,0,66.5,-0.6789547358171006,0.03192210494645638,998,10.75206819387532,557.3557154762182,51422.37379663886,557.1017985910439,51398.947089743866,0.0016665414315097918
0,0,67.0,-0.6783282652449003,0.03281554708959526,984,10.098021706022656,551.0038945394857,53365.08719705142,550.5887026079697,53324.87558720902,0.0016484407284261405
0,0,67.5,-0.6906562298444356,0.03369346366171647,999,10.734562522314214,570.1332336738859,52740.137277258764,570.1237021050097,52739.25556010686,0.0016779572988105604
0,0,68.0,-0.6846034612878213,0.034302727919477624,990,11.690711329496736,547.4503319245802,46078.55856081399,547.4366125189662,46077.403806860726,0.0016285847624965494
0,0,68.5,-0.6904464428890549,0.03597305863921195,994,10.221707917616119,554.1855061811734,53565.92895433606,553.6129004599948,53510.58258197988,0.0016814917887061868
0,0,69.0,-0.6923982260175592,0.03700573727189768,986,11.130506107496753,536.9230961632803,47274.09779557216,536.8059773191894,47263.78591342587,0.0016345629622407396
0,0,69.5,-0.6991299488438187,0.038354447195289944,1019,12.393545389046785,570.4688335332307,46627.89462004053,569.8896233740894,46580.55224360249,0.0016953850442376624
0,0,70.0,-0.698200526420294,0.03905696948392698,993,11.257094095392405,546.504820413972,47916.474107591406,546.2845279975054,47897.15929923944,0.0016465970015809644
0,0,70.5,-0.7120450031317489,0.04043553462376869,1026,12.887267400145419,604.179746253494,47819.551037763835,604.1740752488216,47819.10218971977,0.00181846122761997
0,0,71.0,-0.7188100579804626,0.03995971341244417,990,11.85547171939247,560.2888742795791,46503.780308402456,560.215447804563,46497.685936695794,0.001682141799258363
0,0,71.5,-0.7253415536754204,0.04213730863156064,1007,11.049349364185012,580.3763100829716,52578.361607077786,580.0056986947848,52544.786598509636,0.001731931913751886
0,0,72.0,-0.734168661894472,0.042952361695823456,1001,13.179949617645338,556.6468199784165,42023.19446934842,556.2765562728756,41995.24198108398,0.0016795408466630756
0,0,72.5,-0.7474750409735265,0.04460034859255899,998,10.337378236998678,563.5574443396173,54080.34532237575,562.7781871761956,54005.565906513075,0.0016947825234724244
0,0,73.0,-0.7507939604807348,0.04519519631548896,998,10.456868948196872,567.6849054387117,53853.92405556612,566.9417050044337,53783.41969766931,0.0017090586170820333
0,0,73.5,-0.7582769158929352,0.04586580134163632,1005,10.23701093806337,550.6779259793059,53739.05052771187,550.2522811743722,53697.51309430466,0.0016510220883911829
0,0,74.0,-0.7683763994948407,0.0473565339600675,999,12.05264237133197,558.630283958816,46024.75165865231,558.2423464147001,45992.790038167885,0.0016619453256217973
0,0,74.5,-0.7758649118800633,0.049007798635214476,995,12.15322192736371,551.138592258641,44850.3344217326,550.9442859902649,44834.52224447027,0.0016761565065020426
0,0,75.0,-0.7756332392474548,0.049385624365150996,1004,10.654076898594107,562.4412120629561,52685.59021879225,562.2617755328382,52668.781849680396,0.0016785600653504906
0,0,75.5,-0.7662690174773132,0.05061391465305534,990,10.788054103084264,562.4457012583204,51301.797780190864,562.3816725654622,51295.95759500358,0.001692479996162689
0,0,76.0,-0.7520615253308307,0.05178602901237654,1007,15.424898876824475,572.0056678836255,37120.35184955363,571.7517097501569,37103.87121693282,0.001729637194837761
0,0,76.5,-0.7527591247970236,0.05244444414946994,996,10.687841401518806,552.100338366819,51140.29245470265,552.0382255604583,51134.53903116398,0.0016714681341650378
0,0,77.0,-0.7807284398011944,0.05465217015024691,999,10.879372453250122,551.0191008370633,50293.52285551579,550.6542976270425,50260.225936129376,0.0016490401673794168
0,0,77.5,-0.7955573845651287,0.05493459760557486,1003,13.8924446177563,565.7557522946153,40601.8163510829,564.9503991494367,40544.01967757904,0.0017199017112141776
0,0,78.0,-0.8151833783663136,0.05731966417116149,1011,10.20194448622319,576.8124396358214,56822.15803240535,576.4365567773975,56785.12957442598,0.0017268964881257608
0,0,78.5,-0.8089708361639225,0.057569339214053765,991,10.532548522363705,554.1249309520111,51821.55637154759,554.0259297321584,51812.29781448061,0.0016646456628319562
0,0,79.0,-0.8321671137219937,0.059264100578026814,1016,9.746796196634628,556.4652050488965,57663.03570535752,556.4511408908261,57661.578323940645,0.0016685765188822904
0,0,79.5,-0.8441814700435515,0.059828391675639664,997,11.02859817461528,568.2760439934974,51063.74814650469,567.3722213203887,50982.533085907744,0.001713047127710506
0,0,80.0,-0.8487170131318749,0.061297534456411555,1003,10.851646448510916,555.8089817898647,51065.20540212913,555.453520187546,51032.5472042056,0.0016575133583471575
0,0,80.5,-0.8662530350083415,0.06208276271499474,1007,12.462396736773815,566.6527936793115,45514.47514098551,566.6061651225336,45510.72985937392,0.0017086147096970934
0,0,81.0,-0.8756181494212285,0.06436019825861632,1008,10.004471400043483,557.4375338131646,55830.27693780635,557.2247891255614,55808.96944753981,0.0016770467780860127
0,0,81.5,-0.896681804960636,0.0640247962920896,1012,11.644732849311005,590.4334031750565,51008.12627309446,590.2950159305899,50996.17086203137,0.0017820300856510852
0,0,82.0,-0.8900177500050717,0.0662476668361032,1005,13.74099108717592,582.7883126454478,42369.980494067735,582.400466580155,42341.78323982534,0.0017527227141051766
0,0,82.5,-0.888123622945642,0.06691573198042339,1001,12.128280305982607,555.132948066875,45542.918648909785,554.5294604365673,45493.40872854128,0.0016643911797092
0,0,83.0,-0.8966198598089932,0.06841183647992839,999,13.47405303631021,545.8464054568974,40227.35246462482,545.3519138233092,40190.90981512435,0.0016484766913357173
0,0,83.5,-0.9061623025638283,0.0697370263664286,1005,10.256623115271188,558.7135433881591,54418.96651284073,558.3110640029596,54379.76482810536,0.001670133158947441
0,0,84.0,-0.9105464510335963,0.0703402573149362,1001,12.08797528690551,556.7627650939291,45828.92818026903,556.5433699315214,45810.8690610688,0.0016901659099693355
0,0,84.5,-0.9194966813549996,0.07216797607062946,1022,12.759112452397815,570.7579719478441,45449.09386624546,569.9423228763042,45384.14425005732,0.001710687710779339
0,0,85.0,-0.9168978595714776,0.07307851490108132,1009,13.500206374140031,554.9933480071822,41233.31989335334,554.3327959299222,41184.24407072289,0.001695627043589132
0,0,85.5,-0.9230260219652706,0.07583320556066535,1014,10.951745571251749,563.3671296789481,51852.379424065955,563.1901982188756,51836.094630870866,0.0016693675204287727
0,0,86.0,-0.9279457903539452,0.07497496030454769,1011,12.034828988714544,565.0514239678124,47186.103069696146,564.4436685501976,47135.35085748975,0.001702463305687372
0,0,86.5,-0.9280537272929053,0.07663146877925979,1023,12.31410019565435,588.2844786432552,48585.38628679712,588.2248439131398,48580.46115872737,0.001761183681733466
0,0,87.0,-0.9271942554717327,0.07815443787936538,1003,9.255208565375618,557.8726445377871,60095.78527327338,556.908658065145,59991.941636856616,0.0016769860136710533
0,0,87.5,-0.9243254621127477,0.08055730986956211,1037,14.077408969208719,585.117952995746,42852.81551868723,585.110452542134,42852.26620114656,0.0017626031792808362
0,0,88.0,-0.9165973992180483,0.08102916792447108,1008,12.420108373477827,557.8689961994485,45006.42968506746,557.1753275989078,44950.467537488614,0.0016588435958341267
0,0,88.5,-0.9305988530856126,0.08292401722139892,1023,13.381224624102884,587.0024197514064,44613.365193187885,586.929724777889,44607.84022890816,0.0017585055021445046
0,0,89.0,-0.9325906531413892,0.08337036626732273,1011,11.402409289657832,564.3375103269138,49740.29465798696,563.6191298805965,49676.977131821346,0.0016737592227750564
0,0,89.5,-0.9503541704245748,0.08535001151872366,1012,11.975798452494313,575.3882948733867,48334.19892116391,575.2328722524267,48321.1429936359,0.001748758139964578
0,0,90.0,-0.9604180958236128,0.08618203448175077,1022,15.27658227429503,570.4045259492144,37935.90660258762,570.2968052673339,37928.742420781404,0.0017064637419423533
0,0,90.5,-0.9727376334067088,0.08756665241577519,1009,12.474304655930414,567.3894426097507,45621.10888217147,567.3142538236584,45615.06330652372,0.001712338974219728
0,0,91.0,-0.9803945253861741,0.08908974116159811,1016,12.9059705514625,568.1551790517519,44462.88859517369,566.8808222333018,44363.159529350836,0.001686239733680935
0,0,91.5,-0.9814676198642189,0.09071094589386604,1000,10.944111463562674,547.8602148952889,49759.45789834275,547.1471032745972,49694.68946526095,0.001641033850103625
0,0,92.0,-0.9804541210264262,0.0919231429663684,1022,10.917406935890128,569.7903450924682,53026.05224971837,568.6997369773776,52924.557650182156,0.0016841826155456468
0,0,92.5,-0.9756470708803562,0.09280035987677303,1002,10.99283523986001,550.3288811599126,49862.2560672758,550.291432122501,49858.86301712557,0.0016462539575852325
0,0,93.0,-0.9757828538319018,0.09513424858207381,1020,13.381270975438792,587.2423326746083,44499.78828057674,586.7188030854612,44460.11648823582,0.001768010390312481
0,0,93.5,-0.980549930437391,0.09579680721367913,1013,11.154201854074183,572.369361657096,51673.43703558391,572.2427192295697,51662.003772479366,0.0017170647780070751
0,0,94.0,-0.9789841208936565,0.09825186080696252,1022,11.575150945956505,605.6422386714601,53159.78317372653,604.9215998346191,53096.52965231253,0.0018116207771874677
0,0,94.5,-0.9866645228289173,0.09872095937450237,1012,9.622259181616492,558.2631264232048,58365.99228741579,557.9092737418862,58328.997254265305,0.0016972148966847927
0,0,95.0,-0.9778452951641299,0.10026905722030725,1015,12.190969927866888,575.989839242422,47672.478173137,575.9057487249049,47665.51832230669,0.0017220011648760554
0,0,95.5,-0.9820337930494532,0.10195953278484773,1003,9.806435919483746,559.5113701928909,56884.360501861,559.0825251331136,56840.760714118696,0.00169799117642143
0,0,96.0,-0.9929356952323616,0.10386694089531724,1008,9.825139574484298,556.2154003492735,56724.67316366089,555.8335105780043,56685.72679064391,0.0016587196055989704
0,0,96.5,-0.991351508062337,0.1044072750691467,1025,17.812303750865883,582.2592568914429,33309.68251333228,581.3166151763762,33255.75619806797,0.001761323951882914
0,0,97.0,-1.0089403682432732,0.1059933566143366,1025,14.314982711687136,576.3381667209416,41026.14747897399,575.5735934159904,40971.721971557265,0.0017375576150418127
0,0,97.5,-1.0006519504539426,0.10753160700146835,1005,12.348984200490644,558.5297503444582,45183.57231131162,557.3238473925007,45086.017967614454,0.0016927441040198222
0,0,98.0,-1.0106220489723086,0.11026336038130824,1017,12.547918775952496,580.1243468784278,46741.274403058895,579.9296493640843,46725.58740424133,0.0017588566980291248
0,0,98.5,-1.0167562463172715,0.11022203633436393,1013,13.54566093289396,572.1586075195827,42534.92838973088,571.1024676854047,42456.413740775315,0.001740988453657822
0,0,99.0,-1.0236780121774842,0.11257274884396146,1005,10.709903244165124,569.4291297965709,53115.29784143433,568.906880607328,53066.58340133537,0.0017170456904881403
0,0,99.5,-1.0427849168128915,0.11352205136240086,1010,13.275109662027461,567.0118394981092,42883.25304645036,566.4108863429067,42837.80280286034,0.0017518246423526304
0,0,100.0,-1.0475819352030697,0.11584949187395649,1015,12.439486377187002,566.4127788750593,45943.254934788805,565.6498205569474,45881.36934565494,0.0017500058395154472
0,0,100.5,-1.053629579141571,0.11630957752824456,1014,13.088221005588979,569.6168522320947,43869.5057796446,568.6335813150424,43793.7783691764,0.001761656766112863
0,0,101.0,-1.061132209367642,0.11933262635146798,1010,13.816994779639916,562.611675906074,40881.69183084971,562.5472921875,40877.01344351012,0.001720206568402188
0,0,101.5,-1.05563833191934,0.1196989995911506,1014,12.829555395074825,568.0631898316905,44631.920414807515,567.3356251517775,44574.75668818034,0.0017357294518204665
0,0,102.0,-1.054776903530751,0.12173580772429224,1015,14.493981369553513,555.8939011950396,38698.61096165279,555.5478232637466,38674.5187109612,0.0017060547243514868
0,0,102.5,-1.0504500012278584,0.12281665286702736,1003,10.286357677110502,551.3518746113875,53439.500768163714,550.2222456054791,53330.012049781224,0.0016843313022158774
0,0,103.0,-1.0546645692377012,0.12578452888612163,1003,11.697083087291489,550.766034721817,46944.50167787953,550.3814095190261,46911.71817755549,0.0016800689607772822
0,0,103.5,-1.0467843215678556,0.12744095963493743,1010,16.61941071404084,576.1930563453686,34808.56442653581,574.3542211477728,34697.47802460783,0.001751717794869883
0,0,104.0,-1.0549801032363604,0.1279105772097356,1016,13.741755299479369,557.5209359344062,40977.01734763711,557.0788969833955,40944.52809638856,0.0016950626199275156
0,0,104.5,-1.0598978825330505,0.13052211057368227,1004,11.344995918601935,549.3664216960261,48326.82997740542,548.5462092099752,48254.677279691656,0.0016806897398578481
0,0,105.0,-1.0586550399955428,0.1314199259337425,995,13.199442754985128,552.7055402232112,41412.79214793426,552.4649785765291,41394.767487879675,0.0017192845558896342
0,0,105.5,-1.0685268487179655,0.13324512218486792,998,12.81776487566956,543.7965119310265,42085.81956902211,543.2490588672891,42043.45075944453,0.0016721130415312496
0,0,106.0,-1.0725679148878555,0.1356986272627615,995,11.449573979095074,544.7610428729104,47055.78324442516,544.226255598409,47009.58898292272,0.001683139883859991
0,0,106.5,-1.0684826694742782,0.13662244394378584,993,10.983395342591649,542.8160547819689,48779.03684229808,542.2315392058524,48726.510564618744,0.001661464819028164
0,0,107.0,-1.0672519381351577,0.13893373079071947,993,13.194730912775022,537.1499784462388,40180.207707997644,536.7097632935349,40147.27847597381,0.001656653714438703
0,0,107.5,-1.0586841396867612,0.13941983343813058,1005,10.73842954285019,556.6841076194397,51788.52469000911,555.1748774380698,51648.12045816382,0.0016827590627241252
0,0,108.0,-1.044219822389877,0.14197028640236203,993,11.97346253921884,556.5447080737713,45877.2577330542,555.8437383978575,45819.475193721,0.0017264366147686878
0,0,108.5,-1.0435552781619748,0.1444059883640113,985,12.76444630850493,547.772113181257,42012.703555119,546.8692757107473,41943.4582574957,0.00166914156429237
0,0,109.0,-1.0568329811434296,0.14573773966650255,993,13.072051003970646,548.6630936273705,41426.58816475887,548.2728323499714,41397.12164258298,0.001705474422386346
0,0,109.5,-1.0560251680043962,0.1476596714868242,995,12.922339244120284,557.7809053740544,42689.27668540668,557.0825686778056,42635.83009345899,0.0017046613132027713
0,0,110.0,-1.0608045671311714,0.14914119207691956,992,12.232362022676758,552.6743239731586,44548.78644266024,551.9214690786583,44488.10193016779,0.001699112876524202
0,0,110.5,-1.0794933122669619,0.15043543478419363,999,14.46692711781202,566.3288855708447,38872.42804171263,565.6976703113264,38829.10185726466,0.0017269659744428032
0,0,111.0,-1.0762739921358815,0.1518514890768316,993,13.297764539960927,549.7845075222417,40806.65643415333,549.5840991093074,40791.78152018026,0.001718269365689411
0,0,111.5,-1.0742464203781594,0.15434114339904098,1017,14.575115689289687,573.715309970935,39795.64833278402,571.7819603188104,39661.541918813375,0.0017476556364020444
0,0,112.0,-1.0724931416103232,0.1557206297684488,980,12.168275927054317,539.2489272515692,43163.75288427365,539.1043382906549,43152.17937552231,0.0017026500588770473
0,0,112.5,-1.0878885984782727,0.15821129260986036,990,10.953436573754814,546.0812395201708,49057.10970887082,545.5648956249887,49010.724048129734,0.0017077669234038034
0,0,113.0,-1.0917256746794095,0.1588814348978753,970,10.584028595614654,543.744475223846,49524.58975148366,543.051305829805,49461.455445881686,0.0017513295950703101
0,0,113.5,-1.0821766241022743,0.16145575396238093,994,11.689392837552354,563.5042325229963,47627.98115092663,563.0094210356721,47586.15915415826,0.0017836259991239546
0,0,114.0,-1.1008747299569421,0.16233112070016176,986,12.716943301149916,581.6975886807963,44827.09589934501,581.6151850796531,44820.74566822358,0.0018290850994310986
0,0,114.5,-1.0925881051222035,0.16558488926842196,997,11.639401788237198,551.228307375415,46932.58833637783,550.902047373719,46904.80996189062,0.0017455995937284605
0,0,115.0,-1.0891096153269615,0.16647089587037975,975,8.907019772660956,542.7483765755571,59045.919996267876,542.1697391968706,58982.96969030042,0.0017010405381151252
0,0,115.5,-1.0867754158808793,0.16891152182086439,1136,18.27723916035383,58608.663034373516,3623511.661022658,54936.34711506035,3396468.782586988,0.1823323816951409
0,0,116.0,-1.0880475459225352,0.1696265231344835,1107,18.102106975781904,70806.53704601349,4306570.356255092,43092.03162211067,2620928.4300119174,0.1461286746075617
0,0,116.5,-1.0887441359190007,0.17205086873789746,1055,16.48098523828316,64807.499083389,4124939.4714922346,46956.764851356704,2988756.1706356094,0.16936756147646215
0,0,117.0,-1.0872204863785981,0.17274288994173592,960,11.519069104243856,61625.059590227436,5103737.6646536,37834.238108304315,3133401.043841695,0.1490291563866153
0,0,117.5,-1.087078233061817,0.17555108317402257,918,10.957555178851749,62922.50766199765,5237055.716451826,36874.06601726862,3069037.541572572,0.15545121059203829
0,0,118.0,-1.0870673444916434,0.1771368989416145,833,12.93895025951364,58935.633345680355,3766902.863007816,23356.50747462792,1492843.80062555,0.1067183288349268
0,0,118.5,-1.0870153329646826,0.17813261281702203,764,6.35016631088879,52842.66562150982,6307667.953896195,25530.10001119841,3047450.2337529883,0.12360145450736118
0,0,119.0,-1.0878187200759726,0.18086657966123443,744,9.322108694140761,59628.94471895834,4720623.052834656,25114.22006279338,1988208.356548224,0.12899775066836813
0,0,119.5,-1.0874787730252535,0.182025188178938,701,9.192512392647323,56665.03775361192,4284160.799202222,25070.44038156621,1895450.9192856955,0.138777263477813
0,0,120.0,-1.08621421466205,0.1839609596889293,642,7.703005982288465,47791.91927856779,3945947.9495482557,23948.223516347574,1977289.1506793431,0.14024296470296901
0,1,0.5,-0.002530452251427784,0.00956861301713681,0,nan,nan,nan,nan,nan,nan
0,1,1.0,0.0011780836117962767,0.004213351858347993,751,17.139627047119024,62142.97849368466,2701139.2284394535,24278.272629162984,1055292.1051900422,0.1185827662386844
0,1,1.5,0.000124981120876555,0.00391271230276666,768,13.41343985568065,53630.032878287944,3046652.125997974,24086.675262085617,1368332.5639944791,0.10966495993441334
0,1,2.0,0.001036366305696923,0.0022837187300658902,830,14.61225784812151,56391.13207567085,3179952.9760095417,22866.932734231643,1289489.4662312001,0.09822673567342444
0,1,2.5,0.0012549119893887628,0.004051527015066763,936,17.183275250359962,57673.25491482562,3121414.6482152315,29770.299640979243,1611239.8982569235,0.12426720368114057
0,1,3.0,0.0018302488687003127,0.0025156869515236633,1016,18.36681640223164,54727.42833939685,3009487.4044733597,42931.916089204344,2360846.5561199724,0.1654375545395746
0,1,3.5,-0.002302768646769149,0.0017102382919588167,1048,17.906913434873893,60200.15726576795,3503036.0815150696,45059.93045523678,2622029.0674391915,0.16599911799959952
0,1,4.0,-0.0006716245746520855,0.0011942909622600212,1107,22.06237583942255,58369.65587005927,2912877.1797143538,39263.57481541433,1959408.0069348793,0.13743521358941826
0,1,4.5,-0.0011852852991323104,0.0005441341395316233,1131,16.958927019776795,51040.04203651756,3385830.2016466837,44657.76652217316,2962450.8247990585,0.15225565216579837
0,1,5.0,-0.028148264363803577,0.001978394269411748,1052,12.255645051727413,844.7636041034494,72099.24293357883,835.8774293140098,71340.8219128555,0.002754150924296292
0,1,5.5,-0.022567815753038012,0.0012378279286232269,971,8.643593900905023,549.6340569826036,61363.001440023414,549.3016812024148,61325.893885971316,0.0018073882402749898
0,1,6.0,-0.029850726346839274,0.0021711196027876622,1002,11.975797914182968,602.0760332877452,50073.300622784074,602.0342135970475,50069.82257378614,0.0019870562841871166
0,1,6.5,-0.03026397047548457,0.002622949608216243,1053,11.642063135009757,628.5118742180836,56523.652609944555,628.4996642971441,56522.55454106489,0.002044214833387192
0,1,7.0,-0.047103143825297344,0.0005859205979138405,1017,12.843562807162346,592.5720188722204,46645.180941983315,592.2908530925383,46623.0485627108,0.0019668464564580345
0,1,7.5,-0.06818931628876168,0.0002097707666955323,1069,15.862571286608166,657.043675334283,44030.53037624438,656.9501193845954,44024.260902479946,0.0021425565577377495
0,1,8.0,-0.0768337216206394,0.0014660778020412044,1066,9.708121997191114,644.0270751225867,70319.3367190339,643.6053221477969,70273.28680810299,0.0020800707893290217
0,1,8.5,-0.07109262462450694,0.0007947338957421091,1064,9.444150881730089,630.5737193015817,70641.28934149956,630.3581363051592,70617.13822266724,0.0020552276693571393
0,1,9.0,-0.08101353917997045,0.00030267165531723403,986,8.63013657381873,547.2062469248015,62138.312342954734,547.1442464051775,62131.271839167595,0.001746475478906749
0,1,9.5,-0.08197931344700393,0.002149025866877236,1023,10.717332567359353,593.8690995164382,56354.02936432612,593.0361420614189,56274.98752005839,0.0019065283431978963
0,1,10.0,-0.07978650051294167,0.001236707154637114,982,11.5630758896298,548.1038817617509,46263.58883272846,548.0085947109505,46255.54597609854,0.00177589191507421
0,1,10.5,-0.089069243618356,0.00041128670857139597,1001,11.028459388913312,574.5525588022467,51836.77754509698,574.4157809176628,51824.437290636975,0.001835047778090881
0,1,11.0,-0.10153732821867045,0.0012383978313089765,1044,12.249874238930033,603.6395803669667,51149.740168731725,603.2398165008474,51115.865952152984,0.0019481723700761526
0,1,11.5,-0.10506833337626631,0.001311732221791429,1017,9.840927908178486,580.9542868672276,59683.88240448782,580.860588817503,59674.25640893583,0.0018797400625256554
0,1,12.0,-0.10320210532297303,0.0009137553278559698,1035,10.51710812685793,577.2101346508415,56474.57660332745,577.1988921112139,56473.47662668584,0.0018485692336441273
0,1,12.5,-0.10433155517726256,8.18628643592821e-05,1067,8.884833215880446,636.4646234192404,76004.68675549538,636.3494891052555,75990.93776278276,0.002020561231094196
0,1,13.0,-0.10380076755186884,0.0010980998867071699,1054,11.856870058867592,607.1540253249301,53664.87238043471,606.5046247366031,53607.47343676849,0.0019495920893592296
0,1,13.5,-0.11848690061933986,0.0012534390202890659,1043,8.110780854938005,598.4929074630669,76520.02392116711,598.4457623010259,76513.99619906353,0.001886788875018058
0,1,14.0,-0.11572289007352232,0.00036224323876455673,978,11.220668053306897,536.3785900249774,46464.25569559787,536.3672470166122,46463.273097763355,0.001714648988483862
0,1,14.5,-0.11243869183933519,0.0015037956219450352,1042,10.53638122351203,601.8929355173581,59181.712199678266,601.4409941630784,59137.274623521764,0.0019114244791315423
0,1,15.0,-0.1236482316403329,0.0001958711305233891,1072,10.916403608652024,634.7899083452721,61988.0014109902,634.2846858723394,61938.66582617182,0.0019926937814323652
0,1,15.5,-0.12702111242166403,0.00012382856860322365,1048,9.266398182393068,599.0973100185792,67368.07384615789,599.0538925739544,67363.19158485111,0.0018736270564828053
0,1,16.0,-0.14130665053244762,0.0009560071628362737,992,11.43554292530267,547.5258436223415,47208.99439038571,547.1065515718674,47172.84202189145,0.0016874238660216402
0,1,16.5,-0.15399287247240778,0.0003230664153408155,1049,8.258920702655885,608.896395621819,76896.117967246,608.8893795951212,76895.23192945617,0.0018843531751353195
0,1,17.0,-0.15838418695415513,0.0006605736066592756,1004,8.262073138367173,559.4425076439436,67576.69815774552,559.4181300734595,67573.75351964614,0.0017318859747109646
0,1,17.5,-0.1760573719598888,0.0012959324054318726,1066,9.945833952795656,630.3683332874945,67182.94679521809,630.2798973326774,67173.52153107723,0.0019429459293125815
0,1,18.0,-0.18108420475759246,9.661986495859324e-05,1067,9.965553899263353,632.4159419239436,67331.26137935028,632.0582187049356,67293.17575569061,0.0019571154819545858
0,1,18.5,-0.1900494335422387,0.0009416607917169523,1039,13.924129134857946,583.0485687469155,43255.06936069566,582.8464773444067,43240.07665150935,0.0017852197127030075
0,1,19.0,-0.18586557416648475,0.00028441391451092696,1023,9.924217792994218,572.8341725170368,58702.092759499945,572.7898813390979,58697.55395060805,0.0017746644715937107
0,1,19.5,-0.17962190034996794,0.0006342841516417147,993,11.739509582497224,553.1162611560837,46503.28413846105,553.0516884890887,46497.85518745793,0.00170526763780326
0,1,20.0,-0.21299254850619675,0.00019247288814648223,991,9.375856432185742,538.1277881858275,56534.12839636145,537.9588551664463,56516.38078841821,0.0016553818310232683
0,1,20.5,-0.19762370863074352,0.000715237560870158,1042,9.326321148546908,604.8187654706655,67185.35969836681,604.7908508841172,67182.25884957514,0.0018487728710854482
0,1,21.0,-0.2043296172982032,0.0007508160080935633,1001,8.225980101729338,556.4404194526207,67306.04870281206,556.2798780869073,67286.6299032393,0.001711520519033376
0,1,21.5,-0.20518690971653442,0.0017285074514872974,1019,10.90564877437154,565.1512082258973,52495.56315055867,565.1207410721138,52492.73312848284,0.0017380133005733852
0,1,22.0,-0.22487680362066698,0.001090631738865706,1074,10.186143784516364,632.442700661277,66310.5507437439,632.4107027440517,66307.1958160775,0.0019247721236433637
0,1,22.5,-0.22810825631876597,0.0016624090272017189,976,12.798027760201794,522.1679986876313,39576.641668342185,522.038168997847,39566.80149597731,0.0015764939338180322
0,1,23.0,-0.2566650132884192,0.0006627141349257924,1080,11.888706061612002,628.0647658801983,56738.01295612747,627.8372582726618,56717.46041077662,0.0018863398815986642
0,1,23.5,-0.24898794919718625,0.001596827888379453,1050,9.50148147094146,589.1342550532431,64732.6592338913,588.9890965876405,64716.70956977286,0.0017766646543034815
0,1,24.0,-0.2734278923234257,0.0015549967010421823,1015,10.99702577622946,560.1401014415968,51394.019970039066,560.089917635947,51389.415501437186,0.001705997225827406
0,1,24.5,-0.26555835475855716,0.0013234856821361732,1000,8.449182574883325,546.767367223942,64324.18262995143,546.7055640626179,64316.91182691082,0.001652344619067119
0,1,25.0,-0.28230994075353877,0.0008595246027786949,988,9.93193838227856,530.6277617743143,52464.729643523286,530.4634986904167,52448.48846862079,0.0015980984562523955
0,1,25.5,-0.2793738988576848,0.0014692956588973768,1085,8.849258330079126,633.9267449666472,77295.399490603,633.8218720825336,77282.61222214073,0.0019313288449130204
0,1,26.0,-0.284194625264778,0.00010958990272311366,981,8.866409705824672,523.1336566733698,57526.70271050766,523.097136479554,57522.686745742685,0.0015896774775611686
0,1,26.5,-0.2883267577576838,0.0009454840046799435,1018,10.45912512810862,562.1720538164034,54394.427018876355,562.0426526435784,54381.90647004508,0.0017110338248394262
0,1,27.0,-0.29499358773016127,0.0004271194847149784,1014,11.161116314818791,564.4282675362261,50975.51872307973,564.2429817243293,50958.78490424621,0.001736195637140897
0,1,27.5,-0.29982691363705527,0.0005243070241274827,1062,9.713695669528928,614.522378960046,66806.25523583849,613.9104768307357,66739.73383445479,0.0018362160438012407
0,1,28.0,-0.29894630265406263,0.00045802120614022183,1050,9.857421813785287,587.8344101735557,62257.569556671886,586.9930481289399,62168.460863631015,0.0017855766924026156
0,1,28.5,-0.3104849242762242,0.0006013975021616034,1006,8.823184449177203,559.6426512289266,63428.6469304306,559.521942663483,63414.96609148419,0.0016937118586077405
0,1,29.0,-0.3121917448369622,0.0005980306227367396,969,9.29093431467943,518.9466715077419,53788.52413931833,518.8849611137729,53782.127892463126,0.0015887329453230731
0,1,29.5,-0.3153476617229245,0.00047777603203634657,995,10.809284132315039,537.1926326669399,49150.66596494562,537.1103257692298,49143.135260706666,0.0016078235741075497
0,1,30.0,-0.3079664023385611,0.0017970236356274717,989,7.062067139806579,531.6699674866891,74005.467194373,531.5618331827999,73990.41550785987,0.001612192576983673
0,1,30.5,-0.3367225382188792,0.000662996242736348,1074,9.634373157920479,633.4387663177081,70218.64228615092,633.270677443393,70200.00911564507,0.0019246561802214927
0,1,31.0,-0.3290903588886174,0.00018567521734342006,1018,10.880085052189072,559.8609741741319,52074.89676289119,559.6958686312336,52059.53963943015,0.0017250563772554012
0,1,31.5,-0.3259088430087118,0.0008557546559475281,1055,8.955358708526036,617.5662233239599,72339.58899380143,617.5613401638416,72339.01699717564,0.0018721023135100606
0,1,32.0,-0.3283787728097032,0.0013563210907375563,1033,9.368974265274057,572.6550479101023,62772.79855314789,572.6087978942991,62767.728759498656,0.001748784262693425
0,1,32.5,-0.3482008709394009,0.00016863306090593113,1024,9.423288424071583,579.7260053637377,62627.932723860125,579.6207680045832,62616.56390792262,0.001773858752613172
0,1,33.0,-0.3340796666490391,0.0006993674238288975,974,9.809736893186702,529.4849109533385,52248.23044528487,529.377700594165,52237.6511984804,0.0016416767499096085
0,1,33.5,-0.3542431339148209,0.0003183329662689497,991,7.593771575935491,548.9683341289488,71207.54209022946,548.953443923539,71205.6106583735,0.001672674723034536
0,1,34.0,-0.3638063939225873,0.0012977212899775467,1057,10.80906720517951,609.3115254753587,59245.298518242205,609.0943521656529,59224.18206627016,0.0018571083732578338
0,1,34.5,-0.38753544680062646,0.001489293219400091,1020,13.158435500454697,573.4382086749984,44189.6260065534,573.2832056543645,44177.681344673394,0.0017586266185821544
0,1,35.0,-0.38446195019206897,0.0011424862022615355,1010,9.68762221127385,560.9551707815343,58135.936681061394,560.7094199923702,58110.46770767041,0.0016770966171419097
0,1,35.5,-0.38101357240472566,0.0006907595021740426,997,8.641417219742559,543.2789688614677,62303.3750658036,543.1806059400291,62292.09478009735,0.0016310374322061963
0,1,36.0,-0.36723713165949334,5.4160119676816224e-05,1007,9.122461128080243,547.8306389553424,60112.99603199296,547.7349070083134,60102.49144582586,0.001637958568920075
0,1,36.5,-0.3868914588430883,0.0002533818637602789,1062,9.502794954598269,614.4164151051151,68277.14766559757,614.3785144462062,68272.93594725586,0.0018751563627701668
0,1,37.0,-0.3818542561853988,0.0006586023606739432,1011,11.045358903523725,557.7702428760771,50750.64549614826,557.7649602452022,50750.16483779433,0.001707346678204712
0,1,37.5,-0.39217401397272056,0.0005780775270890668,1051,11.123589526233832,600.3450065370748,56399.10843093216,599.9288984978683,56360.01737134701,0.0018381602436038035
0,1,38.0,-0.4048985302760215,0.0011265327263930787,1010,9.365650576933962,566.769643388338,60757.84242509901,566.6187946313319,60741.6714019768,0.001733395475636788
0,1,38.5,-0.4188863813507453,0.0015996067258074154,996,10.408941409750268,554.0173470267522,52692.88700604222,554.0099032305892,52692.17902259691,0.0017126906601336877
0,1,39.0,-0.43769675639422445,0.001580312725612428,1036,10.562165130059107,609.363186538226,59423.80888821235,608.3483185920405,59324.84111297882,0.0018635189446970445
0,1,39.5,-0.4423237598402068,0.0009314118782937501,1073,12.28292671355602,626.1575047301242,54393.39280675546,626.1070326237543,54389.00836819675,0.0019358120973949526
0,1,40.0,-0.48361754936186685,0.00025407858299230117,1045,9.316519197501918,586.4111461843203,65397.94186748181,586.202179016195,65374.6373603929,0.001793616967204788
0,1,40.5,-0.4968883701333624,0.0006778797992424738,1045,10.234113879247879,623.0683194664831,63255.89020837162,621.9842573369505,63145.83275094305,0.0018890827836492308
0,1,41.0,-0.5009161404976297,0.0008560254587165893,1059,9.124376883871642,625.7497061953562,72214.73301792424,625.6767191251296,72206.30993480011,0.0019180583084548776
0,1,41.5,-0.505568781061406,0.0003487958346023292,1002,7.033063464399826,576.2744555575739,81610.14906813782,576.232075682332,81604.14736547232,0.0017476705536276307
0,1,42.0,-0.512012507813175,0.00019442945405602588,972,8.279629354930206,526.2874092895756,61402.94638563753,526.2481382977651,61398.36456482614,0.0016128344681179913
0,1,42.5,-0.500817139129353,0.00027065516676667677,1059,9.764542410855652,609.5706475247545,65735.58338278749,609.0789497991976,65682.55911567634,0.001846071544685955
0,1,43.0,-0.49547421897786137,0.0006686834486631161,966,7.544264907620896,520.20871746669,66196.02769562736,520.1319576329164,66186.26008522065,0.0015861588665914408
0,1,43.5,-0.505222410499357,0.0011666524890979353,1024,8.009605749897354,580.2319619969985,73745.96899735223,579.9021722221456,73704.05357713264,0.001762865497970332
0,1,44.0,-0.4925523969604626,0.0006931095574672257,1047,10.416124858631633,606.5170473178828,60616.04049750811,606.1383840203267,60578.196433798636,0.0018404198066352697
0,1,44.5,-0.5000516283476415,0.0006745552921725137,1039,12.24258189370666,593.0480031070937,50039.98278537523,592.8292456537679,50021.52455072771,0.0018092298965091097
0,1,45.0,-0.5065256243696936,0.0009096283577126094,1053,12.737543417823328,606.9802737336693,49892.53624132112,606.7915555504968,49877.02399289925,0.0018716962589225596
0,1,45.5,-0.498623241577711,0.0003922073882068385,1059,8.237212862415962,611.9131069357825,78223.60698523866,611.8934456921411,78221.09359995893,0.0018417960038026868
0,1,46.0,-0.49226141010813507,0.0007517683176689847,1039,10.32607162382493,590.7578389932281,59098.25826425538,589.8197238968511,59004.4110656439,0.0018000103029670164
0,1,46.5,-0.4932550385432677,0.0005992175722147591,996,12.88712032331188,558.5379876509785,42907.38302289433,558.398261347863,42896.64912450479,0.0017205971414435666
0,1,47.0,-0.48751823533281424,0.0004635849754590082,1061,10.738344163437349,619.7839484130119,60891.33069529249,618.7924595449309,60793.92082092964,0.0019149777559608545
0,1,47.5,-0.4768775400809986,0.0006613937611413994,1037,9.339074939299703,590.7840871109715,65220.42041318981,590.0525752480403,65139.66415675284,0.0018158291569716671
0,1,48.0,-0.485726472845009,0.0010507608813744452,1061,10.198360497672141,616.3788982773445,63763.164464624504,616.36966723614,63762.20953187104,0.0018814622040697602
0,1,48.5,-0.47292033036785597,0.0015205997245765959,1063,11.020135809647943,614.6091488953115,58950.44141049457,614.4676946107706,58936.87377563577,0.001889933428486853
0,1,49.0,-0.4809792070716554,0.000667664465869537,992,10.689511496381812,549.9860805366545,50730.68826322836,549.51551902264,50687.283692965684,0.001678356673056678
0,1,49.5,-0.46644649947160843,0.0010295650147005228,1036,11.328344825924717,594.2982062045922,54035.003506415866,593.929055785468,54001.439474111,0.001804144269595407
0,1,50.0,-0.48243345317454356,0.0014400951913960318,1002,7.553431210982364,554.2550528653979,73084.4059122822,554.0273958861782,73054.38692555028,0.0016848959776637291
0,1,50.5,-0.47370873430352134,0.0003911360546006343,1064,8.780049443404256,612.8172700095957,73844.76315873295,612.8130219839506,73844.25126968705,0.0018651473605170983
0,1,51.0,-0.4784694676086332,0.0008084202226856337,1059,13.087499739234715,604.7716114274654,48658.98907520123,604.6270549051893,48647.35828085628,0.001859945729771515
0,1,51.5,-0.5052783880610576,0.0008802478982821102,1046,10.995357435673824,614.1018932621829,58085.05750986813,613.5644808854591,58034.22615899459,0.0019026618358445025
0,1,52.0,-0.5006434315846278,0.0008756406052239147,1028,7.375966144111738,573.4096628134766,79450.56470509953,573.1592102475347,79415.86246848515,0.0017576668415270934
0,1,52.5,-0.5021929787688109,4.647862450651698e-05,1008,9.430481904379239,552.8724996479806,58743.36542547474,552.7210268076441,58727.27125472545,0.0016720958924050394
0,1,53.0,-0.49655606106735917,0.00028165272350420915,975,8.208586260236485,526.4675173473997,62147.97629414609,526.1970541422405,62116.0488906334,0.0016141458308400643
0,1,53.5,-0.5191838206888661,0.0006464703657567989,1059,9.804768872959919,636.7569250754705,68385.60406595843,636.5146432421085,68359.5837921676,0.0019289458521242469
0,1,54.0,-0.5111099025829446,0.0002533817875656775,1065,9.88762576291777,623.8843660754229,66820.24173606129,623.6921029266566,66799.64966679963,0.001924784364239004
0,1,54.5,-0.49887531258949025,0.0007572360991317917,1013,8.962362499373677,560.5541743331623,62983.17587499303,560.5065849736274,62977.8287932325,0.0017090768414395204
0,1,55.0,-0.5048621747596371,0.0011240330586668973,1035,8.447779227453804,589.8174495654789,71843.98872907179,589.5645721865521,71813.18645359682,0.0017996817885442048
0,1,55.5,-0.5024571209419832,0.00012859199716518503,1055,9.071382672631133,607.0628665889251,70199.76667648148,606.9850264988729,70190.76537453981,0.0018338134519473414
0,1,56.0,-0.5035716895638558,0.0006321985553365266,1055,8.378420037245464,607.1470987731439,76016.39733765577,606.8687635906047,75981.54904821866,0.0018467510447227168
0,1,56.5,-0.4995400616351162,0.000796706944475405,1065,8.410592547710268,626.5173442530238,78886.45940226661,626.5114674028783,78885.71943248819,0.001919758153602815
0,1,57.0,-0.49197837844269543,0.0004315120505551064,1014,7.300678103272919,559.7435586785133,77283.43849251469,558.9143750651366,77168.95363638755,0.001684854999553391
0,1,57.5,-0.4825055848240538,0.0005577917742954022,1024,9.480932410688235,566.2925654984701,60804.76125191516,566.2568660749665,60800.928083240135,0.001738013461639109
0,1,58.0,-0.4858125786630225,0.0009713836761136211,1048,8.70652157138063,607.0601819737764,72653.20649936296,606.8090875749039,72623.15542081452,0.0018569778324439882
0,1,58.5,-0.47112700024564447,0.0011365461821914796,1007,9.329043621073767,546.2935388529493,58616.92308486186,546.239379949593,58611.11187157337,0.0016769448013411543
0,1,59.0,-0.48230837391991344,0.0010727608314886913,1052,8.012394227942579,599.576155831732,78273.31521118036,599.5483159640795,78269.68077923206,0.001822347273180109
0,1,59.5,-0.47577442610484155,0.0012568844944933371,1060,12.805635356700467,629.3005745352381,51796.165288517484,629.2501149777133,51792.012087825,0.001930293110206476
0,1,60.0,-0.4763059626756103,0.0004510004091938828,1036,8.619157182421462,596.3879965044599,71269.10710624937,596.2991817737347,71258.49363549918,0.0018244281280718913
0,1,60.5,-0.46609474050065813,0.00033149106325456446,1006,9.088141324412856,566.3651316853137,62319.13781577379,566.3244959155394,62314.66651979326,0.0017060646480222313
0,1,61.0,-0.47682824639765187,0.0011532522701345699,1052,10.439075758875905,596.1044351240306,59729.927585742334,595.8331511563941,59702.74481241047,0.0018303824180176443
0,1,61.5,-0.4768244767215677,0.0012594493609810336,1025,9.763868757139107,568.9087053707384,59373.79794755091,568.758356478482,59358.106880309024,0.00172551463341053
0,1,62.0,-0.47680654037234405,0.001093391592376662,1025,12.456499223847096,569.903429341123,46620.77073684028,569.8269358536148,46614.5132111607,0.0017251105355510646
0,1,62.5,-0.46615899693980367,0.00019837831979537457,1045,9.354476398914324,599.7510618064563,66614.24184994785,599.6462752054242,66602.60322114284,0.0018224392342156657
0,1,63.0,-0.4632314243975486,0.0013965713794926202,1035,8.973725211963375,576.2980864324287,66083.0053218471,576.0603976976782,66055.75000677102,0.0017572558583958846
0,1,63.5,-0.46594971904939086,0.0002608778672074891,1024,8.554827338357908,575.1462832342015,68440.76369690977,574.6377331649833,68380.247692321,0.0017537129966645755
0,1,64.0,-0.47909271273335463,0.0013315911975449984,1025,10.392843589358995,575.7375997671813,56450.057110783724,575.7280468641789,56449.120465478154,0.001752665653551468
0,1,64.5,-0.49054927260880277,0.0014307403137665763,1043,8.249880643468142,607.277626329186,76334.06175421085,607.243248168906,76329.74046112176,0.0018606475382970489
0,1,65.0,-0.49565085421842525,0.0016954010080652893,995,10.97836192649997,546.7408211293144,49253.85733473281,546.6456850405268,49245.286876549624,0.001669790888297515
0,1,65.5,-0.49187235058413137,0.0007206309773779614,1063,9.122317297532017,616.5468007454198,71439.08144526162,616.5231716922036,71436.34355439081,0.001856280607031232
0,1,66.0,-0.4883447142213271,0.0018842954677258754,1006,10.086215772589611,557.7495669922113,55298.1990042248,557.6913702793645,55292.42907879797,0.0017122834281486001
0,1,66.5,-0.48753206739355903,0.0016311942700830062,1007,8.777456114712864,564.8495718395169,64416.661732276036,564.7693991801772,64407.518669530946,0.0017070716906477902
0,1,67.0,-0.49195147189168154,0.0013407039413415667,1031,7.921511268589541,580.5853266676863,75124.54879589392,580.4255824837712,75103.8787768835,0.001788424113957091
0,1,67.5,-0.49147964726812177,0.00047326879549077774,1030,8.994460652010874,574.6489285109074,65422.54455953539,574.4066483020828,65394.96147885551,0.00177933977867501
0,1,68.0,-0.4884440055361807,0.0007643648000760431,1053,10.230360391721248,606.2826771639486,62048.44586944736,606.2815308763694,62048.32855558455,0.0018487700443539797
0,1,68.5,-0.4740914334880131,0.0007352033708264282,1051,8.385598715302656,597.3861376890826,74445.31214519964,597.2304024503322,74425.90466697185,0.0018190933146103522
0,1,69.0,-0.4815912482130926,0.0011455207154736364,1062,9.397253585348821,614.5331575954503,69057.09296092247,614.4035600304288,69042.52966033472,0.0018636636033857758
0,1,69.5,-0.4957398978347527,0.001025172950223561,1062,9.541367294722672,644.1017347307233,71286.5788377989,644.0764838604866,71283.78417345507,0.0019607892046701776
0,1,70.0,-0.503451091320045,0.00094225038952205,990,7.711263644522348,533.1932454975664,68038.41468217678,533.1147436148055,68028.39740664353,0.0016451852186068331
0,1,70.5,-0.5153058314449197,0.0007147734295348187,1056,10.084320142540196,613.5625019883832,63885.380271705755,613.1628087817737,63843.76339907498,0.0019046409697775232
0,1,71.0,-0.505534722626436,0.0006184368459504527,1047,9.737868460960552,601.5749256642724,64309.71008975148,600.7099266267855,64217.23975072053,0.001864409587862333
0,1,71.5,-0.5022501653950542,0.001176397771345713,1036,8.546267647629158,586.1127464844734,70638.57039938135,585.936730208998,70617.35683912152,0.001783706076686018
0,1,72.0,-0.5014593987568077,0.0001067996619109586,1046,10.462272685082743,609.1718470751264,60554.59841545135,608.246781193579,60462.64243745614,0.0018602537529566676
0,1,72.5,-0.4958847155690762,0.00026060781373553186,1060,7.735888631580345,604.1913318442672,82319.91101373493,604.0668955495241,82302.95680706193,0.001841261938381779
0,1,73.0,-0.49814642817274546,0.000549519907149193,1046,8.09082579446249,592.5196624084812,76162.86205625303,592.3235258480527,76137.65053544816,0.0018141925103362145
0,1,73.5,-0.5010844754241361,0.0005970337153439795,1053,7.286282787854727,604.5109426010196,86865.00034808787,604.1649155469065,86815.27810477056,0.0018480034056524823
0,1,74.0,-0.4983298040284865,0.0008218288834446633,1032,9.43196991726321,574.021916550835,62441.51450305368,573.7803939080476,62415.24191803977,0.001760225082726101
0,1,74.5,-0.4998433694879765,0.0005967224424654412,1008,9.683920755085438,570.6524291766282,59045.684955105426,570.6275350736407,59043.10915013714,0.0017492845207118103
0,1,75.0,-0.49824884810243475,0.0007344023990987443,1022,7.964362162722815,571.2474446789872,72873.0552347749,571.2172022053434,72869.19725436236,0.0017274152118606362
0,1,75.5,-0.485056778665637,0.0007527846282281992,1062,9.252570242702529,631.5008338193751,72073.4739667839,631.4893639465042,72072.16490503847,0.0019013183224460568
0,1,76.0,-0.48632944743616235,0.001022434995063119,1036,12.061355905313047,597.7258430012889,51043.81490145146,597.632254151314,51035.82272244348,0.0018333685011250142
0,1,76.5,-0.4685699738829925,0.0008592927502268915,998,8.30113820129915,553.9286965698783,66195.4124449249,553.9080846710733,66192.9492882928,0.0016821538711876763
0,1,77.0,-0.4780541506600855,0.0004995127768509547,1063,9.860820054908938,629.7490815921526,67503.99820058905,629.7307684005766,67502.03517485812,0.001918860031283349
0,1,77.5,-0.48622969874932664,0.0009950329391709028,1063,12.757963713025855,621.6935786699585,51507.444874076384,621.5473825511651,51495.33249462144,0.0018977361619716801
0,1,78.0,-0.4900745298860585,0.0011932891388839032,1041,8.17305947541264,623.7731423511789,78991.8639740322,623.7723555007477,78991.7643307837,0.0019062558023494262
0,1,78.5,-0.48506933642940453,0.00012439794904997196,1045,8.958070002360447,616.3034483458106,71481.83511209089,615.7191238990882,71414.06235523763,0.0018670447396972284
0,1,79.0,-0.4961349962501771,0.0010297851836273918,990,9.421175070504448,542.0785214852633,56617.700143527676,542.0511293476957,56614.839156106806,0.001658650813556257
0,1,79.5,-0.5102841323777341,0.0011610186767190608,1024,7.493780499816813,565.9378085298433,76880.37954907592,565.615561466321,76836.60357903333,0.001719992987835819
0,1,80.0,-0.5114951149157605,0.001124117560964874,981,7.6122011617406855,542.3145535501412,69461.73366633373,542.233617758137,69451.36709882884,0.0016601762290177232
0,1,80.5,-0.5158566360077401,0.0007402599376564802,1062,8.95959909299342,633.8564029994485,74707.84737353529,633.8258829442257,74704.25020607491,0.00195643310087402
0,1,81.0,-0.5053852137275499,0.0006439677175551103,979,8.343813240644632,548.2601393512796,63934.450616680006,548.2389484934035,63931.97947978867,0.0016782209808062739
0,1,81.5,-0.5083779957629702,0.0005645257856395284,1012,8.169687848837892,561.2256411541808,69108.27016253959,561.2164347626587,69107.13650479859,0.0017154295134236604
0,1,82.0,-0.5161594240702811,0.00043099025249188197,1061,10.499624776308913,621.66258472708,62464.52048142918,620.0175476229773,62299.227513175276,0.0019069416321512698
0,1,82.5,-0.5180284037553378,0.0012642939915583629,1044,10.892698831780757,600.3829739247126,57212.40773825473,600.2170425917034,57196.595612506695,0.0018546022716772446
0,1,83.0,-0.5173403657886126,0.0013529964572168835,1053,11.30238775775414,601.4313808778154,55713.772105107644,600.2768846327297,55606.82500733395,0.0018508146433911332
0,1,83.5,-0.5207608887728981,0.0003876363223286726,1060,8.384445763067507,633.0715762834911,79582.77270299605,633.0539968605764,79580.56281193398,0.0019454939796984718
0,1,84.0,-0.5191066598420377,0.0017467465122338005,1042,10.162166380052895,590.8767725005408,60237.976177218814,590.5021680610803,60199.786466012854,0.0018209457926570396
0,1,84.5,-0.5240053385729055,0.00047347127410715624,1004,8.949999430942189,549.7927065334244,61306.49787791051,549.5090827892575,61274.871451689745,0.0016937121739072105
0,1,85.0,-0.5206589807137334,0.0012418271354703559,999,12.001105643964955,551.9164909182997,45666.88201411453,551.8203635738993,45658.9282092051,0.0016930494320541059
0,1,85.5,-0.5216425259825854,0.001420089370599221,1019,9.53117802294668,563.8888787234179,59931.6719057801,563.843047758124,59926.8008638448,0.0017158202381230758
0,1,86.0,-0.5143786641781389,0.00047306634504999873,1002,8.918979152940965,551.2844521678519,61563.02251005103,551.1702116938884,61550.26505091625,0.0017101838486111973
0,1,86.5,-0.516064718563058,0.00021686880780142335,1008,9.096891810998109,558.2509501300349,61489.953233699205,558.2293193198135,61487.57065377057,0.0017273488464610077
0,1,87.0,-0.5160040709199478,0.0012666927419761067,1033,8.652647072120228,582.9525364383458,69191.80337901828,582.9427318408972,69190.63965172238,0.0017951660197850574
0,1,87.5,-0.5125986599846044,0.00023141555978069232,1073,8.96860819707485,638.6494039318246,75980.45304482261,638.5419973875019,75967.67483216418,0.001962918887418971
0,1,88.0,-0.5072327086635369,0.0011923817922786315,994,10.323519635590852,547.4121587011032,52389.42065185848,547.2498892344746,52373.89084819769,0.001687345359075473
0,1,88.5,-0.5235704749315033,0.0009864366573740892,1041,12.530836745860704,586.9090882428883,48476.48394525991,586.7960951088324,48467.15113723443,0.0018027990696276783
0,1,89.0,-0.5168010083993266,0.0005496671461977897,1067,11.091931219869661,639.4409914480428,61165.80408567893,639.3842602104917,61160.37745240393,0.0019748529530695114
0,1,89.5,-0.5211869096552135,0.0002619171144273707,994,11.560937161638488,551.7664974564327,47154.07512946763,551.3375473097133,47117.41696421394,0.0017389084164710332
0,1,90.0,-0.5053316180444227,0.00024872207754115036,1056,10.75341603797342,609.6130091377272,59524.681025476726,608.4485019864061,59410.974599112364,0.0018756994041930718
0,1,90.5,-0.5094870738795549,0.000674209874973006,1052,10.10225173669928,615.5663140038691,63736.51946416686,615.5534543441478,63735.1879586353,0.0019195917142040587
0,1,91.0,-0.5020328702558459,0.0013553158800974849,1022,8.19958534813686,575.7704502805276,71342.97072935986,574.122299978007,71138.75056013613,0.0017550309038396493
0,1,91.5,-0.5187675150796025,0.0007076383910384828,1017,10.24594720205475,596.5993841319986,58868.34720722461,596.5942293238642,58867.83856601056,0.0018283185451243025
0,1,92.0,-0.5074996988106193,0.0006895177006241695,1045,9.05579029752487,596.5571894277035,68444.92854309955,595.4719807060361,68320.41904975135,0.0018546284175872708
0,1,92.5,-0.4972401671402764,0.00027610681511119146,980,9.011197510414137,532.7486472623779,57583.598831772644,532.7147774244088,57579.93791743315,0.0016532696078318653
0,1,93.0,-0.4970496504214168,0.0006193382083989956,1016,11.296821507449362,569.9251366745723,50954.54395395547,569.4231835798397,50909.66649657991,0.0017679162227987964
0,1,93.5,-0.5087860984785095,0.00023107069734676095,1076,8.808784327971944,652.9312535929071,79311.33461014801,652.6632981138305,79278.78615034504,0.0020325740762835256
0,1,94.0,-0.5130392692255157,0.0006875482862826349,995,8.584587454430986,541.8080171088844,62419.78799390127,541.6664322207864,62403.476499019045,0.001658882940892513
0,1,94.5,-0.5130252237057107,0.0010553502114152243,1052,10.718027075282683,610.6252819020503,59592.50152880388,610.4457167854489,59574.97730436912,0.0018605069946805717
0,1,95.0,-0.5139922293254955,0.0013278097364670366,1020,9.443836778818286,580.6868888253847,62349.28864819063,579.8574776546143,62260.23343187775,0.001783780614300737
0,1,95.5,-0.5074131767092354,0.00043914838012801716,1000,7.085003050623605,557.0276229366741,78148.93702132138,556.981051421989,78142.40320824238,0.0016950221454103318
0,1,96.0,-0.5100585112946021,0.0015584874603055232,1002,8.500826441235187,539.1755870701032,63172.55015546381,538.9408572836585,63145.04802153423,0.001620881465930813
0,1,96.5,-0.5143265976489602,0.0008246735141395295,1064,12.599578470752714,628.0313473362316,52736.4599557145,627.7972542000091,52716.802906179204,0.0019140517595929072
0,1,97.0,-0.5227233109938112,0.0017790095657674576,995,12.580955513489835,555.9300364562478,43702.150084363166,555.6663820805169,43681.42398153908,0.0016913248665931734
0,1,97.5,-0.5181166388983485,0.0015002190158832297,1009,10.430256126914347,561.7021550847168,54014.7101561773,561.6313963428548,54007.9058153036,0.0017032445901094132
0,1,98.0,-0.5231603198928951,0.00011111745015555342,1039,9.784984452531098,588.9563772474933,62176.07607330299,588.7864230134738,62158.13401886297,0.0018267813686036081
0,1,98.5,-0.5284775900440337,0.0008804299691744313,1046,11.968126046461972,603.2490140938086,52420.819451765994,602.9130745438954,52391.627151271045,0.0018613325175446803
0,1,99.0,-0.5235317049384633,0.00032735446231683864,962,7.740894920211568,513.8483934190459,63460.24189347628,513.5772250597774,63426.752619415245,0.0015705258950767746
0,1,99.5,-0.547275306442728,0.0006236615681003304,1042,9.734305540342486,593.8656550437062,63203.771042061744,593.8629648341255,63203.48472917439,0.0018248514378791786
0,1,100.0,-0.5315396620430022,0.0009454799399738659,997,9.514281103490443,545.9748550915235,56868.309387790134,545.538223415623,56822.830177526026,0.0016779470669660026
0,1,100.5,-0.5460260793795584,0.0003675104066290589,1013,9.934424597982275,554.2738669803391,56183.805971265305,554.1888649717724,56175.1897679027,0.0017051610397778247
0,1,101.0,-0.5402929693665612,0.0008055094388145882,1045,11.763445378327702,604.8567097822331,53423.64428550443,604.1544586669005,53361.61833261695,0.0018687345289361218
0,1,101.5,-0.5528014592589585,0.0021734434148002655,1031,10.995456550673484,590.3320535478523,55030.94410840868,590.185397900275,55017.27282172095,0.0017968549261793729
0,1,102.0,-0.5373889378064689,0.00046049990132822816,1023,10.251057289818734,565.7440675319891,56127.06088878046,565.5505776211942,56107.864894287886,0.0017254369544288846
0,1,102.5,-0.545553735923292,0.0003994407689447776,1026,10.441666939615136,585.3029246932496,57175.63935333867,584.2417933225913,57071.982149529096,0.0017780241305799915
0,1,103.0,-0.5330010757641901,0.0006550302881130024,996,10.572718298395653,541.408120371612,50695.953873019556,541.126205674364,50669.55616314036,0.0016524240345184148
0,1,103.5,-0.5433308346401873,0.0008581223988314009,1026,13.443038612415062,570.0476017221986,43252.762304770644,569.5654754372856,43216.18063415363,0.0017643188445263215
0,1,104.0,-0.5319298751896611,0.0011446207139219104,1008,12.19287642218804,553.1270931534227,45455.504357541184,552.9402925686171,45440.15324763946,0.0016936619836377955
0,1,104.5,-0.5289852239502295,0.000997319781150705,1034,9.213300421759357,579.6980501430269,64681.446199193175,579.3314919496227,64640.54643411772,0.0017610343037433413
0,1,105.0,-0.5228416189309684,0.0005227568199080399,993,11.738375564867082,538.1807780702444,45251.95373243675,538.1148376737498,45246.409253903024,0.0016687869824302459
0,1,105.5,-0.521985193076759,0.00047082246763257033,1006,8.613141388474222,565.8015002021593,65690.49254889667,565.7912576612607,65689.30337291119,0.0017347526830758645
0,1,106.0,-0.5130933935801636,0.0013475621826323741,1000,9.6706793279232,559.5691534771211,57515.270612918364,558.8750220810764,57443.92437298296,0.001732335527577516
0,1,106.5,-0.5075259549828672,0.000573658661990264,1021,9.540335847451566,572.9002398313869,60951.076851679965,572.8336223328045,60943.98939038486,0.0017503559609233091
0,1,107.0,-0.5128468930343644,0.0004370435956378346,1058,9.826490882319924,610.6531560166376,65375.02836188839,610.2746231209564,65334.50355898311,0.0018709754817468054
0,1,107.5,-0.5058402946576734,0.00026335020081464814,985,7.622875440678307,550.5216657539636,70703.07195327489,549.9685772489745,70632.03922414294,0.0016673187375443814
0,1,108.0,-0.4922344118084965,0.0003445717121979777,1051,10.673820097961443,607.011223175343,59428.27613699255,606.9140684506483,59418.76438896099,0.0018632636302972102
0,1,108.5,-0.4976949654977574,0.0008445360879051891,1023,9.725460312355358,599.3026637139384,62669.61042684734,598.0272372516217,62536.2379518676,0.001836471276026079
0,1,109.0,-0.4999467839873404,0.000679862693910832,1039,10.751258768941746,580.4740461096571,55772.97528764605,579.9418402984921,55721.84000993125,0.0018144774998840529
0,1,109.5,-0.4905480317772515,0.0004939284661560788,1067,9.514118108446224,628.7877132898834,70121.45069003345,628.6725184746873,70108.60433921777,0.0019095487374225326
0,1,110.0,-0.48881817041741726,0.00030109038810752177,1013,9.823575310267241,562.6994264466226,57681.475891931055,562.0878555517006,57618.78467496214,0.0017346166717991012
0,1,110.5,-0.48529950077440276,0.00030367736691847566,1058,10.100268830410084,601.4775902789398,62647.2854928708,601.2803559424096,62626.7424236205,0.0018378675336565451
0,1,111.0,-0.4903566949402176,0.0004010686888933397,978,9.537899065568933,525.0368676328275,53506.105677022795,525.008628736672,53503.2278727103,0.0016484299665295425
0,1,111.5,-0.4814371712624137,0.0005228806506404754,999,11.728150617526126,548.6015933513415,46449.043840195096,548.5499837222956,46444.6741519711,0.0017167727447069787
0,1,112.0,-0.48550754568901766,0.0001897796935445457,985,9.884287295740839,541.1766794502071,53601.43360159613,541.1590465439767,53599.68713119488,0.0016923488314660017
0,1,112.5,-0.4853269301122083,0.0001597387222758972,1007,8.813468833092877,550.8868144933227,62567.61233865986,550.7799727540084,62555.477663530364,0.001698673067812342
0,1,113.0,-0.49564140398395296,0.0006857954862937914,979,8.968142211404313,538.7082064201112,58447.23159945185,538.6783633382996,58443.993769596105,0.0017078310014365986
0,1,113.5,-0.48416334792095483,0.0005586237075106381,1063,10.175142573452833,620.2502455713322,64431.972803937366,619.8283556604555,64388.14662336274,0.001945149236446261
0,1,114.0,-0.48152340301648167,0.0006537913122931793,1020,10.55944336959813,590.1443477457716,56670.25691307689,589.8111062058607,56638.25646479166,0.0018417112123160098
0,1,114.5,-0.46701230454007714,9.906740415819349e-05,1033,9.271828563163773,581.6579691699725,64427.71566234903,581.6544006070404,64427.320388201515,0.0018143691593596547
0,1,115.0,-0.47661381192867225,0.0005601942993344645,1054,8.486224981042017,604.237181803768,74619.81834620106,604.0232257959859,74593.3960092189,0.0018491924256990831
0,1,115.5,-0.48112734690370473,0.001015098988248405,1182,16.772840287309997,49616.94509593725,3478810.173669174,49615.996355790114,3478743.654320398,0.1599572336492155
0,1,116.0,-0.4832411383308397,0.0008099529308354378,1099,14.855864708585514,54144.263956759554,3983590.4314972,45060.351598228524,3315253.9594952436,0.15024053336200388
0,1,116.5,-0.48324868362720963,0.0004678548523264815,1064,14.3013135704188,48084.43597714316,3557248.990683287,48084.00951713211,3557217.441504991,0.16988548619053967
0,1,117.0,-0.4825379707443034,0.001144101086395219,1009,8.79048853782652,42778.094412363345,4881006.159210488,42777.87897103332,4880981.57722587,0.16241322357309934
0,1,117.5,-0.48235696337926015,0.0008081936626239444,981,8.958498487544887,43767.505172932826,4763445.303131853,43765.72306541511,4763251.347098688,0.1778345090645656
0,1,118.0,-0.481577003992669,0.0021025090548573615,853,11.889241882133366,43525.95968691338,3100827.4724578517,26699.51760486504,1902097.0079938201,0.11509113118790995
0,1,118.5,-0.4820791463376679,0.0014262288325456623,780,6.553633358089679,39479.641293158675,4662641.422133501,27443.719962408202,3241169.911448269,0.1266600397329374
0,1,119.0,-0.4819601235499107,0.0006052619011924159,767,8.21028095142269,44924.55219953586,4163996.8749087336,28072.422935578536,2601995.471333223,0.13797407303933645
0,1,119.5,-0.47944920442877503,0.0009056156901682457,690,8.796323627303055,41901.526439738154,3258252.572224679,23455.5057762029,1823894.4621278932,0.12550797901675392
0,1,120.0,-0.4812065101751557,0.00302612645194472,648,5.24647303623976,29156.02915661475,3567762.6834736033,27111.557450032964,3317584.9304271042,0.15174818145269903
1,0,0.5,0.009857674647763659,0.004937453978605895,0,nan,nan,nan,nan,nan,nan
1,0,1.0,0.005733659619310938,0.0021983286360620284,723,18.05044927685301,68477.34884775852,2720057.455124067,14342.389561341204,569708.4409233336,0.06662257996708983
1,0,1.5,0.00564407196972927,0.0027740416785111657,756,13.266273928916306,60458.49445891944,3417980.8955515535,19199.688491126104,1085441.6579592568,0.08465690675200443
1,0,2.0,0.006556680975348783,0.004171181034070287,838,19.874637903738268,65863.8835154463,2757220.0988146854,13978.411385648938,585169.8194044781,0.05747200703834188
1,0,2.5,0.005835739651260496,0.002976950427914041,891,23.27043255218716,64783.69987652602,2463794.957921262,18866.969024466955,717531.4661301343,0.0736169047228867
1,0,3.0,0.00435739022200643,0.006424040701833393,1005,29.385678762420476,62692.03943196627,2131288.097814065,21873.449863185437,743613.1249507457,0.07892029469991085
1,0,3.5,0.006605295814333889,0.0063820204345338555,1061,28.50507580968077,63818.693514371604,2361990.619046035,36551.45632227536,1352804.2050287873,0.1301054002322272
1,0,4.0,0.0029238465188461404,0.005697319524452722,1187,31.279220827589597,70599.2549191398,2665594.5337986625,37266.83537108569,1407072.5359767159,0.12095613045390283
1,0,4.5,0.0056667529875582545,0.005608019956038754,1197,26.971696493108883,62586.51439990373,2763657.772484947,44719.902463609746,1974714.6364251578,0.14124096967271324
1,0,5.0,0.013761054095575709,0.0037190539546120534,1022,17.003493004871338,653.6122774039372,39054.920871385104,653.3634568505712,39040.05323906112,0.0019801450974702866
1,0,5.5,0.026927367872601415,0.003548118516920997,1046,13.847498143456658,656.0888280335453,49274.77686482369,655.4274681890428,49225.10621448981,0.0020017368041684042
1,0,6.0,0.02451567300767099,0.004371234411320415,1003,15.989000334627743,618.2001748934189,38548.099410186696,618.1493489612443,38544.930140481425,0.0018557173384068147
1,0,6.5,0.01981263911223774,0.0039467319971460005,1022,12.757761749089028,596.1953332871311,47479.68103911158,595.9120637620272,47457.12207907095,0.0018506938692708932
1,0,7.0,-0.004310881510562581,0.003163322009659369,1038,13.371794102270915,628.4812903063097,48504.53773334439,627.9218748975857,48461.36351921967,0.0019131881541136525
1,0,7.5,-0.009664089505046825,0.0036609597923741846,1016,14.278387067217993,607.0886360598713,42943.19236016749,606.0244420036353,42867.91523035315,0.0018757887309959762
1,0,8.0,-0.01689197097285966,0.005734942556473857,1056,15.232032579196499,630.5619571835119,43466.953710889014,629.8508740883175,43417.936139132114,0.00193569223540984
1,0,8.5,-0.018164789049261998,0.0048877162167803015,1015,10.657443364621923,600.5773278814653,56860.027597612854,600.5091945268156,56853.57703039053,0.0018168266366378302
1,0,9.0,-0.027566567038975975,0.0057034868300126175,1018,13.727329399954334,582.2778881165351,42926.42841191629,581.8880602078301,42897.6896942739,0.0017912312582004973
1,0,9.5,-0.031175182354164832,0.007452193093756081,1031,13.264600894652826,601.0723645395325,46446.86851463283,600.7576712570182,46422.551113970796,0.001826226447929594
1,0,10.0,-0.030577140909729295,0.006385890185404277,1059,11.453639054803102,649.0427985034411,59670.298981311185,648.8332830626526,59651.03700194422,0.0019563506870882985
1,0,10.5,-0.013461372814910888,0.006736047776341592,975,10.203108410530888,544.5665974681741,51718.06587902404,544.3560056424541,51698.0657505424,0.0016379883970205208
1,0,11.0,-0.01296595358912711,0.007216915844371119,1011,12.648935040780746,582.4357248315554,46276.45739096017,582.0711253287946,46247.488746636096,0.0017552447206758486
1,0,11.5,-0.018470467888723974,0.008514712039146355,1011,14.344642111425053,568.5639113170963,39834.15734147695,568.4548797223908,39826.51847869963,0.0017155857827502185
1,0,12.0,-0.024737712724480332,0.008078964780259093,1017,12.77216903326828,592.4911243121093,46899.51449274405,592.1153086981558,46869.766249926615,0.0017628641765917395
1,0,12.5,-0.030410477302991623,0.008555435333725684,1038,12.505096146987086,587.1736239803745,48457.29875445573,586.885370536165,48433.51024847965,0.0017756029180387785
1,0,13.0,-0.03983253235121076,0.009334815237181866,1001,12.775843761450535,568.111732129911,44245.31044868399,567.9098613925847,44229.58848249607,0.0017171106543919703
1,0,13.5,-0.04890284481063567,0.010363703335879557,983,11.367761679888206,551.5629153958032,47403.96425578472,551.3092623964766,47382.16409957802,0.0016385017394569279
1,0,14.0,-0.034256696175528845,0.010620975238073841,992,11.514974091479207,551.6239967494957,47234.258320865534,551.3658647234316,47212.15508592317,0.0016544507498432637
1,0,14.5,-0.04149748490469207,0.012065319929046128,988,11.22044130843511,547.1873865003013,47889.20495839546,546.7854038406181,47854.02390259223,0.0016252063897908861
1,0,15.0,-0.054340927780238246,0.011376152611203892,1017,14.074428030564263,578.3345333161966,41543.159829510565,578.3341172587532,41543.12994310421,0.0017208851179292804
1,0,15.5,-0.05036815238564074,0.012408652069469337,988,13.102552323718385,550.2750534054477,41241.59088195097,550.1243133662767,41230.29333359485,0.001654947428700601
1,0,16.0,-0.05400435545576521,0.013277778202439075,1030,11.30117035614225,589.1078660908853,53379.11347820702,588.885350845014,53358.95135299419,0.001752554518924301
1,0,16.5,-0.0503010192296891,0.01360573277781905,1000,9.43933017471621,567.0283681430175,59710.4018507441,566.8183260671237,59688.28356273277,0.001682164976166295
1,0,17.0,-0.06597180693731985,0.013944938587751386,995,13.637207573385941,566.9363933469882,41115.46223835595,566.9058337302841,41113.24598838265,0.0017210249851446159
1,0,17.5,-0.07022819934729085,0.014788188136142973,1002,10.324809493932666,561.5081869026395,54166.82549771763,561.3049860725553,54147.223390106556,0.0016760456724582305
1,0,18.0,-0.06838176803201534,0.015853511300906207,988,11.552798679892359,552.8668926628775,46994.2655141987,552.7923080784872,46987.9257463294,0.0016749724239980117
1,0,18.5,-0.08035453503478251,0.015933885873621958,988,10.295657248873153,553.556957968794,52798.2740280958,553.1393648803369,52758.443990736145,0.0016452595027760986
1,0,19.0,-0.0750904288547467,0.017136843841216814,993,13.786889820424555,566.2959592613186,40540.98633347238,566.168320214046,40531.84868594645,0.0016915503142875426
1,0,19.5,-0.07893707337968081,0.018181437686149018,1020,14.310296903689537,597.1574227332312,42313.42163804998,597.0574692991337,42306.33913075771,0.0017725284551475587
1,0,20.0,-0.0866690104882295,0.016998460065627944,995,12.445854627466547,579.7631029705544,46070.41669701678,579.3288337887692,46035.90783975938,0.0017361028591042194
1,0,20.5,-0.07117293051928897,0.019119912623062597,988,10.118854639355147,576.4873021674724,55946.107628297235,575.979110273322,55896.789354852066,0.0017417981724401703
1,0,21.0,-0.07334212388657235,0.01834657754658984,986,11.243665928098665,557.6484212689263,48604.73944515013,557.3436340087272,48578.17413122982,0.0016677974412906758
1,0,21.5,-0.07233489129866655,0.018849423858621414,996,11.21560573611902,568.4561594982474,50177.54824341775,568.1180384927403,50147.70234803521,0.0017003630473557715
1,0,22.0,-0.08800793289832853,0.020662183024576355,990,12.564824514542355,549.0790973797918,43000.50758340369,548.8306514390451,42981.0508209625,0.0016555198578533967
1,0,22.5,-0.10403310965067547,0.02067593995894873,1003,11.707385784086805,585.3832641976211,49851.19010926589,585.3512808041535,49848.46640613734,0.0017302955093037556
1,0,23.0,-0.10894182545936815,0.020224016267631744,996,13.549086578376361,550.5377744059825,40226.50482813846,550.3304100774011,40211.3532026685,0.0016683015884695752
1,0,23.5,-0.11217226929413826,0.022831306275969594,1007,10.649829795328202,578.0632708561712,54333.38797403711,577.870502440628,54315.269263441056,0.0017297919694006909
1,0,24.0,-0.1385956704928013,0.02130834010571076,987,12.261411194099852,561.1423969597223,44895.37808522212,560.9561740539123,44880.4789298388,0.0016905521911459724
1,0,24.5,-0.1428124521352956,0.023718516739495172,994,10.547278801919678,563.2313808950141,52759.82694446193,563.1550425843628,52752.67607148892,0.0016803143302568592
1,0,25.0,-0.1302011443013491,0.02306239569470117,991,11.708333777268468,551.183622851606,46370.03683332755,550.911948219852,46347.1813598359,0.0016465807811895704
1,0,25.5,-0.1300189817886377,0.02458645098430415,1004,11.101574386346918,571.806895703996,51403.815535786394,571.4549108651987,51372.17309869642,0.0016893014702667537
1,0,26.0,-0.13597730239741423,0.02412378125481411,991,12.205403489262384,561.0633475155801,45278.91255615056,560.3535259100565,45221.628560414094,0.0016817399971589416
1,0,26.5,-0.1503652172756098,0.025032785538408566,993,11.813622823971583,561.6287644387851,46922.743239801806,561.3503502308423,46899.48239701597,0.001689711335111845
1,0,27.0,-0.14563210563712659,0.02520648372603979,998,11.605491490589028,552.0033260046761,47183.46481410813,551.5970478738227,47148.73746920133,0.0016426975767853751
1,0,27.5,-0.14443264359421448,0.025985845954683052,986,9.98253273559666,546.4008976503507,53640.984094938525,546.0848230649966,53609.95458550928,0.0016094151474576866
1,0,28.0,-0.1435008265469193,0.02582868217080582,985,12.305799838124017,540.1409811616936,42971.44659537317,539.8093720498268,42945.06510658024,0.0015985303394162806
1,0,28.5,-0.165202429194931,0.027339975496233588,982,9.291377946695764,531.3650103457095,55816.50569728932,531.0861467159303,55787.21285135992,0.0015789115044047544
1,0,29.0,-0.17222127475364957,0.02676107721231877,997,12.467204500825147,552.701635834963,43933.45124612312,552.396078250745,43909.16291701614,0.001642945918054623
1,0,29.5,-0.16289891504144194,0.028284985433849916,991,11.062599363077663,544.3438974838264,48467.699265247706,543.7878820223932,48418.19234453795,0.0016309671516400316
1,0,30.0,-0.15396838826304204,0.02931750601942978,995,12.591933080748662,557.9634743809122,43823.76181830161,557.5209830121142,43789.00750687581,0.0016638782507635561
1,0,30.5,-0.16264659015877214,0.02920617296359218,981,10.095980001970172,531.218603846282,51301.4228087865,530.8315737671021,51264.046117556245,0.0015704426640017486
1,0,31.0,-0.15012818501997316,0.03021445181534387,1002,14.842997168592088,574.0604398970397,38520.80490504368,573.234675812895,38465.39419395438,0.0017429344443144106
1,0,31.5,-0.1495316400366562,0.031033333708594735,984,10.071749724012506,549.9707941653602,53403.97164669006,549.5809732404699,53366.11875369831,0.0016577922208368932
1,0,32.0,-0.14101967820704786,0.032198963195750094,995,11.11435111447775,565.160240360145,50290.24834280194,564.8895312120434,50266.159545829905,0.0016936867467932158
1,0,32.5,-0.1478471242316317,0.031600289927906075,1001,13.882692628643188,554.8121779967788,39764.484590533495,554.2981728825735,39727.64482880174,0.001660580240949991
1,0,33.0,-0.15249174090319428,0.03223971306433876,992,14.292038232089833,564.0822118682253,38915.72719510859,563.6592389533829,38886.54652211696,0.001669919256907652
1,0,33.5,-0.1672556920660142,0.03211583258529528,989,12.859004301820757,548.7520720806041,41949.071187327834,548.5457964308018,41933.30255089251,0.0016441860509208413
1,0,34.0,-0.17174390365092762,0.033650910330510264,993,11.54667516708237,567.7947829990932,48534.61647710932,567.4553877366984,48505.60525793701,0.0016789759306609997
1,0,34.5,-0.1844886175542939,0.03435793170492351,988,9.956146428579913,550.0739637999519,54255.19163729293,549.7693462955535,54225.14643943802,0.0016397368642534545
1,0,35.0,-0.16189553815529223,0.03448660744176817,1011,15.382594249142322,625.9746885636256,40897.169347200346,625.4288528836066,40861.50794642917,0.0018734960498132508
1,0,35.5,-0.17662325503064125,0.03531402400142812,996,13.191377095857494,557.496815403257,41839.59288242508,557.2005266372604,41817.356699181655,0.001666574640380292
1,0,36.0,-0.1642702510706684,0.03637338592485827,997,12.517120004918105,602.958226920511,47737.14741437728,602.4100270485839,47693.74557171168,0.0018221759731853048
1,0,36.5,-0.17160257850709115,0.036545478200242294,994,11.734575087140563,577.7875100741242,48647.18626060948,577.3836328873459,48613.18156443824,0.0017438450995607266
1,0,37.0,-0.15881592205100503,0.03783805347826808,1001,14.525272312039649,591.4518289535022,40515.21769550204,590.7876903738701,40469.72334107357,0.001783360514314686
1,0,37.5,-0.16028753476892632,0.037140757106928206,995,11.521922042854772,572.2260974237572,49117.8128308075,571.7031279951825,49072.923031784674,0.001727037747108943
1,0,38.0,-0.16286168733335415,0.03825258353875332,993,11.034218223067953,592.4869425054893,52997.37601984135,592.0920348288105,52962.05191540528,0.0017690462307144903
1,0,38.5,-0.1612847777748101,0.037543925600609755,1002,12.662453476159811,567.2569755031008,44619.152888878714,566.9986956601928,44598.83717960321,0.0017138315674932998
1,0,39.0,-0.15740819648905102,0.039682659162931275,997,13.247004759478891,574.0418292525123,42943.70411410784,573.4180241084603,42897.03764806665,0.001760817065210934
1,0,39.5,-0.17934496698293145,0.03932663635631048,995,14.985124223345025,563.5811137588008,37195.66906486636,563.3449745515697,37180.08416396926,0.00170076001960305
1,0,40.0,-0.1703109363051567,0.04090675597614079,1012,11.791251081540295,594.1235742840692,50689.13481670152,593.8025019828518,50661.74173238917,0.0017873910267319978
1,0,40.5,-0.15998869674042737,0.040038594975146426,993,12.060039588395806,575.8394286390184,47127.00251942639,574.7855396598717,47040.75168958511,0.001742321394457781
1,0,41.0,-0.16941627537345738,0.04147676785099481,998,13.063361157636637,586.6834059131559,44551.31659018923,586.3313511696068,44524.58240582531,0.00176748947882293
1,0,41.5,-0.17004814954198366,0.04228135469939061,1012,17.338757878577745,588.9968520339359,34173.776304830855,588.8364240059897,34164.468221907955,0.00177768521144351
1,0,42.0,-0.1910160543580659,0.04307408765758052,1011,12.511496557109844,594.1664255455478,47727.08484133686,593.9150990461359,47706.89675826015,0.0017769037694227196
1,0,42.5,-0.1936240828659166,0.04359715393439116,995,13.227257519030212,561.5615816986775,41987.872656214175,561.1338448876096,41955.8908409711,0.0017082619534329732
1,0,43.0,-0.1956967529332303,0.04460342923269401,1000,11.489649375704253,582.1197992748049,50360.72568956782,581.4962732962642,50306.78280563787,0.0017398398202655948
1,0,43.5,-0.18117987327709528,0.04497294560189362,999,11.218575487868748,559.3775644597508,49512.696340919894,558.8067446536955,49462.170847016874,0.0016915815288896265
1,0,44.0,-0.17818322940988196,0.04660801239855235,1009,12.284529335908529,586.9409760664577,47922.21035883247,586.2108960661242,47862.601217911295,0.001777827019593321
1,0,44.5,-0.18847510976139858,0.046077573472018324,991,12.336054286861884,555.2900837070755,44338.3856565865,555.0505134917169,44319.25663391516,0.001685216259230308
1,0,45.0,-0.18246785216134498,0.047490957526258676,1005,13.35830098308373,575.1989569844071,43016.23078826393,574.6823988771966,42977.600011059796,0.001754251150256621
1,0,45.5,-0.18586723729969634,0.04741026858597291,987,10.650331980505104,556.4844101407388,51257.670403826625,556.3560154302975,51245.84399210787,0.0016880377269855612
1,0,46.0,-0.19917049838923617,0.04906793626662026,1015,14.058078783754752,591.1796226756927,42431.13504023596,591.0012481159923,42418.33244227743,0.0017922141007512102
1,0,46.5,-0.1848561317588704,0.04867628653414117,993,13.295766327361168,559.1355132195442,41506.95326316103,559.0152018146938,41498.02204748954,0.001707610163320968
1,0,47.0,-0.18215964714291033,0.05051121114274283,1003,12.131436283742335,579.1810588170036,47598.940647646166,578.7703784613052,47565.189630449626,0.001771920829017026
1,0,47.5,-0.18596342702825552,0.05011417353043394,1020,19.43928811776501,567.0517552590152,29578.78273881717,566.4348308058435,29546.60247626196,0.0017082274400495392
1,0,48.0,-0.18978974175627883,0.05276686252800181,1047,17.750143182250305,603.3667696650457,35385.90087821948,602.987065716581,35363.632223465924,0.0018337699102795443
1,0,48.5,-0.1853481868317246,0.05155305236532888,987,11.734046891820736,557.5173804769122,46610.0532314292,557.3646279853613,46597.28268469516,0.0016923623736909566
1,0,49.0,-0.19392381811176307,0.053489316337686624,1069,20.878015940186543,604.5814944039837,30782.145697781878,604.1210172383716,30758.700595122315,0.0018075202321100926
1,0,49.5,-0.19296498364340664,0.05361817304178404,1007,17.623924055532996,570.3845192922087,32396.582169352387,569.9188231918604,32370.13165838901,0.0017532610518047262
1,0,50.0,-0.20755853368518018,0.05493479098977486,1033,15.90921160542381,596.8726689734889,38530.396492230415,596.3900557731315,38499.241978162725,0.0017925214902595706
1,0,50.5,-0.20890185320672572,0.05566632587603208,986,10.46105535003611,558.1756878866704,52290.34316571595,557.4885842254744,52225.97474728771,0.0017026255066214836
1,0,51.0,-0.18875068741076717,0.056302358291645156,1034,19.16494085240746,596.354140907413,31988.20500277256,596.0552209756933,31972.171053480757,0.0018181620503781102
1,0,51.5,-0.21423572954171277,0.05635559224810395,991,10.731739869067706,597.4113726050008,54832.69341181356,596.7528375241453,54772.25055142405,0.0017944233134172879
1,0,52.0,-0.2269383764428312,0.058448510605570644,1027,15.331093959486703,588.296873358766,39178.620213701324,588.1360313883893,39167.908672033875,0.0017913571228601436
1,0,52.5,-0.2096122624551171,0.05870972931536076,1005,13.782893556647737,564.7513986952346,40933.83185306702,564.5283182903295,40917.66272837747,0.001749284891670299
1,0,53.0,-0.20093970336573364,0.05956207650902668,1025,17.53468621228323,594.6917713055874,34559.55285563597,594.1665397439153,34529.02987080098,0.0018092005121703855
1,0,53.5,-0.2002253232956761,0.05970721748221158,1006,13.585057010605867,565.6239018309383,41635.74001856268,564.6725761391266,41565.7126575388,0.0017186711035472885
1,0,54.0,-0.2353132286657882,0.06162217997735212,1043,16.72423748866595,603.2359404017682,37404.13699701251,602.685783869551,37370.0240920567,0.0018280071504527316
1,0,54.5,-0.2265795402179691,0.06136277629665699,1016,16.12462262810125,567.0823744378048,35520.40946273155,566.661663058075,35494.05731153226,0.0017181318881700645
1,0,55.0,-0.22606713272043066,0.0634248008049761,1046,16.890383958082815,587.633768712063,36182.66588712377,586.924451500553,36138.990746179596,0.0017710101414607703
1,0,55.5,-0.26157681495025287,0.06389981365461922,1004,15.672603061766225,567.3455545430893,36127.429579027055,566.9933559696386,36105.002278666136,0.0017162339267005526
1,0,56.0,-0.28518878845493134,0.06511639025127301,1001,9.93343802656544,564.4154818247508,56535.65290423443,563.9981037954435,56493.84551206566,0.0017107156212235611
1,0,56.5,-0.288730248110717,0.0665343446927328,1016,11.347683894094125,586.8488439606235,52232.450069278726,586.6144771960527,52211.5902678932,0.001783568501089346
1,0,57.0,-0.2910935702312827,0.06831006123762595,992,10.456794429061489,546.6230219131312,51542.593025300645,546.2127478446233,51503.907151317646,0.0016571217449525503
1,0,57.5,-0.2792994001116256,0.06933537998919749,1067,21.296798691339472,606.5784771708612,30219.554291040047,606.0835917413258,30194.899250235692,0.0017944416518047347
1,0,58.0,-0.28018713492324565,0.06956212150133284,1006,11.590796089477756,556.5198158470976,48013.942403172114,556.0747666270252,47975.54562553607,0.001694650753566111
1,0,58.5,-0.28416561931379647,0.07126240521964947,1030,15.433328370670456,588.8941787923486,39073.077731525525,588.2702618027531,39031.68089333216,0.0018016983870970242
1,0,59.0,-0.2835803471811573,0.0719213732560386,1016,17.05613503947586,569.4099624491598,33718.31078627087,569.4074568565346,33718.162414523955,0.0017586755606511326
1,0,59.5,-0.2716958657318642,0.07391014680783482,1017,12.81309475702503,583.6076214344373,46048.77404396951,583.2349266477926,46019.36706334204,0.0017700695175466524
1,0,60.0,-0.2652294116462812,0.07309991715390511,1011,16.871777936992906,568.7859932155612,33880.83492542232,568.7319921761462,33877.61824933668,0.001758089199697036
1,0,60.5,-0.27008376793551037,0.07395792103860944,1024,14.401873059833086,575.5736845430976,40684.56987716736,575.4563613277244,40676.27685633919,0.0017618348449451413
1,0,61.0,-0.2871278576384384,0.07507664100125755,1000,12.282113768956412,567.7612242053377,45949.31031224748,567.5449627122357,45931.8081193687,0.0017556705440153384
1,0,61.5,-0.3016359167531135,0.0770048663594526,1028,17.530735702801927,579.1049235247369,33760.43321146453,578.8029385906556,33742.82821143125,0.0017693211341636927
1,0,62.0,-0.3000189685781578,0.07716743753384994,1019,16.134526003248446,572.4126782227163,35938.709505495644,571.7373201724315,35896.307410460395,0.0017659346412143013
1,0,62.5,-0.30639019661751377,0.07992622369383269,1039,15.566758442051238,601.553179662891,39918.67908177572,601.2362041367195,39897.64479131929,0.0018734804917180314
1,0,63.0,-0.3076214757881246,0.0806572643602048,1002,11.911716585045966,571.1148271187549,47753.85342230125,570.8482296382111,47731.56183328251,0.0017624732620535998
1,0,63.5,-0.32259385945729946,0.0822595924043412,1027,13.115702898050774,586.8928427445452,45687.036150478445,586.7884377115059,45678.90867614011,0.0018300363942690269
1,0,64.0,-0.31171598284210944,0.08284487987530224,1006,11.438199947836887,571.6895924306091,49980.73080010487,571.1805118247491,49936.22374408368,0.0017459754805359059
1,0,64.5,-0.31801031019875836,0.08402557361462401,1050,17.01058020492099,612.3139264736234,37579.890370437366,611.2315018629291,37513.45811004698,0.0018517249914301996
1,0,65.0,-0.3237332157273869,0.08482454433742476,1048,19.037056773773912,609.243303228562,33347.14654203936,609.0522408980762,33336.68867816197,0.0018460027793989306
1,0,65.5,-0.3306894136571259,0.0871814504783333,1024,14.677037961259026,574.1363636675444,39822.12349360327,573.2317981502987,39759.38278945119,0.0017651730679886272
1,0,66.0,-0.3454685249873961,0.0873066115656728,1015,13.170882841585119,586.477697268902,44929.1063979356,585.9860580938979,44891.44271710678,0.0018027363222196562
1,0,66.5,-0.3632208389755789,0.0886700800441969,1033,17.013287825467714,577.6251760692403,34868.10203346463,577.4078213036486,34854.98150399657,0.0017667827759556651
1,0,67.0,-0.3931382407449746,0.0893620082523469,1033,17.66810509362912,579.2319687022882,33669.21515945434,577.7507718287484,33583.11712114949,0.001767234361035825
1,0,67.5,-0.38685720009122804,0.0911009660652511,1014,11.709749578686301,566.0646770055456,48728.044147089604,565.9229738561033,48715.8460404027,0.0017589269089571184
1,0,68.0,-0.39900424833257375,0.09234871187643943,1015,13.93489925600069,571.7207660929578,41397.231683564736,570.6315208975874,41318.361475611455,0.001784138877761788
1,0,68.5,-0.39621270516869345,0.09270919392081847,1007,12.903448252028932,559.9452903991693,43438.406908125115,559.4235265002613,43397.930467052494,0.0017450789804462235
1,0,69.0,-0.4080679759130561,0.09479178559876311,1026,11.427221471921499,586.4270571992085,52344.797885728934,585.6447163905666,52274.96571989793,0.0018067674618816117
1,0,69.5,-0.40649546910370304,0.09546493283014107,998,11.645158506465602,569.0499867886845,48474.87362073738,568.4787026912056,48426.20843302144,0.0017718008496193038
1,0,70.0,-0.41068586854768796,0.09841385989245706,1018,11.838897748741473,577.1941393392663,49339.09232161685,576.8336360919072,49308.276168452074,0.0017803445686154227
1,0,70.5,-0.4112375260300354,0.09763500292026801,1000,10.651399656879871,564.6640427694429,52695.05197378366,563.8836857165535,52622.22821957676,0.0017522698671355104
1,0,71.0,-0.41185046795941105,0.10066110019758877,1012,13.91897826827521,577.9939543201184,41774.75579305519,577.656703586793,41750.38085466631,0.0017825950072412624
1,0,71.5,-0.42022677440675693,0.10165852143632724,1011,12.289311520964198,574.1418963285474,46952.394755871464,573.2100538192802,46876.190184100626,0.0017745917642905567
1,0,72.0,-0.42765668792843314,0.10360833274891797,1014,11.540788587741819,569.6052453643698,49750.680636948644,569.4560281632666,49737.64765072171,0.0017335644047024458
1,0,72.5,-0.44365677082377886,0.10425064274570373,1008,11.968011834061592,584.6718719766203,48950.587937525146,584.3228436467863,48921.36617610456,0.00179997227143322
1,0,73.0,-0.45155794787821435,0.10571193137723502,1017,14.75946793170285,578.7969507957132,39646.66747895116,578.65058649831,39636.6417581488,0.0018423080851430954
1,0,73.5,-0.47005005837760905,0.10620854167027154,1018,11.421806529093281,577.4326555767352,51161.94587565348,576.8850838478197,51113.42968092973,0.001786127661856532
1,0,74.0,-0.47199631017703325,0.10800211981828364,1006,10.530273181974422,572.9718930517555,54411.87357157656,572.6380868411392,54380.17389913238,0.001773653421144636
1,0,74.5,-0.46445947234307994,0.10926052969686824,1019,14.639559517897617,587.3624037665005,40643.17060141387,586.6821147352948,40596.09727330117,0.0017855513965625946
1,0,75.0,-0.47409721398786075,0.11006535048408685,1009,11.866581544166833,568.887459415492,48084.119227598545,568.5331455737887,48054.17153104367,0.0017701736508782843
1,0,75.5,-0.48047873244117056,0.11183420400479416,1039,16.67435698018792,598.5698445448548,37082.24851785958,597.835973865025,37036.78419121928,0.0018644461445779302
1,0,76.0,-0.49230889799584077,0.11306837814004893,1002,12.404330055140294,562.4937117261903,45165.17493398391,562.3294044324398,45151.98195509282,0.0017386350585323624
1,0,76.5,-0.5086527480689682,0.1154463161548917,1016,12.380183172355036,570.5743774599576,46548.59408876853,570.2980212337058,46526.04839743032,0.0017697288047379817
1,0,77.0,-0.5002782493360485,0.11648694567948913,1025,15.933936435188656,568.3856236359361,36349.14403235231,568.1252917837822,36332.49540579203,0.0017691655183896659
1,0,77.5,-0.5040617599469073,0.11843693534824232,1022,14.95646998153503,576.7776937729117,39180.778458870984,576.1385414215588,39137.3605407542,0.001783489275172581
1,0,78.0,-0.5085199003277694,0.11876246313115336,1014,16.82407732408643,578.6974621908761,34672.15649640855,577.7108846883066,34613.04656107995,0.0017847693264707643
1,0,78.5,-0.49062495556161423,0.12144077364195349,1011,14.23693137077316,575.7066861743551,40639.74212820876,575.6541499345551,40636.033539635566,0.0018062229782858082
1,0,79.0,-0.4881549905089315,0.12193975448778097,992,11.270413668037028,550.7516593250441,48182.89302322256,550.3537643002819,48148.08289947989,0.0017122131142583942
1,0,79.5,-0.4842244454183202,0.12410474269450987,1016,16.48182379182756,582.1218478769291,35672.20920340305,581.5690649625797,35638.33487307743,0.0018107615621096784
1,0,80.0,-0.4917106523849384,0.12497497312326245,998,11.617507038623895,573.5023725571715,48970.43330253946,572.839212444854,48913.8071408998,0.0017582790498626255
1,0,80.5,-0.4832325758385565,0.12614383706092405,1022,16.7212025226919,574.206322693997,34889.45385748381,573.9291167491009,34872.61049710753,0.0017627618291086312
1,0,81.0,-0.491135734546404,0.12755302198014343,993,13.550600869098766,570.5133280019527,41555.10594530397,568.7322728227043,41425.377272834034,0.0017832345433488033
1,0,81.5,-0.4915640026054291,0.12935553134868322,1018,13.060515856785045,568.5023996997863,44050.66651309167,567.2583374866904,43954.26978776638,0.0017559425435716251
1,0,82.0,-0.4950404640133286,0.1303234203591819,1000,12.199389013823314,577.6166127465411,47063.90725137814,577.2977418636223,47037.9258143355,0.001805484717027235
1,0,82.5,-0.5271812535443416,0.1328109549805067,1016,9.796493128321982,560.8740925150254,57825.06311390708,560.1289850497657,57748.243936875595,0.00170793255239626
1,0,83.0,-0.5245070223993622,0.134070910943858,990,13.821138015588534,557.3922016887248,39683.702300280514,557.0339208649949,39658.194391297,0.0017702312691422325
1,0,83.5,-0.5280662671191294,0.13641635071672373,1006,11.090536720357248,578.50813499985,52162.320867480536,577.9073932668222,52108.1538106306,0.0018233670601927989
1,0,84.0,-0.5163779519461684,0.13742569820429026,1008,15.81937894384304,570.5355841786849,36137.74329424866,569.9040254488929,36097.7403428371,0.0017885834228650666
1,0,84.5,-0.5262138395629279,0.13931791186347542,1023,15.306529601349332,573.3281952429217,38093.20530178512,572.9111005514092,38065.49259927737,0.001796428044370669
1,0,85.0,-0.5257754506088617,0.1396811684681528,1017,13.491199665608313,588.762471817385,44120.52847492544,587.8777288935598,44054.22784057434,0.0018399263693105723
1,0,85.5,-0.5279818273274941,0.14212555802513988,1017,15.238049437275532,573.0455651337953,38019.89675483367,572.7760162796678,38002.0129769496,0.0018055351586976616
1,0,86.0,-0.5351876647193876,0.14260115114344454,1014,18.462607155503456,571.940693792238,31226.154274247456,571.1024462043503,31180.38860521306,0.0017918045459592079
1,0,86.5,-0.5396034295379337,0.14472784240808118,1005,15.712384844486694,560.0118881007887,35605.790066235146,559.1162403681315,35548.84440879482,0.001795866949664629
1,0,87.0,-0.5417724854875701,0.14637628034012265,1042,17.77547984068862,581.8993189896704,33914.56657577038,581.3163585763126,33880.590165926515,0.0017735903864819311
1,0,87.5,-0.5446993255903578,0.14843928880580098,994,13.579877925853008,548.4441175016708,39901.8894757564,548.0783610935976,39875.27897651999,0.001751891050533479
1,0,88.0,-0.5402110560821001,0.1494401141767406,1014,15.96891534795779,566.5728222982966,35763.5689358025,565.3578296489825,35686.87539940241,0.0017483890551015801
1,0,88.5,-0.5645839350590052,0.15153338587268741,982,10.043825885825793,535.7893031530173,52064.85713928224,535.044161394554,51992.44864031707,0.0017112473958108563
1,0,89.0,-0.5579190875868676,0.15334835612737974,981,10.32013564047045,544.6836455407209,51459.26108951741,544.2301182026924,51416.41386638172,0.001729223351436565
1,0,89.5,-0.5714285529738561,0.15442545516619674,995,14.109503899888487,556.6707142117914,39019.60977946311,556.0997714486822,38979.58977615744,0.0017702040853532837
1,0,90.0,-0.569566245314121,0.15667746363407228,991,12.68441965957496,549.5849577610484,42677.646902512875,548.6105111853377,42601.97691501364,0.001742085430926218
1,0,90.5,-0.5650861232811053,0.15797816884017715,991,11.964818930341648,544.5351927982749,44828.69051583593,543.8430899848166,44771.713366810494,0.001718293268980492
1,0,91.0,-0.5740190861928625,0.16037734862358033,1006,14.998984743116834,565.089504857952,37675.18365649891,563.7105156182009,37583.24481774626,0.0017840698674625884
1,0,91.5,-0.5796913294934711,0.16120782690850158,991,11.8258420892986,546.5605334562453,45524.21057115031,546.1853888110238,45492.963961162386,0.0017392060080877847
1,0,92.0,-0.5710903300764159,0.16241125891797262,987,14.5047860200878,542.0574677106629,36660.89076307114,541.1637289636126,36600.4446655112,0.0017037398442800778
1,0,92.5,-0.5774255436347886,0.16415800834261168,985,10.393380185969399,540.0695305201521,50871.618368486925,539.6698926934129,50833.97465437495,0.001710191182583721
1,0,93.0,-0.6007512973847184,0.166172941206833,1010,13.194555982738564,563.3878569533035,42869.30224261449,562.255963746328,42783.17423790633,0.0017818515585524362
1,0,93.5,-0.5953514202791297,0.16822207933689487,980,9.822278692744199,536.6585795026439,53216.312913387614,536.4993879187396,53200.527105677094,0.0017098053184563093
1,0,94.0,-0.5919279421696757,0.16977934614907392,993,11.789594091264076,550.8920727801417,46119.524694823594,550.830706933559,46114.38727532396,0.001745433229951001
1,0,94.5,-0.5928598617511369,0.1704887970630727,991,13.068361511127819,557.3068797702505,42005.82269676757,556.9053676152403,41975.55957064053,0.00175651774336075
1,0,95.0,-0.6159238513623677,0.1730854702913828,1007,12.865656724623495,568.0962907421907,44200.183418897686,567.3581163043702,44142.75046945142,0.001796973259947054
1,0,95.5,-0.6157227650666641,0.17424297534423802,1000,11.948368601397657,556.9661947683744,46334.727030015136,555.6467541458246,46224.96108433941,0.0017925279975453377
1,0,96.0,-0.6181363082462497,0.17716883030394795,1008,15.027589205773875,575.593921294181,38379.08404597414,574.7158407106682,38320.53594936116,0.0018665846722183779
1,0,96.5,-0.6100131548671897,0.17782664308687304,1006,14.634380933913738,562.7440128463343,38453.55778201936,561.6463420343476,38378.55147892095,0.00176547082514847
1,0,97.0,-0.6332082724472485,0.1800778507357272,1000,12.418731743285196,580.7508481036473,46483.5182004115,580.6066430762082,46471.97597530852,0.001860965653762629
1,0,97.5,-0.6249028606999332,0.18167749807507608,1003,12.068373274357151,563.8522993142587,46581.31876073089,562.6313335989809,46480.45157751916,0.0018097636197173092
1,0,98.0,-0.623051717948897,0.18317241105765358,1015,12.277498732798673,577.450211432504,47456.51178760752,575.6674946982433,47310.003021936565,0.0018228576009290567
1,0,98.5,-0.6034987249856556,0.18434202204890432,1011,16.512598563448844,580.9259281639166,35356.67360660384,579.6089931007142,35276.521489211,0.0018320345429700268
1,0,99.0,-0.5901823863179914,0.18808056797257774,1000,14.663334779818316,560.2387779896153,37977.5374213053,559.2184103431048,37908.36860971768,0.001779898118490481
1,0,99.5,-0.6025505971033596,0.1888270499410221,995,13.00673402952288,570.7555207706462,43398.8431500875,570.1876906758921,43355.66674912188,0.001791315919596478
1,0,100.0,-0.6216682950118155,0.192302552749797,1003,12.686038937853436,565.0577764193575,44408.077718341316,563.0839800705901,44252.95640984136,0.0017582499418617177
1,0,100.5,-0.6268379021977637,0.19283461459228568,1004,13.239085538889956,565.9775958075589,42665.00423739266,565.4421474490887,42624.64061407566,0.0017616462848468544
1,0,101.0,-0.6490549246165642,0.19595401207173713,1009,13.789013163536989,559.4491751843486,40693.812969424136,558.4950758854378,40624.41267330011,0.0017343762106124757
1,0,101.5,-0.6376320273078591,0.19683951280955325,1004,12.884761770964927,559.4271918737035,43330.90106082302,558.0433910739675,43223.717612445376,0.0017369838203543774
1,0,102.0,-0.6389408016704721,0.19876377449843413,989,9.174979143448336,547.6344844383104,58673.125005114125,546.609652692699,58563.32534342711,0.0017050437856944477
1,0,102.5,-0.6322860339258938,0.1997963326019768,988,12.140683627244998,566.6162833268053,45830.79563808605,566.1120936028975,45790.01421884485,0.0017505537215699327
1,0,103.0,-0.6525691510127842,0.2035629462055357,1000,10.50859309780941,557.8091760237089,52762.75480522205,556.2265087873061,52613.05148924606,0.001713252309597521
1,0,103.5,-0.6628413304790968,0.20413427787076527,1009,10.185476725881967,580.8360254688681,57196.9824509936,579.9867541666697,57113.351695258774,0.001758264703080797
1,0,104.0,-0.663378742582907,0.20666919223705252,1009,13.822592385857465,562.5181099458156,40817.64465925494,561.749280391244,40761.85656815676,0.001742733384615175
1,0,104.5,-0.6471571510557794,0.20926040834102236,1003,11.47176906176145,579.9536896667516,50403.1963583626,579.0884842523767,50328.00221929933,0.0017607595014220091
1,0,105.0,-0.6320123690145181,0.21068609144908643,1010,14.23158898269119,563.9130603021506,39782.53680821921,563.3933548516511,39745.87299837084,0.0017287228209159327
1,0,105.5,-0.6462057862158872,0.21286701189584517,1003,12.642239151054074,564.5241190091876,44519.84651826752,563.087222068393,44406.529072453115,0.0017093558452844517
1,0,106.0,-0.647979867399556,0.2154124608162067,1003,12.320620740548456,562.7905006923803,45541.70938349373,562.3853337663395,45508.92277040262,0.0017300619829276381
1,0,106.5,-0.6537379867025521,0.21773614470612165,993,12.698947295887955,571.688917029738,44433.36506255629,570.5093009633297,44341.681789099275,0.0017213579149330466
1,0,107.0,-0.6715342237690152,0.21863752256658414,993,12.18379501779637,572.0171077876522,46338.672356334995,571.9309829549551,46331.69544891429,0.0017167167497571568
1,0,107.5,-0.6665141405562025,0.22168883787176524,1015,13.591478315400007,573.7537354830727,42594.15390057093,573.3267695533473,42562.456934788715,0.001770134814984254
1,0,108.0,-0.6730292377646663,0.22301978228026773,1021,15.810730992804903,584.8536562433335,37545.794774266236,584.6109576826852,37530.21427775598,0.0018048559344413786
1,0,108.5,-0.6770972498357679,0.22632413308389415,1011,12.676723521941087,605.5441833264284,48007.034561393884,604.860937253229,47952.86738622619,0.0018573333354264439
1,0,109.0,-0.6710266688507858,0.22725992990563623,1015,14.02930127789896,578.3647366981992,41596.51345201412,577.7691108865331,41553.67550648381,0.0017805621037017788
1,0,109.5,-0.6593100000244618,0.23088725528199067,1006,10.493013228928657,584.0695518381123,55662.709947593015,583.9283865172159,55649.256679421465,0.0017448291067722875
1,0,110.0,-0.6574014285792487,0.2319451175899199,1004,14.996630903930747,576.3583373710136,38355.656305811004,575.6216848400261,38306.63334654535,0.0017401956941954686
1,0,110.5,-0.6603858307132384,0.23432897351874682,1005,10.849056560842065,558.8163324435504,51456.779949516356,557.4895005585759,51334.60296153071,0.001660176474241897
1,0,111.0,-0.6721648559232136,0.23643097556933038,998,11.65340726554715,560.2322711270858,47689.95026897617,559.4892849271132,47626.70333238691,0.001725829604783369
1,0,111.5,-0.6829035454679939,0.2396006118005211,1007,11.621079833138298,591.8663458830048,50981.33914711204,590.942260791224,50901.741623460686,0.0017922861830692504
1,0,112.0,-0.685140963559931,0.24067818401805915,984,9.87430942534312,551.2978806196307,54603.24403671028,550.6208805758818,54536.19063436428,0.001652963208677333
1,0,112.5,-0.689053474350672,0.2426308640745285,1021,11.696419613947509,607.1944898049009,52691.5438650182,606.3172167977209,52615.415260566806,0.0018381378653366844
1,0,113.0,-0.6952746704816519,0.24475251745548293,996,12.99858599803462,580.2366530223132,44192.05955008832,578.9722632626688,44095.76093251274,0.001733857330285927
1,0,113.5,-0.7039729554492453,0.2472792330990111,1016,12.933553603526963,576.3669902083049,45009.33602282683,574.2407050492435,44843.29132417059,0.0017056789335524447
1,0,114.0,-0.6980274017478649,0.24949189118780568,994,13.367419637041687,553.9437591320531,40942.56400134898,551.7881121783278,40783.237874982835,0.0016751943111362466
1,0,114.5,-0.6778542654400752,0.2525123112747485,1016,13.73946950138531,611.045051245265,44918.43747646092,609.3371052066835,44792.8849215538,0.0018431945467188764
1,0,115.0,-0.6861749015878047,0.2537769982491692,1007,14.2281036913251,568.6454746794673,40006.323576429764,567.8642652239478,39951.36258641029,0.0017058188311659692
1,0,115.5,-0.686611337614508,0.2561178249178802,1171,19.84195693429165,59232.61564474611,3477781.8263918483,54622.564161028444,3207107.4167901822,0.16755355890446805
1,0,116.0,-0.6877705529471285,0.25762840380038393,1131,20.126438970058473,67709.33227914841,3784723.1160645136,46867.59808393299,2619740.5275152572,0.15498258324432576
1,0,116.5,-0.6876239279338279,0.26070781185712005,1055,14.409268610722176,65221.18850130009,4748126.264157054,50487.15976190748,3675483.6085734265,0.17449776348147117
1,0,117.0,-0.6872268766340142,0.26241365167526937,1011,18.36150003713174,66815.47761024038,3657084.3810417275,40798.15721758224,2233050.0188303306,0.1510092370068831
1,0,117.5,-0.687972206442268,0.26451070968886187,930,11.555314591723718,63730.30174561521,5096079.240899685,37963.46168438518,3035680.103551318,0.1515601340932143
1,0,118.0,-0.6853710721667028,0.2668071516844641,853,11.789137402880575,60935.28718897582,4377944.414868854,25087.851807378825,1802456.766315893,0.1074399133587449
1,0,118.5,-0.6876365571354626,0.2682153449375054,797,10.403900482160871,55553.11648056981,4223657.772532243,24274.52651991805,1845572.293792946,0.11329460038160272
1,0,119.0,-0.6860985530486801,0.2680620618007285,751,8.41915491699938,60494.16303109606,5353049.314625159,27296.60037045925,2415440.442238585,0.13306635942978065
1,0,119.5,-0.685366688500693,0.2701747572987673,724,11.68181365662209,56624.20968073821,3480297.130721923,25724.2040479765,1581088.2667159322,0.13418317996236387
1,0,120.0,-0.6868211781979596,0.2723692897309544,655,7.661218193165776,48859.59842469597,4139012.697212387,24919.055562568272,2110952.4167492753,0.13857710750508934
1,1,0.5,0.009857674647763659,0.004937453978605895,0,nan,nan,nan,nan,nan,nan
1,1,1.0,0.004462103590614053,0.0049739891940164095,743,13.65367367549652,63592.35130848301,3432597.2649004026,25301.118691215637,1365707.4951842823,0.12086246621217268
1,1,1.5,0.0022659826618445233,0.0033621584531902484,757,8.926358804082266,58722.92015909656,4940526.591796082,25596.12236796702,2153474.7056719447,0.11801186361628387
1,1,2.0,0.0031822604225664186,0.005010868650574329,846,13.856138891367092,63497.2048796091,3849387.806880534,24221.352065048348,1468369.7885936259,0.10563243743777861
1,1,2.5,0.002197207918797961,0.005448767821541114,894,13.866642700235543,62097.93286702394,3976662.958581934,23778.88375474098,1522765.7646252983,0.09920476548691508
1,1,3.0,-0.0010407421982021603,0.004952578489259556,996,14.432061269098625,55790.9735564744,3827108.462958965,40209.73912513652,2758278.3215533975,0.15280901028722446
1,1,3.5,0.0031400551596454385,0.003620717596838371,1082,19.5744966817,59847.8697583457,3289806.5736823482,57640.639929033634,3168476.2868831926,0.21025516192445254
1,1,4.0,-0.00034305272576373724,0.0019469252503185749,1186,18.466662782098936,63227.800721269676,4040188.8382031806,52661.90064809831,3365039.124719047,0.18275894975356197
1,1,4.5,0.00038504857894672284,0.0005871959227619137,1171,18.19582530230988,54134.326960818915,3465986.8327790564,52065.71057637269,3333542.2721262383,0.17432214759657721
1,1,5.0,-0.44227727219250923,0.0014045578986107011,1051,9.617373895007546,856.6125078480907,93077.39102936814,847.9560412672547,92136.80083544114,0.0027949348493474997
1,1,5.5,-0.4403911870467283,0.0002476156573434576,1033,11.190077837667275,662.0163880966835,60758.36472617661,661.4360618698911,60705.103699438296,0.002115231151899958
1,1,6.0,-0.46400304162123884,0.00044791270740380764,1036,12.792169189387876,724.5690605951014,58340.85848646177,724.3180196467129,58320.64516900075,0.0023072683490909995
1,1,6.5,-0.47257187070122786,0.00033863221369710066,1058,12.524647221245512,712.0308448501842,59806.590600952986,711.6138841226096,59771.56824242585,0.0022804841961307416
1,1,7.0,-0.4868064627604056,0.0008061161909946767,1018,10.812802532351732,581.8865590970772,54460.3673325537,580.6131440995098,54341.18491211437,0.0018686728916291978
1,1,7.5,-0.4817800574160618,0.00017213887415228068,1003,9.24877431508225,568.6227971540974,61296.43879818182,568.2382953020783,61254.990241497086,0.0017763908513939949
1,1,8.0,-0.4850851039902224,0.0017894252763833867,1070,11.556790690543576,656.2211636088874,60416.367897982185,656.0547396426102,60401.04572897692,0.002038422202805239
1,1,8.5,-0.4809417630980075,0.0009232829613519994,1055,8.872554712628347,626.0108601829663,74013.11275063409,625.3175831292937,73931.14677207917,0.001915532225457322
1,1,9.0,-0.490213287213642,0.0009595395274037597,975,11.484413206155072,533.1408655567566,44983.88288986486,533.07333539279,44978.18501678167,0.0016510129121655992
1,1,9.5,-0.49291541311943377,0.0007204011124643674,1075,9.954656818846257,641.427722953996,68880.95173102035,640.9692564084557,68831.71841779808,0.0019795415846308017
1,1,10.0,-0.4983933023249225,0.0001180156327336999,969,7.573710297272692,523.7870684979755,66599.71495677467,523.7691320428626,66597.43433002822,0.0016152926350975127
1,1,10.5,-0.48319390261546324,0.0004923172949082284,1003,9.265382735985266,573.0925092700312,61667.52610478774,572.0764874542552,61558.19724280837,0.0017326952071878142
1,1,11.0,-0.4863820264383918,0.0008462746825050612,1035,8.98428913095873,604.4129537214479,69225.39115935614,604.0301059484564,69181.5423525484,0.0018570665026952948
1,1,11.5,-0.48534444560595524,0.0006485674132736841,1072,11.145714323829699,638.6804001959647,61084.76198365024,637.8094833417313,61001.46562958634,0.0019570389798608634
1,1,12.0,-0.4890467476282172,0.0004237832611213235,1038,7.945309263227773,596.2918798710547,77451.13495770129,594.5940184099385,77230.6031986694,0.0018215267144637236
1,1,12.5,-0.48629686585356247,0.00015166846311056236,1017,10.773364329067551,580.7658335573177,54500.54781330014,580.5828023996697,54483.37170240942,0.0017965433983095445
1,1,13.0,-0.4868866779082506,0.0008194669925552693,1004,9.465246551460401,565.0411400846542,59577.00676243648,564.6444501290091,59535.18042716022,0.0017373392358086379
1,1,13.5,-0.4744926818117392,0.001356661233860556,1030,11.08715084988713,596.8051104668021,55120.42195441282,596.1231107876563,55057.43303319214,0.0017974244829309332
1,1,14.0,-0.4680529929244024,0.0009764713650003041,1020,8.34956985295017,581.9403903954066,70672.80904925245,581.6409325531287,70636.4418761624,0.0017845658715165253
1,1,14.5,-0.46156933706671666,0.001250015105998626,995,8.870015358010122,555.1321305023712,61896.812452646336,554.7332950488382,61852.34260139766,0.001678803964083665
1,1,15.0,-0.4673236830885852,0.0016313128138787166,1057,10.515478923182563,607.6723562940119,60735.573826979984,607.6547109289038,60733.810209852876,0.0018537046765485638
1,1,15.5,-0.4550825993292076,0.0015079589572879345,1040,11.005903606778954,578.8234879698933,54380.22246462605,578.7366907019402,54372.0678979253,0.001754425688640283
1,1,16.0,-0.47211499413936764,0.0008801637022652986,1003,8.339266424415852,560.1614946755145,66970.04050096749,559.977617779369,66948.05712064037,0.0017080073351862259
1,1,16.5,-0.45627749430249764,0.0006092129233141682,1025,8.259801446274146,579.8140778964774,71530.8411733098,576.9372507237551,71175.93108157553,0.0017552066385521654
1,1,17.0,-0.47314952668600085,0.001240620997420271,1047,10.443506902337202,610.2009771077055,60824.32109342148,609.9997116333482,60804.25911991341,0.0018785094557782621
1,1,17.5,-0.4770184284991572,0.0005884398701384545,1048,9.272555646665264,595.1321571888204,66877.755326685,594.7733374399331,66837.43309055206,0.0018096948835698372
1,1,18.0,-0.48385497713685766,0.0012946312748112398,1054,9.451136811037856,613.512313430491,68030.00711239828,613.4015284769339,68017.72259746118,0.001899542375991353
1,1,18.5,-0.47563355369230464,0.0014511233167614544,1041,9.007417600660407,595.883720977739,68470.19629319082,595.4803173791788,68423.84308264585,0.0018432037443186014
1,1,19.0,-0.4851367866636984,0.0010017370738617188,986,9.014684585095923,537.5531094361785,58438.21181701937,537.4171121460083,58423.42734584807,0.001649265072059048
1,1,19.5,-0.4867177426200442,0.00042847421305100113,1059,9.971153384521013,624.5096808256699,65951.11603942297,624.479088777902,65947.88537742657,0.0019223297462230276
1,1,20.0,-0.49361916887640334,0.0007658090920198285,1062,10.315889739838216,635.6698079613492,65071.19929896732,635.3862195511001,65042.16938794894,0.0019570311434774453
1,1,20.5,-0.47027161156368535,0.0007866654350297726,1001,8.402111103588823,557.8628180070265,66063.57581726108,557.3203290310755,65999.3328520805,0.0017296595547947266
1,1,21.0,-0.4754135032511684,0.0009859675861812658,1049,9.01087308216394,593.0975611409701,68650.47932974286,592.9942314067805,68638.51901116139,0.0018120873943943097
1,1,21.5,-0.4667141208024326,0.0005389826238083111,1031,8.868354430443139,575.6486679120951,66533.18710226764,574.9446149668213,66451.81301256861,0.0017662263907809409
1,1,22.0,-0.4807743625589147,8.803002593102206e-05,1071,10.690244762257283,629.1235528467656,62675.51386169843,628.9514987819849,62658.37322712303,0.001908796824270568
1,1,22.5,-0.4879019618488485,0.000771980173763142,1035,8.517438648499525,608.2597943575823,73484.45398009574,607.119308832608,73346.6708209056,0.0018320152958065496
1,1,23.0,-0.4930849704501199,0.0009925908493596254,1020,9.798691925606715,567.2329599544528,58699.08205713912,566.9232613858683,58667.033458108875,0.0017198530439904124
1,1,23.5,-0.48186460044115975,0.000605535814770392,1060,8.730387577912026,607.9230522155804,73393.17886142057,607.3490849356082,73323.88508635138,0.0018859963965241818
1,1,24.0,-0.4860789722593921,0.00045497677233059786,982,8.751168129880842,527.4845813086004,58829.283555794726,527.2260411031073,58800.449092004725,0.0016092979516955596
1,1,24.5,-0.48170759632662197,0.0006963018032051431,1069,9.510715380500079,638.3403526637223,71346.45163210193,637.9828223996666,71306.4909503355,0.001945857759367429
1,1,25.0,-0.47833952037386496,0.001765090382407727,1026,8.932666018963332,582.8191349730013,66550.73820183556,582.7087616424941,66538.13493234375,0.0017724607642198979
1,1,25.5,-0.47352049954512054,0.0011994998434320151,989,7.9788746774409605,546.1671007942781,67287.967512352,546.0993842692629,67279.62481406672,0.0016641065490764434
1,1,26.0,-0.48208444216467683,0.0009221687882781911,1031,10.42969337613733,571.4088896959631,56156.407558289684,571.2758948672721,56143.33721245189,0.001753183306324403
1,1,26.5,-0.4903214199711492,0.0005791527695241378,1010,10.732139327338281,560.5212660172746,52437.20137398894,560.3251944154357,52418.85872279499,0.0016991263318007568
1,1,27.0,-0.4966314023516567,0.0002768143500477506,1064,8.280236926219034,619.0887736909488,79103.52425919188,618.9499164722852,79085.78190004743,0.001894315540079142
1,1,27.5,-0.4964521310707042,0.00025817558063238053,991,7.36847201179259,546.6905193958,73080.30223132517,546.4706702853739,73050.91331956393,0.0016662169994797313
1,1,28.0,-0.4927088274457958,0.0004967276151129982,1022,9.106137783641925,594.4328797918105,66322.71773367973,594.2327892489873,66300.39301200975,0.0018388179840984331
1,1,28.5,-0.4894755747994779,0.0010232502085492587,997,6.6721624573914715,539.7517934709961,80168.01610356437,539.3462388889724,80107.78007164039,0.0016400356245523029
1,1,29.0,-0.4906175663179084,0.0010563558248704215,1010,8.820010524630506,550.4543467756995,62659.35427395134,550.1553804502339,62625.322320142535,0.0016844365418098384
1,1,29.5,-0.4824097856225755,0.00012099018793489732,1006,7.287386174174994,564.5579187230795,77470.564236565,564.3359484339692,77440.10471598999,0.0017220125188714725
1,1,30.0,-0.4813546048892192,0.0006073261876533416,1012,9.688319179281425,570.7054759188036,59259.991145017084,570.6715804130662,59256.471558374564,0.0017549866519653886
1,1,30.5,-0.47290163247810213,0.0002587712646989301,1016,7.991471004236981,560.7261464090614,70867.2292714181,560.3800229587617,70823.4845484982,0.0017064555678437485
1,1,31.0,-0.46556954868092504,0.0004712241053152247,1045,11.979004784598505,601.3388399840067,52157.17548979372,600.9938970993081,52127.25683931763,0.001848626104238372
1,1,31.5,-0.4566107634787251,0.0015944224069871094,1023,9.077562005007403,590.3313802092913,66137.47318296171,590.1664251612711,66118.99252882309,0.0018061026092181438
1,1,32.0,-0.47229653833419505,0.0009964841642598813,1008,8.429683884863152,551.8148984695371,65591.84612596563,551.79285543102,65589.22596548326,0.0016825882946746962
1,1,32.5,-0.4588063421862927,0.00019439015772654375,1031,8.376444258472294,590.530833634547,72261.46152207606,590.1849177753337,72219.1328507744,0.0018159384973934977
1,1,33.0,-0.4713184868472027,0.0005498216179418002,1058,10.376963188187162,618.2176296950298,62673.91862578141,618.0755671717353,62659.516553441405,0.0018664721201227766
1,1,33.5,-0.4800442744204645,0.000777701280729242,1051,10.378246173416432,622.4148647816525,62671.81591460677,622.3201005792826,62662.273975648895,0.0018978139887354684
1,1,34.0,-0.4786019427294903,0.0003275149372861712,979,9.644938613939868,528.6537254269961,53331.60691111415,528.6245383747752,53328.66246502199,0.0016027210740665388
1,1,34.5,-0.48441463074027524,0.0016947261039441197,1006,8.028582197070543,555.6697389276316,69211.44048701195,555.4388147979861,69182.6777336419,0.0016758055170021182
1,1,35.0,-0.4837619290320063,0.0010646179522419107,1057,8.950907896475286,618.8888113702832,72668.84524711785,618.6263744181766,72638.03035773968,0.0018640276969547837
1,1,35.5,-0.4770179553034737,0.0003199349307758702,1005,9.47924945033199,548.0530317196204,57758.26256673999,547.5450639644199,57704.728814927235,0.001657216751011248
1,1,36.0,-0.4708536032667183,0.0005673723310396657,960,7.85321665571937,513.4943281496438,62378.7182412691,513.2923325459943,62354.18004064003,0.0015701723699531858
1,1,36.5,-0.4615821695682456,0.0020785281401461395,997,8.714229488757727,552.2755699817418,62805.90734476149,552.03695845988,62778.77195448171,0.0016971073306071935
1,1,37.0,-0.4628941720485642,0.0009419397302050269,1026,11.714653591368894,576.5634073157546,50201.6274638599,576.3502168668716,50183.064878448,0.0017890760750941205
1,1,37.5,-0.4481737777824648,0.0012641407078070358,1013,11.045046471731766,575.933700669356,52509.08070494592,575.7839398394617,52495.42669669077,0.0017672402535326554
1,1,38.0,-0.4620943451979329,0.000801058659771555,1042,8.421568583093197,599.4217102040202,73739.33794448475,599.3179095837015,73726.5686555347,0.0018277131346538917
1,1,38.5,-0.44064426433841675,0.0005858607990536831,979,8.377566206009142,533.7515988017302,61991.78769384908,533.650553199888,61980.05190231073,0.0016335854756073622
1,1,39.0,-0.4659327340252162,0.0003820590698606744,1062,8.33936422310542,635.6243771396605,80488.07130881402,635.0682967808708,80417.65576595346,0.0019300952977993164
1,1,39.5,-0.4570956154627268,0.0004904130823245202,1055,11.413392910904825,602.3528166174053,55361.98653320219,601.9301738242759,55323.14161710636,0.0018468381333116945
1,1,40.0,-0.4673291872944887,0.0005698353735701825,1058,8.45403729309338,614.0213898291096,76407.3400324292,613.3607406801092,76325.13044656468,0.001861498019419498
1,1,40.5,-0.4415215329333364,0.0004777679527700607,1004,10.56394414686719,549.744724110761,51935.64326305569,549.2377406663787,51887.7473758322,0.0017255031432748993
1,1,41.0,-0.45995629734834864,0.0013446230169108775,991,10.810454352987884,551.665790620331,50265.30671311138,551.5100631032891,50251.11752186394,0.0016922304512286155
1,1,41.5,-0.4486880755165288,0.0012112470902629557,1051,10.906961991139301,594.1008756658899,56921.02123168808,594.0817307886425,56919.186954027646,0.001828448258481553
1,1,42.0,-0.4731254478752689,0.000611483681694471,1005,9.19772868730886,561.6553566302699,61003.506446960506,561.4216433702867,60978.12196839403,0.0017168728519663873
1,1,42.5,-0.46809071746717734,0.001322561192060607,998,8.682907817510753,562.6447936244942,64280.72795497084,561.9235596950276,64198.32882404974,0.0017253772301602107
1,1,43.0,-0.47986793063411426,0.0009466905935001849,1020,7.144237422310226,582.8421343030564,82724.28381757047,582.4264971853748,82665.29137199286,0.0017690774903596853
1,1,43.5,-0.48987806456997873,0.0006990845690723969,995,10.384678818098578,566.5079224910887,53952.20643388879,566.1012021866387,53913.47183379697,0.00171472156896297
1,1,44.0,-0.4901846493225719,0.0013224335148420375,985,9.478591971061407,545.0002250765109,56290.55686528903,544.4445093879109,56233.15955767199,0.001680400707313279
1,1,44.5,-0.4897560379892312,0.00010605635568500715,1057,10.388392008412305,625.626531806918,63295.0204802258,624.8001338460587,63211.41329095532,0.0019388990093914791
1,1,45.0,-0.4838277626863601,0.0003305119735095758,1055,11.00625642878501,621.2481855319298,59210.80894668333,621.0814398101884,59194.916507393136,0.0019163876545727097
1,1,45.5,-0.4821827505383496,0.0005121750657216505,1036,9.745045818492914,593.8557730030483,62767.42640166833,593.6834305033923,62749.2107074631,0.0018393613480358864
1,1,46.0,-0.49219071927014824,0.0014449738644574776,1027,11.628508779342724,583.1304325795129,51199.70092135365,582.9650641728507,51185.18133449983,0.0017763142554134378
1,1,46.5,-0.47861254264540776,0.0003080680522081003,1071,9.357698994874601,638.2150435222738,72635.27302208655,638.0822524605791,72620.1600674187,0.001942296330391014
1,1,47.0,-0.47802185399291375,0.0012331543836541805,1037,8.960177179973883,607.433091775152,69894.09975283626,607.3940773106654,69889.61056561621,0.0018613016059561818
1,1,47.5,-0.4707295744503952,0.00042409998454913156,1062,12.546442063494403,635.5246490913318,53490.38604284037,634.8666622281359,53435.005073158405,0.0019396883995545107
1,1,48.0,-0.4775394830126629,0.002723982599244017,995,11.039371548500053,551.7357446852963,49429.140879663486,551.6695571168146,49423.21123910915,0.0017235961510445768
1,1,48.5,-0.46155380143098057,0.00016618750427678291,1012,8.897718118382844,560.5001485184624,63371.657981007724,560.4629888945743,63367.45661374321,0.0017244052521968557
1,1,49.0,-0.4740786418573464,0.0018721609586526203,1007,12.151897421788805,553.7538176348372,45614.89882712291,553.528498383273,45596.33838647836,0.001703568898577102
1,1,49.5,-0.4793381296673047,0.00043744620270205374,1003,10.699537667500579,583.4284923745103,54364.79827200489,583.4231913091165,54364.30431026918,0.001820369698641387
1,1,50.0,-0.4836765726450025,0.0015713203435328764,1012,9.964973366285395,573.2140766985265,57868.028339113815,572.9480762730998,57841.174636836535,0.0017769421231722392
1,1,50.5,-0.4719752200571108,0.0021047138170575213,1074,12.533121471042747,631.8530672868883,53842.8576968266,631.6424131251002,53824.90696960278,0.0019366492078197967
1,1,51.0,-0.4625581256533735,0.0008482382955840641,1060,8.801509973912388,607.995063638905,72808.73383939936,607.7471683220889,72779.04783498663,0.0018868341259442858
1,1,51.5,-0.46076415404515103,0.0005844289543554472,1018,8.032837463272553,571.8000649370412,72037.01909344256,570.2276106761148,71838.91677662944,0.0017241854200185885
1,1,52.0,-0.4738829392285382,0.0017354388388082492,1028,10.234747887576177,572.5238340674879,57169.884871051996,572.5055127845878,57168.055382790095,0.0017489942298698742
1,1,52.5,-0.4566953507081024,0.0010191601956014784,1046,9.694770394955711,603.1511041888419,64702.63067630507,602.5899268547205,64642.43075369628,0.001848698148783176
1,1,53.0,-0.4639925320765883,0.0012991204032651797,1031,9.628248953469615,574.9195694652645,61204.54109046899,574.6475887682444,61175.58668600844,0.0017560292886228937
1,1,53.5,-0.4505021976424075,0.0005984540859164478,1072,10.824840705247343,640.6319214965285,63087.63767620682,640.1589782780957,63041.06355243195,0.001957027724797075
1,1,54.0,-0.47648654071026186,0.0012719276424454536,1053,11.24178419305434,605.0198242299141,56348.329152244034,604.677980954841,56316.49168740259,0.0018559721534997333
1,1,54.5,-0.48187921065236594,0.001517705201341399,1055,10.104069361920022,617.9988693736202,64160.36853588447,617.6675833945844,64125.97457246629,0.0018630983351352473
1,1,55.0,-0.4789535827171534,0.0004806847927241115,1038,10.043763823958576,592.75859333061,60906.13828034916,592.1706758300139,60845.72956592202,0.0018218154862740124
1,1,55.5,-0.49330802476611524,0.0008722836568854984,992,9.86657242621451,548.4711360300896,54810.578260068905,548.2163771266744,54785.11933999855,0.0016862401066052848
1,1,56.0,-0.5004589150839749,0.0008054139625366198,1044,10.425818050689518,611.5370159974855,60884.951139484794,611.3936415628965,60870.67670438725,0.0018712555593924703
1,1,56.5,-0.5002423400058618,0.001160939437192565,1017,10.1438328673356,586.9338483626628,58497.62397066319,586.8934808485855,58493.60068308876,0.0018106354391041457
1,1,57.0,-0.5004427768041211,0.0010267780563163911,1068,11.237500279497976,638.7160778216045,60361.864985586195,638.5208683222829,60343.41671122595,0.0019440113385680176
1,1,57.5,-0.48901265718634335,0.0015485395090171898,1013,12.724844057441764,575.1309602605735,45513.868332531274,574.913636868148,45496.67011342662,0.0017601582101241014
1,1,58.0,-0.4922583815274777,0.0013147717298895793,1004,7.566648376612164,549.8181256823337,72518.03732905167,549.6692586761634,72498.40257601925,0.0016647594768358696
1,1,58.5,-0.49483806360411364,0.0005430857473454738,1007,9.03704039516493,554.2709769430675,61394.574291917255,553.9099422086525,61354.58379133891,0.0017165438720509664
1,1,59.0,-0.4999704095316204,0.0009605101275852746,982,9.677680704303746,535.9396028523406,54049.83573711702,535.9345597259477,54049.32713474525,0.0016413158227226495
1,1,59.5,-0.4856632126297029,0.0009962931820288925,1030,8.56202131782942,576.0741527581893,68897.27443167975,575.7349984805388,68856.71228316105,0.0017528372199065046
1,1,60.0,-0.4871742710826368,0.001032676692183674,989,9.7904352777742,553.490255991986,55572.699905924506,553.4676628171607,55570.431458176965,0.0017105464582306965
1,1,60.5,-0.48395614988631763,0.0010865576671349286,1042,8.816473204773136,587.4151450597639,69025.57021921725,586.633254050141,68933.69231439577,0.0017942351086445438
1,1,61.0,-0.4785481436720431,0.0006850409711154008,1069,10.120200905669037,633.5985509290408,66551.57006421553,633.2892289503664,66519.07967529976,0.0019344583770977881
1,1,61.5,-0.46832107379253074,0.00044068037398135477,1015,9.60193250183856,568.1608644285046,59704.05562615564,567.8702884744293,59673.52102933299,0.0017186497530195617
1,1,62.0,-0.4760619619463142,0.00041393703253811767,986,7.294362472901561,539.3191103201311,72457.70004948603,539.266832621506,72450.67652346261,0.0016488175954043663
1,1,62.5,-0.47824969071277224,0.000905523077348596,1009,9.000417886888934,564.4063146395035,62897.02774890809,564.3848155707184,62894.63190837463,0.0017385274951235575
1,1,63.0,-0.48748118600850887,0.0003821093316733924,1056,7.760264173107466,625.6568734883209,84654.29816671777,624.9753482738463,84562.08462098846,0.0019013154006172544
1,1,63.5,-0.4938136509230233,0.00026602098588242616,1072,9.185292380574797,637.393341620705,73972.74621378489,636.9698777769504,73923.60107623902,0.0019662820297104418
1,1,64.0,-0.49286693400624415,0.0009498304121802994,1008,11.169262304866855,553.9075509095424,49691.31808906672,553.8524152282271,49686.371840051346,0.0017199913759589056
1,1,64.5,-0.51068105574182,0.00019022181369490192,1066,9.811248113200087,627.0695982242393,67748.13626651764,626.1642523662434,67650.32336866783,0.0019213815600125632
1,1,65.0,-0.5101299571931719,0.0006245450566621128,1064,11.06096864491486,619.1016721380051,59218.10197185052,619.065881886363,59214.678574908256,0.0019055871839079824
1,1,65.5,-0.5196036768044792,0.0007274450285382155,1006,10.330796951911726,556.5652258783226,53874.37469432884,556.5568812404912,53873.566950466455,0.001687043238633542
1,1,66.0,-0.5144695857029262,0.00028593351272408193,1065,8.471675603200941,610.9146059597654,76367.24988229536,610.4565899711106,76309.99569142406,0.0018796786797886061
1,1,66.5,-0.5264770198103577,0.0004983661556927112,998,9.11180034289437,537.7376503133665,58543.39746665404,537.4868052002885,58516.08800608542,0.0016439504851129077
1,1,67.0,-0.5350991328378427,0.0011915984224426636,1005,11.528162552165156,534.5990387699255,46326.93521751656,534.1336949107251,46286.609752531345,0.0016259764519067754
1,1,67.5,-0.5296050083627222,0.0007975449788936226,1020,9.61771903512794,564.3003818975816,59494.41703944889,564.0865043808412,59471.86784652876,0.001729052038468873
1,1,68.0,-0.5256061598141599,0.0018171796072330132,994,10.049873756548692,546.2448492656464,53701.16323329796,546.0250313218667,53679.5529988099,0.0016756499208837239
1,1,68.5,-0.5360711687224438,0.001360453037921334,1022,10.370843548896719,596.7512345169523,58461.90345179042,595.9957535771183,58387.89128187846,0.0018302122823591691
1,1,69.0,-0.5236591382295899,0.0007041751595135119,1070,10.785648767924156,623.9844764058065,61555.82266597009,622.7357689369812,61432.63816632447,0.001930254383541046
1,1,69.5,-0.5168892037074784,0.0005070476087307549,1037,9.958515505284987,601.3292121866356,62255.30476258261,601.2074006468604,62242.69367637789,0.0018526385415159937
1,1,70.0,-0.5145524105481769,0.0016336081471806732,993,7.962346233913467,540.4854885004189,66997.73678238054,540.3972060007249,66986.79342163759,0.001645201220621598
1,1,70.5,-0.5091593006657149,0.0011874168714334967,1021,10.32973494355496,558.1022807837402,54839.14331692865,557.4555074562031,54775.59135445939,0.0016974129218965239
1,1,71.0,-0.5113934293124629,0.0009871332084177493,983,8.081841861021914,530.3763208438354,64116.28368572233,530.2001853018085,64094.99096216754,0.0016423000185212474
1,1,71.5,-0.5151035639258339,0.0008123510553045818,994,9.888432757360054,539.8026779590114,53934.233959020894,539.4808508504337,53902.07869325969,0.0016189147370303531
1,1,72.0,-0.5089268972290455,0.0008115283187532051,1003,7.369879822690857,546.2164388606577,73892.35681528956,546.1127540428813,73878.33029575192,0.001660791954534759
1,1,72.5,-0.5129050307772474,0.00044072450714381363,999,11.462428164229657,546.2779939785742,47324.531962044384,545.7679712035875,47280.34825085288,0.001652120114931506
1,1,73.0,-0.5103846189444852,0.0005324457260866573,1043,9.63023805276137,589.0208925508599,63426.74627862361,588.7869504872245,63401.55500934649,0.001817059220253732
1,1,73.5,-0.5186683552616103,0.0015548977810702818,1051,7.891748069438275,610.9859673429457,80904.80464600342,610.9035994477393,80893.89775316634,0.0018395463536348506
1,1,74.0,-0.5035269314170705,0.0011671706760624293,1033,8.999264878116328,602.8746818789793,68800.31943445907,602.7499254570431,68786.08217763157,0.001819201419762949
1,1,74.5,-0.500051160709404,0.0002116114990805621,991,9.440188013892014,534.9448370552293,55816.75531504179,534.4088143067357,55760.826089216076,0.0016095940097754617
1,1,75.0,-0.4976657803167228,0.0012412631357648744,1004,9.17370567925547,543.6095689757993,59138.844083984,543.3016397054195,59105.3447084226,0.001662602960015307
1,1,75.5,-0.5042560566260335,8.754469528635705e-05,1067,9.200947092610026,628.1228796570117,72431.4973891499,628.0330725292954,72421.1413506304,0.0019284881988085594
1,1,76.0,-0.5084871533836264,0.0012474173018542371,1055,10.687099653969076,607.4292642653187,59622.65898565589,607.3605094303775,59615.91030507945,0.0018646605301659632
1,1,76.5,-0.5135225383841657,0.00037397399708236735,991,7.429132243850181,550.8803403459831,73039.10031887918,550.61482529426,73003.89670190711,0.0016902175142730833
1,1,77.0,-0.5021949392657206,0.0012371595568057016,1040,9.04005491284141,602.6825133538038,68934.72714669179,602.6400519201236,68929.87041486343,0.001861220083318315
1,1,77.5,-0.4950580509970308,0.000979128493604355,1045,8.66754840173233,599.5788320444776,71872.9654131155,599.4043531798719,71852.05020942433,0.001854184942210762
1,1,78.0,-0.49676772484770026,0.0006564914497874154,1049,10.14209516607621,608.0977032384407,62535.984339720184,607.7608918188437,62501.34708727015,0.0018753930743747901
1,1,78.5,-0.48982809256168025,0.0007309605097981986,1002,9.61990293467408,559.844994431979,57963.74643702604,559.3926403243311,57916.911796980625,0.0017274178684811604
1,1,79.0,-0.4896179357615722,0.0008085757930212241,993,13.068443177416434,546.304503248211,41259.89128052985,546.1996826199737,41251.97465582823,0.001689236035086667
1,1,79.5,-0.4819086361160032,5.11599840578603e-05,1007,13.067269982611343,558.493130021874,42782.58763275172,558.4874407047602,42782.15181054566,0.0017651010715556469
1,1,80.0,-0.49056085174969155,0.0012576921793570884,1034,11.116769655642283,604.2647178166485,55878.11470036482,604.1853917610231,55870.77918944673,0.0018463313638888746
1,1,80.5,-0.4776744833438613,0.0003069630701725922,1066,8.513256207438909,620.2275653834068,77225.58833973976,620.1551432032945,77216.57093100113,0.0019172972492001185
1,1,81.0,-0.48495742346020165,0.001105805767178689,987,7.2600673448002375,534.829852988538,72267.66100971922,534.5906011432207,72235.3326511642,0.0016322714018633612
1,1,81.5,-0.4775356612268524,0.00035130492769608367,981,8.725447941861203,529.8814298804714,59210.071227960085,529.575396295368,59175.87438815725,0.0016374814921373405
1,1,82.0,-0.4766451452376401,0.0003196029489129317,977,8.371311532194415,524.4744875323058,60834.52102282147,524.2751077507022,60811.394686262065,0.0016386998205581752
1,1,82.5,-0.4764727025999207,0.0006357620447321315,997,10.016296088708794,545.0689875337787,53928.45437695197,544.3241390549198,53854.75998573072,0.0016610743017264127
1,1,83.0,-0.4832780304023174,0.0002918898180647641,981,10.88085789269343,529.2056720637761,47420.4824059565,529.136892770853,47414.319306386475,0.001636305489954873
1,1,83.5,-0.4813289730129924,0.00045159831211795203,1062,9.030560719873703,618.978353154792,72381.01389352065,618.7556550555764,72354.97241059765,0.0019100435424934809
1,1,84.0,-0.4799668218410176,0.00045788069250798723,1054,9.472370182409371,598.3607157690512,66201.17436821526,598.3497158162268,66199.95736018685,0.0017999888530692912
1,1,84.5,-0.48366370434405326,0.0009354037447500455,1007,10.544143477830268,551.6845189023833,52373.737571230646,551.4485568567119,52351.33669929508,0.0016970781590508208
1,1,85.0,-0.48608013664690475,0.0002464102233418594,969,9.044268349488,521.9864402646923,55579.17153169778,521.7375228441474,55552.66773208437,0.0015916107621502093
1,1,85.5,-0.4816624655178856,0.0005780692619457979,1061,10.527505573197669,625.646873982846,62698.371182283205,625.5241380078048,62686.07135942696,0.001914903795140388
1,1,86.0,-0.488178126246936,0.00012517876476738387,972,8.319209271607633,535.7099888425267,62204.932262976734,535.5828624918987,62190.17075732189,0.001656671979305398
1,1,86.5,-0.47414161841767566,0.001213671825791949,1059,10.731434593181689,622.3932355457086,61071.05917097354,621.3413865983714,60967.8486512682,0.001902004925010243
1,1,87.0,-0.4786193914277135,0.0007244056175604523,1072,13.267242826093725,623.1304276693559,50067.4514367889,622.3720349439595,50006.51589382269,0.0019045946270293114
1,1,87.5,-0.4679061953235646,0.0006458566529138348,1000,10.13735854998165,550.1842242197094,53947.299602555846,549.8555202681009,53915.06914268921,0.0016982120054119924
1,1,88.0,-0.4682554368072118,0.0009351958595406196,1038,10.123883139398973,582.7858702957384,59407.542527294274,582.7306520802657,59401.91373865822,0.0017842147329915684
1,1,88.5,-0.47091423357218787,0.0004986357843540162,993,9.530518766451785,549.5749197371334,56915.101798020776,549.4797244604318,56905.24318062471,0.0017136937475292356
1,1,89.0,-0.4742313308021977,0.0006679419066841894,1028,9.1712486228949,604.911105279653,67408.3949760665,604.7089176472277,67385.86415514612,0.0018553015128015004
1,1,89.5,-0.463739684027729,0.0010442057074794646,1080,9.731136559550283,644.3562121924124,71115.90384737474,644.3139841686225,71111.24325122824,0.0019886969360523965
1,1,90.0,-0.4594604526593429,0.001546730015722981,1052,8.227027901469771,622.2987229388718,79120.24512251517,621.4637180802854,79014.08101409816,0.001905480384548541
1,1,90.5,-0.44136404634333815,0.0007702046014730433,976,8.66487349557151,540.3925405396042,60494.912544460945,540.2700633267193,60481.20168110454,0.0016698120178540244
1,1,91.0,-0.45752920471250036,0.0007525832017769821,1069,10.311904296384718,647.752311218479,66773.38026368686,647.5073279356263,66748.12622503527,0.0019826264495737974
1,1,91.5,-0.448114795188971,0.0008895245682625598,1026,8.362099017841963,577.8709059230182,70488.08233241831,577.2164948382175,70408.2579599644,0.0017365236708188662
1,1,92.0,-0.45920984070406234,0.0005266888959103671,977,10.529478240171679,527.5924316503931,48653.14685565835,527.3242055324849,48628.41176864377,0.0016200783564693962
1,1,92.5,-0.45134289895703716,0.0002864203041889261,970,6.8071159527235325,523.1822257590743,74091.24056862257,522.8674982662494,74046.66995969063,0.0015946713234683237
1,1,93.0,-0.4651451033130627,0.000887420705169632,1057,9.466663107762514,614.6888789449879,68243.47760315261,612.8331228310983,68037.44939094143,0.0018629113324353532
1,1,93.5,-0.4619962712831409,0.0002357617778334608,1045,7.616266718060732,619.7238405461949,84541.82267548605,618.8857986272548,84427.4982188971,0.0018722514105466797
1,1,94.0,-0.476704849296425,0.0008742241268853599,1056,8.162194611451286,621.2229009064201,79915.27732463136,620.7278758669462,79851.59637652968,0.0018752045586275647
1,1,94.5,-0.47188729031103094,0.0006986417330432539,1017,8.68873738373403,571.6206004902448,66512.35980241797,570.4559441295676,66376.8432677775,0.0017372304144157547
1,1,95.0,-0.48605728809010884,0.0006152286726675142,1065,9.857102375421707,616.9553170469486,66282.73257887986,616.8184721998923,66268.03062210666,0.0019053869282946176
1,1,95.5,-0.4796783227808845,0.00011018549196368305,1051,12.053793798946002,603.1140788344779,52286.79226594532,601.9875729338162,52189.130178321546,0.0018260811803083726
1,1,96.0,-0.48201197673472507,0.0005941447108872633,986,9.529460361164933,556.4757026947623,57227.39462386525,555.5792629147944,57135.205669709074,0.0017045529507375666
1,1,96.5,-0.48618890747485466,0.0008513138908466802,1026,11.084622925169176,590.8721028539252,54371.67768174715,590.1596051131909,54306.11408969217,0.0017788989025456883
1,1,97.0,-0.4951013763945724,0.0005612224726689419,1048,9.666657021365534,607.3792339036047,65471.35791915712,607.172417489819,65449.06451382699,0.0018695328423176968
1,1,97.5,-0.49008664776975763,0.0011600924405327083,997,8.062785308284845,549.5416409724471,67544.37150200446,549.2637679962586,67510.21802911961,0.0016768653797680643
1,1,98.0,-0.484694273465621,0.00014598311596505633,999,9.958682965822826,553.206687077075,55161.33430020757,552.7962803593176,55120.41183363928,0.0016756261784713308
1,1,98.5,-0.454586441196696,0.0011367056860070019,1026,11.778886396198306,583.0623835838965,50490.650070920485,581.9355592823945,50393.072019068066,0.0017744169423991516
1,1,99.0,-0.45473184327437366,0.0007776693858786504,1040,7.920217526803273,597.2145477508319,77967.53564969334,596.9561563913021,77933.80214870682,0.0018026731977795018
1,1,99.5,-0.450418916544308,0.00024006961444121536,985,8.967509399986465,545.2103051802559,59521.64251673672,544.918003110285,59489.73134567043,0.0016780681840984709
1,1,100.0,-0.47093052181233475,0.0014531824282895335,1055,10.557745479964233,621.3773100399255,61739.01421178133,621.1039820535616,61711.856798464265,0.0018953661628422721
1,1,100.5,-0.4696885086601412,0.0005874847880864107,1038,8.866792810304432,599.3895213203062,69762.53976338464,599.2551378752104,69746.89896537505,0.0018254123990848433
1,1,101.0,-0.4797312678398242,0.0006358853240083328,1032,9.177187777378801,596.7907350099815,66720.58030996604,596.7350330864745,66714.35289314679,0.0018297817016549203
1,1,101.5,-0.464268851082025,0.0013786614377848624,1014,11.569904053198286,566.8396719726669,49384.53998592169,566.4635727151767,49351.77324474502,0.0017352845080202861
1,1,102.0,-0.4693935045841755,0.0007044556659549798,1037,9.611269583604797,590.5606722400747,63349.38873404853,590.2656276678241,63317.73933004999,0.0017892102938105855
1,1,102.5,-0.45853581932544785,0.00044480206992120847,982,10.573569124973044,544.5998946721335,50269.63846527624,544.5062840751108,50260.9976797842,0.0016600850363115423
1,1,103.0,-0.47858500794845327,0.00037141685078847093,1026,7.833877439242082,592.8161228742766,77186.86563856473,591.8358148145844,77059.22588052138,0.001809435949746788
1,1,103.5,-0.48305595000324786,0.0010855982155244365,1061,7.56370973099139,636.7571511388112,88816.04640364676,635.9488988832883,88703.30990794508,0.0019372994623209443
1,1,104.0,-0.4880958263863988,0.0006069222629050563,980,8.949681443443357,536.7061319349963,58410.09825971633,536.3553503201381,58371.92245479736,0.0016540641925044683
1,1,104.5,-0.47574418715527145,0.0018425297139162077,1053,9.389433505281708,618.9656361199396,69019.82112691189,618.8483190058753,69006.73929206464,0.001903651326311147
1,1,105.0,-0.4715062988418737,0.000675807361699337,1046,12.374857874326892,602.4685220901966,50632.27952489802,602.1381890331196,50604.51788247359,0.0018229293727281568
1,1,105.5,-0.4562228900045824,0.0002636682739776164,1076,10.692265843780223,647.2869654764183,64775.51747954872,647.1218222940935,64758.99121582975,0.00195583178431552
1,1,106.0,-0.46889689819671787,0.0005989952742117426,1043,9.359144280467829,578.8371740475097,64135.58029444794,578.3444028166077,64080.98088331248,0.0017719038153946717
1,1,106.5,-0.46113502878748136,0.0004605366202832855,1019,10.462828565651234,588.238591457604,56952.6385152487,586.7009427675226,56803.76499473953,0.001834918084152416
1,1,107.0,-0.4811089957554202,0.0007974482455291691,988,10.667731433313362,539.4093608918581,49654.417690123795,539.3914149708905,49652.7657086786,0.0016488438203010212
1,1,107.5,-0.47912181457354563,0.00030757233537435826,1069,10.267330515360442,658.2606959650514,68151.2218549911,658.2387888173448,68148.9537583347,0.0020138933526533402
1,1,108.0,-0.48120462026588484,0.0009330302253562897,1025,10.964128815008305,580.9299043792117,53991.30040793563,579.9955869851375,53904.46547187957,0.0018264386027713197
1,1,108.5,-0.4753474436825229,0.00016186476333738078,1031,9.617306919495205,597.2637957814254,63655.59462753365,596.7352974350426,63599.26796461471,0.0018681217927005683
1,1,109.0,-0.4758683016109444,0.0005831267683806772,1069,11.167354877666028,630.8826530437929,60052.561016643616,630.6536006802432,60030.75794285215,0.0019519322856822905
1,1,109.5,-0.4547864454485335,0.0016793407690505798,1003,10.325028332747717,555.9244238252786,53680.88422536104,555.8168154750496,53670.4934039782,0.0017128104029906176
1,1,110.0,-0.46172574870017513,0.001068999955918148,1059,10.689290580702426,608.5587132248462,59949.00411657191,607.9970133215126,59893.67116498407,0.001864591435299707
1,1,110.5,-0.4573605764130093,0.0007435739853510891,1022,10.334241141330722,581.1107468794813,57131.28915371208,578.7567883030373,56899.86220315428,0.001752445069051083
1,1,111.0,-0.47580218932162666,0.0005295557712746357,1000,11.079444603553377,545.8369275235633,48970.13572182243,545.5278158029943,48942.403551010626,0.0016714217056459037
1,1,111.5,-0.4723341258937097,0.00043241044277796684,992,9.682726528288072,542.5829567437215,55251.66840004685,541.9481140357244,55187.02184535418,0.0016694310189235143
1,1,112.0,-0.4761236951191705,0.0006626000604050434,1057,8.482705012759554,612.2813923140426,75861.14834290528,612.2743456926229,75860.2752724518,0.001868773160252284
1,1,112.5,-0.4769987944343512,0.001338930096832443,1010,9.515226244410545,565.188349713219,59635.9023460324,564.837941779021,59598.929019608186,0.0017082220033369175
1,1,113.0,-0.4896400490413555,0.0008802871131623723,1043,10.774277961533118,601.5910402718162,57901.783394597245,601.065975680009,57851.247109599964,0.001846233074407817
1,1,113.5,-0.47958717456420175,0.0007809518646100001,1027,11.148619192284091,574.4640856044487,52609.90812279922,574.2216004023705,52587.70112235803,0.0017453537089148778
1,1,114.0,-0.4840317301835029,0.001284206427350248,1042,10.58512620973411,596.7668389782771,58407.47034390108,596.3334036316884,58365.04864668476,0.0018206409291831485
1,1,114.5,-0.469394717630621,0.0005126141309080876,1024,9.236065391666514,581.5495996303108,64098.45181020697,580.1055564178696,63939.289230913026,0.0017810423279760082
1,1,115.0,-0.4783877984166196,0.0004382411185253218,977,10.92768399030314,532.7534118093236,47338.81061402315,532.5451375214475,47320.3040088077,0.0016248214739129872
1,1,115.5,-0.4762234879546554,0.0002516985973808582,1143,13.321360476845424,48744.90622851371,4160457.8209675904,48743.24912610474,4160316.384554825,0.1530381622531816
1,1,116.0,-0.47639891215703756,0.0011273472209722187,1118,14.30124154873528,52505.69087105095,4082605.5590797295,46529.19341023127,3617900.0890137963,0.1557937112387874
1,1,116.5,-0.47828770358533745,0.0007966178622794033,1040,10.903767909986671,48419.021574821054,4591556.67303874,44784.321919479335,4246879.541734325,0.15463459018908637
1,1,117.0,-0.47736614516246334,0.0015522190991180056,1000,11.06804600656912,45791.930284096416,4112485.4988293713,45787.3361413542,4112072.9076743424,0.17248677753587555
1,1,117.5,-0.47783731625013104,0.0006923181780960676,921,10.213523486777945,44953.28956996713,4027235.068266916,35091.13850737501,3143713.5064911237,0.140425559554974
1,1,118.0,-0.4755733484144571,0.000776655827180089,869,6.789748719701957,40640.03726886382,5165486.030618379,31678.12914808991,4026397.2325623315,0.13672796349634017
1,1,118.5,-0.477051302787757,0.0020947363876383865,779,8.989194048290006,39148.56998439016,3366469.1667981334,27191.674955236904,2338270.2194972145,0.12762688526555854
1,1,119.0,-0.4755682316071841,0.0021433684093196013,788,9.190478014739618,44005.92865719477,3744379.3625027537,28526.79149251102,2427289.51762534,0.13841482260116167
1,1,119.5,-0.47590836610500276,0.0010627329578909081,695,8.508534746533698,38245.62034732021,3097035.2950652153,25701.813239646995,2081268.9669429967,0.1370592609959139
1,1,120.0,-0.4759713105125769,0.0016767571564820763,682,6.604744093569891,27852.560632010125,2850728.312936354,27852.536129485292,2850725.805086458,0.15361821107658485
2,0,0.5,0.014616386762669742,0.00841134818411952,0,nan,nan,nan,nan,nan,nan
2,0,1.0,0.007679873452612229,0.003829639451734553,737,19.72590289443291,64192.1720425028,2378825.3452425078,18220.531026377095,675214.1208218476,0.08539928918277233
2,0,1.5,0.007668887250637635,0.0050205382496838705,790,16.39409524665874,58882.71441492945,2815894.8332762267,19203.857610364495,918368.7260566743,0.08436511675557194
2,0,2.0,0.008816028858242841,0.003342248311466192,835,19.15234919824728,63332.71169197784,2741325.225912987,18520.51872346176,801651.5291583588,0.07689819500493811
2,0,2.5,0.0074535223761587055,0.0030934050062579868,921,24.556210949646587,64220.26098683531,2392939.9744711025,21685.785683112146,808043.7955487261,0.08429022429247804
2,0,3.0,0.006726193719731377,0.0027137045711617836,1031,29.378189392388286,65404.88203142935,2281965.1404243703,21541.20933101066,751569.1069105389,0.07925948368356237
2,0,3.5,0.008585967657020355,0.0038958199837605726,1052,27.848445157311453,61997.489815502086,2328653.322678927,35832.03636624999,1345867.2406081257,0.12684948737886037
2,0,4.0,0.0069370497790268715,0.002864478137894405,1138,28.084121161704104,67927.66668773154,2737992.6987128225,43059.57705730643,1735622.8079281365,0.14260619341931047
2,0,4.5,0.006393361919576179,0.004406792350005244,1183,26.621364871427993,57580.20025358057,2545770.888374026,48107.723644347796,2126967.982403077,0.15387377693726337
2,0,5.0,-0.0061677150592309715,0.002764148841381509,1055,16.95744323550756,673.5337826572867,41665.29872428295,670.2137705190278,41459.92031406713,0.0020745277742214778
2,0,5.5,0.008502927270788163,0.002459439011959644,983,12.596474610025574,566.7215115388685,43955.70458521731,566.1641202191014,43912.47254321573,0.001734895766599704
2,0,6.0,0.0022530917836824926,0.0036397362622737715,1023,14.010731136699047,708.8505620455018,51453.4905114253,704.2687161045757,51120.907059751145,0.002152901086470047
2,0,6.5,-0.0037460718455575304,0.0029559872565289276,1052,13.65510200760112,645.4068747628182,49439.07344127606,643.4406776665691,49288.459981081345,0.0019669375006708253
2,0,7.0,-0.005964798771832314,0.003802713576907369,1011,11.414105407631546,628.0462752456828,55298.81528865992,626.2071141122047,55136.879081385225,0.0019065521497036394
2,0,7.5,0.009418754143721841,0.002926400731792212,1019,11.805033688104693,578.817685160021,49668.83878170779,578.0808527728112,49605.61056669679,0.0017963499638898159
2,0,8.0,-0.0006677998030477639,0.005279221141657732,1019,14.273370765075072,603.1581520763461,42806.93174091488,601.3978857339317,42682.00331060822,0.001837891012425069
2,0,8.5,-0.02286064840462032,0.004558669309497487,1039,13.395559590234825,621.7680812756598,47947.71160034064,619.6764863921989,47786.41803883909,0.0019020221332589633
2,0,9.0,-0.02414686839356328,0.004891665718446822,1000,12.135335089160542,556.2783581080226,45564.517493486375,555.1662900277468,45473.428482455965,0.0016961292645578518
2,0,9.5,-0.020347318308083118,0.00503440672798252,1047,15.414352194976985,601.2662021579524,40606.19016155567,600.695201662404,40567.62794964127,0.001828746603392753
2,0,10.0,-0.01686977688515512,0.007130463990910997,1006,13.235754481473776,610.8262907456747,46149.71451764648,609.7022661209829,46064.79116656248,0.0018697202033303797
2,0,10.5,-0.01133827353928929,0.007355837293322108,986,11.296945982577693,554.2622649311684,48081.75771312354,553.041414293975,47975.85000795307,0.0016919499237979892
2,0,11.0,-0.024127982135013326,0.007043887227398765,1051,13.054404906226376,613.8759178242511,49140.52679799866,613.1008079372639,49078.479555116275,0.001909314911545814
2,0,11.5,-0.017395082984661414,0.008039467965305167,1034,13.573809071823632,595.4803433559405,45098.15850000492,594.1634480511552,44998.42464002826,0.001784495597211992
2,0,12.0,-0.033840634982921,0.008653992737282713,1003,11.211276801137128,564.1133396221048,50165.65102970196,563.2527415626413,50089.11949092146,0.001720260619226325
2,0,12.5,-0.051929516384566554,0.00980092200545719,986,12.309699877041666,565.504399249034,45020.94419845761,563.9801803733881,44899.59806386021,0.0016960616286631964
2,0,13.0,-0.06038349990887504,0.010279800784353864,1026,11.30211798304061,576.7242149835294,52048.536404053775,575.749327565565,51960.55420745878,0.0017425450784638037
2,0,13.5,-0.06656409061168134,0.010858838946051807,997,11.736049368964846,553.6348667865427,46749.305131276604,552.6704609038526,46667.87004186114,0.0016691597871846494
2,0,14.0,-0.06232832344803185,0.011746828974376124,1026,14.25903870303648,586.0802323871185,41924.41366384385,584.9466811825603,41843.32669488828,0.0017698904083444304
2,0,14.5,-0.06195144535158725,0.012211899303381511,1049,14.555714172636407,600.7084464521532,43044.18884697802,599.6246295517282,42966.527179969715,0.0017847458069418798
2,0,15.0,-0.07754683069304136,0.012798729328898972,1021,14.24764741115812,617.4373082896046,43986.129767862316,615.3021762176844,43834.02331895471,0.0018607564776566524
2,0,15.5,-0.09146993745526188,0.014977832697731492,1023,10.733025582630775,580.9310641560202,55045.698689358724,578.4634551452754,54811.88219981372,0.0017258942986293217
2,0,16.0,-0.08384000392286062,0.014460577199513928,985,13.3688623998355,553.5280309450208,40534.78344588567,552.9043000223479,40489.107714096834,0.001702421831660115
2,0,16.5,-0.07934816289714774,0.01685972878575179,1036,17.65033175745886,595.7296408666308,34764.3057662827,593.5832923716627,34639.053789141646,0.0017916034159220842
2,0,17.0,-0.07431749533862231,0.01660977954906283,1016,11.771835737190397,564.7050566810763,48450.566248218296,563.654860811448,48360.46153965755,0.0016813537358464615
2,0,17.5,-0.08020282788946531,0.017990374902299985,998,11.525198176355229,561.5238287955228,48331.63210225305,560.6605461210163,48257.32740050246,0.0016585684068911354
2,0,18.0,-0.08238988954548532,0.01725016027941376,988,11.764486016106456,559.1954971022783,46676.920470867786,557.7279090490242,46554.41860667054,0.0016655427814765845
2,0,18.5,-0.06452238425628565,0.01890526515941031,995,12.77442577031779,585.2930561517718,45313.56970104356,583.9498450927225,45209.57788479406,0.001754465799772254
2,0,19.0,-0.0736452169743913,0.018604688368037654,1003,18.65108285596556,565.1028054688222,30207.763345612373,564.5245467953151,30176.852330850452,0.0017045828948128745
2,0,19.5,-0.04975447591312587,0.020392924708458077,984,10.415235556396619,569.1188725763,53440.774754036276,568.2170818948966,53356.09579678784,0.0016878717474992598
2,0,20.0,-0.06048208816525502,0.020553260952469617,1003,16.543451609704203,560.8576664287148,33800.38861427338,560.3287948561511,33768.515884791916,0.0016956436666172117
2,0,20.5,-0.06490291518684899,0.022144483936852158,1004,12.618646138426021,565.0551931008879,44689.82460784236,564.2192043625186,44623.70683643169,0.001715412062712312
2,0,21.0,-0.07573159374068794,0.022635197786690257,992,12.03486558678897,555.4994206739409,45511.30420482278,554.2822379022039,45411.58209290737,0.0016816111384355581
2,0,21.5,-0.058409767545001046,0.02356640605442314,992,11.871379826222146,578.0422832309483,48010.39976892823,576.8288956822208,47909.61956135686,0.0017424094151824129
2,0,22.0,-0.06391748640304229,0.024238522156271976,1007,14.673912709115937,563.5039103380419,38440.150587645374,561.9976856619036,38337.40151650787,0.0017148571962147352
2,0,22.5,-0.08975899947377286,0.025055043064144997,1013,13.935044241706578,588.7949647183981,42548.59325791523,588.192202377738,42505.03532824407,0.001781720341331649
2,0,23.0,-0.08180834427243511,0.02583177578014993,988,12.599581790924512,556.2190454483722,43351.20892851657,555.4699948596135,43292.8286036481,0.0016984112991215111
2,0,23.5,-0.10349306703583139,0.026415497028545287,1000,13.39591046591703,597.4891116559555,44334.73771693827,596.5491235978818,44264.988958008995,0.0018076563262663327
2,0,24.0,-0.10624660328054958,0.026817415565896573,998,17.535812231320076,564.4633018903733,31931.660084449824,563.851995836856,31897.078532304437,0.0017266978273997704
2,0,24.5,-0.12415916123125825,0.02827062688008644,1008,10.698083854578506,566.1774504592979,53029.10437717521,564.5356248448279,52875.32830960448,0.001699604999729546
2,0,25.0,-0.12247131062317962,0.02810842435500006,994,13.185990176189783,558.2022531319133,41824.98384461049,555.9702046982327,41657.740897891286,0.0016946310521344747
2,0,25.5,-0.11934421356316349,0.03022537422274347,1009,10.126628426320497,578.8346483558051,57331.140026021734,578.4096733852483,57289.048040661575,0.0017439737355197066
2,0,26.0,-0.11746040606038832,0.029623695496923532,993,10.80442825708042,569.4005007673903,52015.55148363563,568.3414774135271,51918.80818307477,0.001705470359666944
2,0,26.5,-0.13570287946505388,0.030986627341018223,1037,20.826259290473246,604.6390706529464,29932.542044569076,604.1896596353047,29910.29403772703,0.0018049194151375078
2,0,27.0,-0.1267062950979394,0.03180393125478841,994,15.210178294135773,549.8879251314063,35718.79694791563,548.0694254591631,35600.673567542835,0.0016386135941202494
2,0,27.5,-0.12492852645690178,0.03276934609218119,1006,13.394927815133475,571.7256661325607,42682.25062673574,571.4871413442391,42664.44352903327,0.0017403138420822098
2,0,28.0,-0.12261813493615392,0.03345788920996401,992,13.060116193307408,546.8749648145912,41287.436292757244,546.0943296822608,41228.500657799246,0.0016508034636534108
2,0,28.5,-0.12369459050627185,0.03479954002324113,1000,14.408133935264326,568.778363000858,39239.341844199815,568.1710989865745,39197.44742311032,0.0016827090286585505
2,0,29.0,-0.13211342886794952,0.03473838423096172,991,14.672104738714651,546.1635585233423,36666.25305134109,545.4060930680444,36615.4012146922,0.0016206164144433538
2,0,29.5,-0.13405315652674687,0.03572335484777165,1025,17.874963191484678,566.1651192942526,32275.437458560984,565.0431073986255,32211.474802560177,0.0016892967841878887
2,0,30.0,-0.13651107065763313,0.037322988443277194,1010,16.32222414076316,563.1927614789665,34642.67661370593,561.9077610994855,34563.63466636636,0.0016848971954119905
2,0,30.5,-0.1514414780402582,0.038125164353899774,993,10.929928206254836,559.9902994526573,50568.53211931208,558.4535534824076,50429.760094097095,0.0016854862346642892
2,0,31.0,-0.1539552477788675,0.038657860295549094,999,13.297705321257183,575.185370716261,42951.701765282385,573.9902890599019,42862.45959484058,0.0017408614836470836
2,0,31.5,-0.15122835802975132,0.03974706255749583,1004,18.187272692473698,573.3445093635672,31461.441746657725,572.5134468142404,31415.83840424062,0.0017595075954575643
2,0,32.0,-0.151104554684796,0.04029616025506757,1010,16.37242222237933,570.7905332597583,35002.37702210413,570.286727919093,34971.48235330328,0.0017686622699101134
2,0,32.5,-0.16289766871683042,0.04136970953615631,992,12.220719237202399,554.5157849464734,44739.80240809353,553.2250252830412,44635.660499303915,0.0017168229454683495
2,0,33.0,-0.17835101882229054,0.0416560112704349,1028,17.487310597579647,585.3993567857083,34212.129949690454,584.8452110537805,34179.74435586972,0.0017843351074345365
2,0,33.5,-0.18861965141883275,0.042868883908354145,982,11.821633146993726,547.5370488397967,45204.93514075422,546.7256332292594,45137.944258357755,0.0016792638274776613
2,0,34.0,-0.20754440814520336,0.04354004500837081,1054,18.791491452167303,603.5433844535081,33659.56707147511,602.881265447896,33622.64074661964,0.0018312239205457092
2,0,34.5,-0.1981854540950181,0.04426508153150223,992,12.378335483324662,567.2543786792401,45184.81649905214,566.3563074778041,45113.28036999757,0.001783595192101311
2,0,35.0,-0.19154119257997593,0.046129404697363936,1046,18.340490134092008,612.9138352323287,34755.362805530574,611.85667501265,34695.416390771345,0.0018437625621415177
2,0,35.5,-0.2068391025862084,0.04590421221857688,1003,13.544973353289144,580.9313561433419,42760.406164569285,580.2714884254414,42711.83551791039,0.0018206146593234766
2,0,36.0,-0.21632946248857365,0.04735113041326845,1007,14.594972760582449,582.8449293022238,39974.57095687261,582.4642916034556,39948.464821375324,0.0018126531464957578
2,0,36.5,-0.20405208110550888,0.047555878603260285,991,12.005892176001762,554.6365179173396,45504.07101278129,554.5155590939929,45494.14718211133,0.0017567063682000907
2,0,37.0,-0.19427406164860628,0.04987776849512958,1037,18.812577685676427,621.0598658549399,34036.41608262785,619.7524849626501,33964.76669345472,0.0019134726444662302
2,0,37.5,-0.23045696967900398,0.04919128377404543,1000,14.929789348137696,593.3108923169756,39501.63081414392,592.7005817715363,39460.99737531765,0.001831639694614749
2,0,38.0,-0.24955627688391502,0.05041380626017632,1038,18.67607759534301,601.0803862221887,33214.413220042414,600.483413838734,33181.425806246334,0.0018393866675267619
2,0,38.5,-0.24424652874655095,0.05048702408631187,1000,12.126996360549978,576.5830978908671,47260.144413660055,575.3113764697789,47155.906640762405,0.0017599491492481143
2,0,39.0,-0.250243822707354,0.052174306535242,1001,14.076697152076942,562.7235184948065,39775.65865439684,562.4865404653261,39758.908053258965,0.0017568420748762948
2,0,39.5,-0.23750897521482273,0.05319402477227443,1019,16.86959368843399,581.104027356439,34894.63887418133,580.7422784592077,34872.9162625012,0.0017567700088269023
2,0,40.0,-0.254451554716816,0.05424275456155503,1006,12.294044068147839,566.1109773689038,46047.57996887442,565.5863613294373,46004.90759544234,0.0017591609572390656
2,0,40.5,-0.28201358840709645,0.05476193301791162,1007,15.993539803567447,591.2938697375658,37007.765064947045,590.4270791431511,36953.514574082255,0.001863936517445331
2,0,41.0,-0.2787450833720726,0.055320897915934336,1006,13.53322464588743,564.3684328318924,41702.43586427102,563.5467270696699,41641.71820209343,0.001747532249570317
2,0,41.5,-0.29661578675073486,0.057162264866437336,1024,15.022455801351146,594.2553823185918,40269.84583611929,593.034536986013,40187.11498538492,0.0018293014020093392
2,0,42.0,-0.30034508986254593,0.05704764089813001,997,11.807928207111104,547.6114351539691,45959.19984597829,547.1738962830023,45922.47866902644,0.0017137227386055135
2,0,42.5,-0.3252454215864944,0.05915307870085591,1017,14.040006199965614,576.3040947378794,41498.80217157048,574.1273298369646,41342.056563094164,0.0017827743837747847
2,0,43.0,-0.32541415528225315,0.058700489862483066,1009,16.62904115761024,558.8917147572605,33710.20521198178,558.1831114644531,33667.46497843798,0.0017693505056062498
2,0,43.5,-0.34047459607486275,0.05977763094484105,1031,17.425237542244503,592.1130568899872,34829.70500923579,592.056477458211,34826.37685273692,0.001831963849991838
2,0,44.0,-0.3412252865578793,0.060224854820094605,1027,16.97442904424446,573.1507628745387,34474.61634023702,572.7207806365324,34448.753210239534,0.001809953136709065
2,0,44.5,-0.36081242421065696,0.06153302892788869,997,12.466748462752513,564.4663347273613,44870.251404054485,564.1891599623867,44848.21837812872,0.001785223579458866
2,0,45.0,-0.35576246566280645,0.062227158672702745,1002,11.699882220664374,569.0342448440065,48441.35156024223,568.5789489491741,48402.59264774205,0.0018041221164474997
2,0,45.5,-0.36882932951625946,0.06341232137047138,1015,15.61819806171593,578.0263004780461,37342.8826345842,577.668524691391,37319.76884339597,0.0018437249916427726
2,0,46.0,-0.37786105316052954,0.0634247811917814,997,12.329755832055183,583.176915307896,46872.64946217456,582.5290615120006,46820.57843007324,0.0018427277901896975
2,0,46.5,-0.36678447011959037,0.06489954366882753,1019,15.577815231105212,595.7441127059667,38740.271162423334,595.4070821747652,38718.35461488171,0.0018895522087952754
2,0,47.0,-0.39409490386567114,0.065813896001143,1025,16.01953058491539,574.3761746163672,36535.98454908593,573.6505075177462,36489.82497096501,0.0018411533988210466
2,0,47.5,-0.38679192348279656,0.0662171182531314,1005,13.560307069708594,567.3560689536105,41797.631128189256,567.1125135454955,41779.68818254238,0.001798529814619677
2,0,48.0,-0.39017862212556764,0.06704696734832397,1016,13.928846791695769,609.5636140208867,44200.30310966914,608.8086425352121,44145.559080106985,0.0018967470992201526
2,0,48.5,-0.3943904666801856,0.06751596450789865,1014,13.877948160770305,570.7141390365822,41452.80307178662,570.4597944248347,41434.32920478039,0.0018007047819343029
2,0,49.0,-0.4109893631869781,0.06878399027102611,1046,17.769106613231635,602.4930137458555,35263.04095835083,602.1162701524357,35240.990703057476,0.0018863401384715242
2,0,49.5,-0.4248286435734485,0.06852693720336073,1038,16.9940589805463,580.6799734904541,35263.01358187263,580.3256139291816,35241.49435167272,0.0018034263812416425
2,0,50.0,-0.41902899986617825,0.07095028436463095,1063,19.71240320613182,620.1132020101107,33251.128625493875,619.8421360395691,33236.59378020554,0.0019018161543105068
2,0,50.5,-0.40353419118576284,0.07056911377600672,1025,15.03061029370889,577.8566466534643,39175.782714979934,577.429488318433,39146.823522046885,0.0018209396582658383
2,0,51.0,-0.4072495352777139,0.07315612162767268,1026,13.854861654223903,585.2738109741201,43088.072771307874,584.9482029160122,43064.10138656519,0.0018387466866429717
2,0,51.5,-0.4156798957973109,0.0725859448426937,1018,17.418423387721774,577.0456453115972,33526.007495430174,576.1603518713019,33474.57247507062,0.0018202292921692237
2,0,52.0,-0.4146652906441233,0.07426720865380661,1028,14.827964616536978,597.2238548259295,41162.95091177849,596.9498821849628,41144.067670126045,0.0018514396566174992
2,0,52.5,-0.3982552431054316,0.0748652269981742,1005,13.696036591937473,581.002420530149,42378.78704641451,580.5207675666397,42343.654889215904,0.0017951744940940698
2,0,53.0,-0.4290851138869485,0.07570832719017322,1036,17.155421616982675,597.6253012329789,35881.021989026056,596.9492800904607,35840.43413334173,0.0018771836850056244
2,0,53.5,-0.4288116895725693,0.07642981746200718,1024,16.63701136231914,573.4202087705445,35086.937179746135,572.7483743050888,35045.828384966866,0.0017640246088928414
2,0,54.0,-0.4438822080091569,0.07779740039755748,1021,10.409160293191647,576.1910226431937,56184.54049222067,576.0066852765863,56166.56570637469,0.0017918054366628518
2,0,54.5,-0.4644815958538473,0.0770905550727169,1029,16.50496978563114,613.634778882604,38033.900513008375,613.2160698304605,38007.94836853879,0.0019275165744518544
2,0,55.0,-0.47268430473879164,0.07884203433800228,1025,13.881280071495556,591.9999365686157,43457.658966348194,591.6053639403715,43428.694093792496,0.00185522240923253
2,0,55.5,-0.4881700915334335,0.07917265126458618,1023,16.86479725962011,580.4125345892414,35000.69040797677,580.0461013981736,34978.593340957275,0.001796663535851329
2,0,56.0,-0.4957158670377453,0.08128297967281073,1007,14.202742055618561,568.199444916303,40046.3264159766,567.9548369385794,40029.086605189186,0.0017641315939478746
2,0,56.5,-0.5033122250029507,0.08159000585824883,1021,13.209156260210342,594.3179074442344,45667.76743136901,593.8491555159864,45631.74823394268,0.0018405598286456162
2,0,57.0,-0.4896987386441083,0.08197325525438794,998,12.182803270894325,553.7997946314166,45093.84121689397,553.448226149973,45065.214313394245,0.0016884742972605876
2,0,57.5,-0.5018769432001591,0.08338366988653749,1027,14.455148009937183,574.5209997797008,40579.72567087008,573.7498182607918,40525.25536518627,0.001749334094113963
2,0,58.0,-0.4992032027010396,0.08420767181073101,1031,16.612754550528237,581.1004433324695,35853.654046603726,580.7639236537848,35832.89092332982,0.001794339050593085
2,0,58.5,-0.5094468174512627,0.08548923581275478,1026,10.817682618805911,574.3629660756517,54156.721549465525,574.0526443253877,54127.4612913841,0.0017208400111689947
2,0,59.0,-0.527418244753207,0.0855934809248924,1016,11.589861257144468,572.8275672550305,49919.134499641674,572.2851444136421,49871.864989019654,0.0017373187914094031
2,0,59.5,-0.5323061241532514,0.08757676230070048,1027,12.891539446138706,590.839941131525,46794.06849862083,590.4721591125609,46764.94044584395,0.0018168103438781045
2,0,60.0,-0.5322488988588248,0.08720634434538113,1024,15.261363545426914,571.8842820967507,38147.19421640031,571.3445130624991,38111.189250315045,0.0017434223783665045
2,0,60.5,-0.5274705643864266,0.08919429818781104,1067,18.636040098343784,614.512800623697,34985.87028258684,614.227845601552,34969.647025022445,0.0018453841749769668
2,0,61.0,-0.5263578301827536,0.08961641489851466,1019,14.003900813176816,586.2039385251173,42404.227054164156,584.7812555996136,42301.31445696986,0.0017977781357783977
2,0,61.5,-0.5202517954746497,0.09116937881455814,1019,12.82707983399479,581.9510039498526,45958.735318606436,581.2128313884153,45900.439212679485,0.0017891236369475168
2,0,62.0,-0.5175647446731872,0.09205911366482243,1044,20.672712905336187,584.2406422884151,29335.375065303393,583.7979012860749,29313.1445451712,0.0017898519319574236
2,0,62.5,-0.5178870653298446,0.0933601385878031,1026,15.504930020090521,587.4725744825312,38647.19319569579,587.2792790231687,38634.47715194105,0.0018245085711416883
2,0,63.0,-0.5257626453425246,0.09392637928825569,1006,12.898450786580275,570.6593360380294,44242.4710905399,569.7845392719705,44174.64924274333,0.0017556860949835575
2,0,63.5,-0.5544558870923026,0.09567750939970945,1021,12.490523645345855,576.6228707646333,46857.30001753637,576.1839476206352,46821.63241833816,0.0017353029392811977
2,0,64.0,-0.5625971435188433,0.09518644194567034,1019,15.215727528925367,576.4716647123923,38379.09132136628,576.2629651303362,38365.19696920855,0.0017843615308815316
2,0,64.5,-0.5624421489484632,0.09708435024363989,1014,12.78759720470351,568.0080192213698,44774.01611966208,567.8463285486247,44761.27062920614,0.001758247491784717
2,0,65.0,-0.5740710062583219,0.0983204037647004,1006,13.798400926655518,575.1048877528294,41679.096788806266,574.9341211146527,41666.7209606879,0.0017841142159056146
2,0,65.5,-0.5971002355821895,0.09909743195921498,1018,15.608525207780282,567.7785671743437,36812.69705699183,567.6962067766789,36807.35710838507,0.0017587248408045457
2,0,66.0,-0.6048833901383261,0.10067511194599109,1015,11.084659331272292,587.1488709105511,53446.22627033381,586.5580172574374,53392.4428099518,0.001801654254202912
2,0,66.5,-0.5911557376834367,0.10113981749314636,1014,12.877234046191983,568.9350256791718,44534.91361789722,568.5006703141911,44500.913287831776,0.0017828731291240137
2,0,67.0,-0.5884315261391748,0.10289381881758203,1013,12.49142049231865,575.8191809683706,46419.85397831386,575.6770271407568,46408.3942004211,0.001774794504434768
2,0,67.5,-0.5810049853349994,0.10322754270302123,1033,15.559374337188707,574.6228547307547,37928.110669462316,574.2463100137978,37903.25675079346,0.001798491824269519
2,0,68.0,-0.5814481025647069,0.10518345981444202,1012,10.97726086214054,569.0399309095777,52149.09053217197,569.0311841501335,52148.288944224725,0.0017357337899665802
2,0,68.5,-0.5758423297921951,0.10570740453681281,997,8.909546996572944,562.0753621180382,62519.0802712228,561.8364528721372,62492.50663478775,0.0017240298916521997
2,0,69.0,-0.5928251702210758,0.10820571708673475,1027,11.589290998480465,583.2930826930483,51387.28827394939,582.6424134823549,51329.9652449388,0.0018197968669249405
2,0,69.5,-0.5832701024779823,0.10914131115932314,1001,14.094800977275181,573.1857582915475,40463.13462812332,573.0320296355975,40452.28239878593,0.001787204082723813
2,0,70.0,-0.5934364608013993,0.10994128091087649,1031,16.195541437393423,582.153877668622,36843.950349978186,581.8612685910878,36825.43140724125,0.0018125470062866618
2,0,70.5,-0.5912029188205707,0.11090596841174803,994,11.294408819947234,570.6583930749148,49919.433707965414,570.2755901101491,49885.94728692135,0.0017623150234409245
2,0,71.0,-0.5961821678282888,0.11322342111355313,1017,11.599469596884669,577.4358420548249,50328.82162769054,577.4243039946172,50327.81598008117,0.0017420776749049534
2,0,71.5,-0.5992665973335392,0.11348207060841144,999,12.359364669505286,568.1153174559557,45644.62052209558,567.6634801133002,45608.318131701366,0.0017491081542248747
2,0,72.0,-0.6088273015400034,0.11539411475921012,1011,11.907415830177008,572.9016844891562,48353.58075363721,572.7800624692023,48343.315711095915,0.001741824176654287
2,0,72.5,-0.60010777857498,0.1163286650334264,1001,14.631591112707987,577.4813474895948,39270.776248872506,577.423054188278,39266.8120979908,0.0018027689700333303
2,0,73.0,-0.6205449550647018,0.11790509568212368,1022,13.909334466948604,573.8280513446413,41914.967358898706,573.2454810576606,41872.41381954866,0.0017365601952936765
2,0,73.5,-0.6104539537329572,0.11882136876168026,1013,12.003685991176138,574.447394828632,48190.90794424833,573.9778597018018,48151.51822070294,0.0017449384918886552
2,0,74.0,-0.6134337608010014,0.12127700272363152,1006,11.149745935230971,562.9072966101556,50486.10971766459,562.4741398246807,50447.260690252566,0.0017554281317215595
2,0,74.5,-0.6020950086022197,0.12179419188352447,1000,11.585481823695522,564.5512488636527,48436.82376875643,563.9993543566993,48389.47285592778,0.0017366468035163048
2,0,75.0,-0.5985069115689896,0.12460794975110702,1002,12.764870308594222,558.6743335374249,43591.48371673156,558.6309157043844,43588.09596889998,0.0017260170757275861
2,0,75.5,-0.630536519331443,0.12399932229126884,1006,14.894127742411925,624.7593650108872,41946.69038804114,624.5883711520089,41935.20976548737,0.0019082858157192279
2,0,76.0,-0.6342999054367624,0.1258733415270047,1009,11.07273913731029,574.1824751800791,52011.07110570962,574.1685601538934,52009.81064331715,0.0017109603300924617
2,0,76.5,-0.6426149379243782,0.12871608672475937,986,12.235539645348682,551.909110545273,44204.90995997701,551.3581641449663,44160.78215785707,0.0016988969961271886
2,0,77.0,-0.6523236668728032,0.13038595827849178,985,10.705142106728433,546.3013373265402,49960.01023718595,545.8456706299872,49918.33888976451,0.0016996326400160963
2,0,77.5,-0.6549689915268999,0.13046006629938744,1000,11.619408851874242,550.4600058602078,47089.93829206627,549.779786322287,47031.74787727729,0.0016940330395158046
2,0,78.0,-0.659316221886499,0.13326754890190753,998,11.301713247244102,548.734575814962,48164.794779338394,547.9745408114545,48098.08323685051,0.001692516981650979
2,0,78.5,-0.6473383960819348,0.1334595435466269,994,11.758670254518218,567.8614903302479,47713.48632985987,567.386168862817,47673.54834370525,0.00175287073193323
2,0,79.0,-0.6386725017461146,0.1353496668811656,1005,12.937949683992944,555.7874380965983,42914.964443357196,555.2508412572555,42873.53127538262,0.0017208600729451131
2,0,79.5,-0.6305134994299948,0.1367154868101792,993,12.571400366496821,544.0787857604022,42716.46323321738,543.3078767021432,42655.93797602094,0.0016709185194114756
2,0,80.0,-0.6373950614929527,0.1386429719426954,1000,15.159366085882262,552.1920440095503,36207.24564839538,551.7533577461202,36178.48097951812,0.0017011478058165282
2,0,80.5,-0.6391025630448723,0.1406044548800284,991,12.554509442412545,549.7553219159912,43132.628524527354,549.336026981331,43099.731539381515,0.0016827324351810816
2,0,81.0,-0.648836576370158,0.14185770565539857,992,11.671178037367667,536.1646003169432,45296.05273948338,535.8041182718093,45265.598633191454,0.0016485305966708241
2,0,81.5,-0.6623765516419695,0.14263496735862127,991,11.740267143279844,540.4173813976556,45340.63102485593,540.1734623013513,45320.166387473524,0.0016486437538904364
2,0,82.0,-0.6746714194727446,0.14480825568376737,986,11.338544946695993,537.4101950019755,46448.81627914728,537.1775865172568,46428.711731685864,0.0016729611809810667
2,0,82.5,-0.6919629504079126,0.1467205916682213,997,12.1243159775748,548.1962364840284,44807.67998462704,548.1202355720552,44801.46793077552,0.0016924600987194723
2,0,83.0,-0.6931734562612064,0.14747668088342145,978,10.255244271682677,533.7030544679845,50584.789128359116,533.1112446898746,50528.6969389306,0.0016619057517060433
2,0,83.5,-0.709961546557011,0.15039742792056845,1009,14.938770656778075,555.4156731029341,37291.01496510903,554.7267805139481,37244.762212280315,0.0017159784700031648
2,0,84.0,-0.6903293317547394,0.1506163765983208,997,12.621590631410445,548.6586393896837,43078.620398451036,548.5126498458515,43067.15784653007,0.0016831283802398191
2,0,84.5,-0.6898779917952282,0.1533521710892429,1009,10.464221040445105,554.3868334016771,53138.21179356796,554.1089802873109,53111.579455371735,0.0016879750156347944
2,0,85.0,-0.709450252945004,0.15443561004936973,989,13.313610545183323,547.6064882810855,40432.095873125516,547.120189875194,40396.19041146513,0.0017197748358656045
2,0,85.5,-0.717331619541028,0.15685358160904728,1000,11.39560383055014,549.1588061297709,47901.26626108236,549.1510494563237,47900.589672678514,0.0016791624973353553
2,0,86.0,-0.7178644274777213,0.15785800398564104,977,10.78843547106122,538.1680085535315,48437.15640763587,537.5416248541599,48380.77950537591,0.0016715894623419033
2,0,86.5,-0.723666759432902,0.16034934727903766,1009,13.139185542688772,554.9891289986163,42365.951418911136,554.7918958022884,42350.89531857112,0.0017092435298735362
2,0,87.0,-0.737024881941835,0.16037963289464277,977,13.069775047561834,541.9527067143725,40263.59109507589,541.50873998872,40230.607230469206,0.0016800798427002452
2,0,87.5,-0.7476998177315863,0.1630133366261858,998,11.22476084153611,545.1946861246432,48182.151608464286,545.0779022804247,48171.83071387239,0.001683805118865851
2,0,88.0,-0.7233781972313267,0.16501207939058374,978,11.386142915371003,542.9595718566461,46350.78865312694,542.1815450496778,46284.37089761534,0.0016881628913267203
2,0,88.5,-0.7203780298842162,0.1665290434103709,994,10.822298951013309,536.2869180341328,48959.234762971726,535.9577646783531,48929.185369863815,0.001687141254989697
2,0,89.0,-0.7259824288098855,0.16742502605430834,989,12.10500144684638,542.558735728184,44059.08083222497,541.6757166148342,43987.37429074008,0.0017087082126383594
2,0,89.5,-0.7237435725004673,0.1699113287560101,987,11.685752816923657,541.2095948660211,45433.66789298016,540.5888824195944,45381.56008961615,0.001687705326000805
2,0,90.0,-0.7462864152456632,0.1714514051178482,980,12.375435327653165,541.964032302781,42654.900897374144,541.0465773266341,42582.69324381627,0.0016917946968687415
2,0,90.5,-0.7628134863475537,0.17321438591250632,993,13.20677618823657,555.4112512676261,41508.305826324744,555.3461645664449,41503.441613200346,0.001779194455351671
2,0,91.0,-0.7533534347941213,0.17507305675753546,981,12.54971172133463,545.2737594555941,42362.87870783581,544.8459665948278,42329.64304087319,0.0017158679005924357
2,0,91.5,-0.7636513556765294,0.176046757830769,971,11.219900128140527,527.6367564276768,45380.92711499855,527.4554659195951,45365.334699887826,0.001688866253434525
2,0,92.0,-0.7822936181846245,0.17766522908479185,994,13.45292126843609,551.0272399075211,40468.15573848366,549.9678569099457,40390.353276050446,0.0017402446190793665
2,0,92.5,-0.786890102360374,0.17931781439188663,979,12.037235491174098,531.9941142860077,43002.42140978472,531.395321775552,42954.019506116674,0.0016799808489449837
2,0,93.0,-0.797647911171623,0.1815533077503775,998,12.356659649689412,555.4836519356139,44594.55858962495,554.3590939977971,44504.2784082539,0.001741143232387174
2,0,93.5,-0.7854230422365731,0.182903454417737,986,11.33245484503773,545.4691096400066,47170.691148289035,545.2244888459561,47149.53700459752,0.0017343977423194537
2,0,94.0,-0.8209727746446731,0.1850865043000756,1033,11.863674510085627,593.3715259459757,51366.25727791639,590.5966910924798,51126.048783312326,0.0018838301988724165
2,0,94.5,-0.8206501152024117,0.18647368640211368,999,9.873448004227804,548.7213552286543,55186.42580674313,548.5542197425873,55169.616528201994,0.0017075331267449717
2,0,95.0,-0.8384704121276911,0.18906391290268063,1003,11.461782125704188,573.628404249842,49896.91068673631,573.0927274542132,49850.314986400655,0.0017989349155354483
2,0,95.5,-0.8194790907599412,0.18987014163314347,974,9.546067190426044,525.6354201778597,53301.016699575484,525.3026626731468,53267.27408514205,0.0016324525422378702
2,0,96.0,-0.8162523521081937,0.19259182306385658,1018,13.874942276529596,595.921844540463,43464.89481942474,593.8530301363087,43314.00120593954,0.0018715769986495797
2,0,96.5,-0.855843528824451,0.193162930500609,999,11.578473212068861,577.8086888125227,49554.37711707708,577.4836613577927,49526.501916553185,0.0017930386633789564
2,0,97.0,-0.8576853156046127,0.19586298767155583,990,12.157522394147183,549.1291445670605,44445.164132629274,548.560046105983,44399.10270106902,0.001726683990960277
2,0,97.5,-0.8582420905659234,0.1984029478676182,1012,12.132521159806572,590.2912703876743,48945.557991465954,589.5221378102583,48881.78333468284,0.001823501671177775
2,0,98.0,-0.8400184095271044,0.19856854233255078,1015,14.232289088546384,565.2948132598299,40076.64986500246,564.2327467804091,40001.35452276563,0.0017476506744664995
2,0,98.5,-0.8316379286625022,0.20162681709713073,1018,11.536214712792999,565.7393035361684,49628.77247280268,565.0433741748808,49567.72294042513,0.0017448077509801588
2,0,99.0,-0.8407205398472684,0.20307251324480177,1005,11.411999266803697,550.5298852252828,48193.07664520182,549.4179684282109,48095.740073904795,0.0016797482956819492
2,0,99.5,-0.845555639490911,0.20507050073270922,1002,12.491528296641198,553.4346829500213,44127.582400500745,553.1193280259787,44102.437878798715,0.0016711927606060616
2,0,100.0,-0.8421112100675714,0.2066647073355708,1000,10.118739289318047,574.3641987223953,56421.852288728944,574.0263980998442,56388.66892376467,0.0017407303252115537
2,0,100.5,-0.8326998283719007,0.20869865043137564,989,11.58732254365239,569.1284211536843,48281.49349312312,567.5439350637872,48147.07505258165,0.0016918131546266768
2,0,101.0,-0.8434532569850717,0.21025016107611824,996,11.44418061283864,572.8626976172712,49556.54667009186,572.53130796743,49527.87919581461,0.001731458119087283
2,0,101.5,-0.8613273586399828,0.21279992210566187,1031,12.570954565691705,586.482816531391,47820.1463383937,585.2685431969156,47721.13793283999,0.0017537366503552266
2,0,102.0,-0.8701783765670541,0.2147204183493139,992,10.147347745528823,553.1254978812086,53746.23542897509,552.8798937106316,53722.3705020738,0.0016565731229945672
2,0,102.5,-0.8862703421490892,0.21620860905270173,1020,10.605516504944092,573.7163878684156,54853.37909071881,572.6286704921589,54749.38175885759,0.0016968104545639902
2,0,103.0,-0.8919628089510638,0.21895052600903514,986,11.970574615279991,540.1446387636003,44220.24530991547,539.2461782921769,44146.69067362667,0.0016419538486778015
2,0,103.5,-0.9094138521351169,0.22060534333720744,1021,15.768853018681911,604.5083396149629,38910.62742371068,604.2519300046246,38894.12300489308,0.001820720528339382
2,0,104.0,-0.9162298047681077,0.22236295782724594,989,12.11342651436512,546.0270528115227,44309.889714294295,545.1469784281766,44238.47200950173,0.0016278324041734203
2,0,104.5,-0.9341339270620637,0.22391170734769264,1026,10.558166052048247,577.9222124657451,55831.7281438004,576.3490929579199,55679.75270696111,0.0017270010634784188
2,0,105.0,-0.939666398864162,0.2260866243669371,997,14.17450024286957,562.2527856723763,39309.49952761958,561.1996337098575,39235.86916485732,0.001702564215141622
2,0,105.5,-0.9433431188225256,0.22797071111611825,1002,9.36138136895527,560.986366567555,59685.89453627189,560.5615360423758,59640.694881819,0.0016676485086491609
2,0,106.0,-0.9434688970477652,0.22977247707599158,986,11.388347010067413,554.0376280878718,47676.530671759036,551.7953377728505,47483.57514390427,0.0016674592688921731
2,0,106.5,-0.9517797934036878,0.23235145106198266,989,10.442658258173328,562.9204711399908,52989.46010203013,561.5336066314699,52858.91021921566,0.0017001046305377004
2,0,107.0,-0.9559130305230497,0.2339549746141419,980,9.517639912579462,543.5259759481748,55622.43428371586,542.1751820367541,55484.19904033532,0.001616070649903924
2,0,107.5,-0.9510476427658858,0.23624338472160655,1001,16.01640164082849,563.5959463580107,35012.73127396504,562.9381453945782,34971.866167476524,0.0017152571045809084
2,0,108.0,-0.9456340753071402,0.23857256579708788,1007,16.410429903254364,565.002172737811,34463.8853610039,563.4109145543426,34366.822124328064,0.001701322000383029
2,0,108.5,-0.9333874558665087,0.24032750566985983,995,12.395728794127274,557.9867171274788,44519.27534107764,556.4060424806588,44393.160350045764,0.0016828059883248767
2,0,109.0,-0.9347434960931906,0.24284589789005162,994,11.224712093256606,556.4451868745778,48978.347067125505,555.0582612028321,48856.26976551632,0.0016584384973537276
2,0,109.5,-0.95326175304956,0.24404614072687064,1017,14.468971007245585,576.719392302219,40297.49629918842,576.3549124835085,40272.02875926925,0.0017360819799461605
2,0,110.0,-0.9482621166029048,0.24623102223529894,1000,15.211057280083626,566.7873148687361,37037.96393674657,566.0075910987184,36987.01117172001,0.0016888502523419602
2,0,110.5,-0.9690866820200341,0.24845211688374932,998,11.966585024952543,554.3683221053421,45955.74881069132,553.8342939150433,45911.479207987475,0.0016795165194876819
2,0,111.0,-0.9772424254962289,0.250141078663716,1001,12.923931122751267,555.9540120656952,42802.32049763556,554.7741871634611,42711.487006914125,0.0016707580884449326
2,0,111.5,-0.9969254639145362,0.25166527524467197,987,10.09153565298421,553.3262365244402,53788.9431991412,552.693681566937,53727.45241769336,0.0016594874502489953
2,0,112.0,-1.003854265346888,0.25422881826329924,1005,10.89031661776415,576.0788257746464,52845.36411091288,575.8940424612373,52828.413407221255,0.001739150632921794
2,0,112.5,-1.0077937278317535,0.2558186714319374,999,11.799063073060832,557.8322632640242,46946.73076931691,557.4138096166247,46911.51403479361,0.0017146862320587886
2,0,113.0,-1.0191795201025258,0.2585059569793414,1013,12.64994935072102,592.5349652783356,47168.78253755809,591.7751060546481,47108.293897086995,0.0017679138097699532
2,0,113.5,-1.0093641935011988,0.2602390952210508,997,15.563143965833943,557.1599408322321,35477.760957353945,555.6048726120742,35378.74030898369,0.0017109787693133614
2,0,114.0,-1.0233867830262966,0.26295785559092466,1016,11.698550686319944,585.9780978998901,50590.70091229101,582.8450105874259,50320.204312290014,0.0017836710754735123
2,0,114.5,-1.0352658056097965,0.26431430903948827,1009,12.806078772153159,569.1956801881913,44580.646221713556,567.7508126443157,44467.48104662042,0.001741626250723908
2,0,115.0,-1.056044220060926,0.2667997033291623,996,14.145905750812727,562.7386515868528,39383.21623830814,561.093169814223,39268.05733766228,0.001715314957030708
2,0,115.5,-1.0201247615608082,0.26805257793465914,1162,20.930522849328824,60805.105868134975,3358286.9806722496,50231.029419261205,2774277.0893335794,0.15834442730843334
2,0,116.0,-1.021006413360709,0.2701991741691808,1122,17.178453853407145,65934.5149102503,4283442.460407753,49522.27567149823,3217219.6706999037,0.16496710801938455
2,0,116.5,-1.0208911662253257,0.27192550372895763,1047,15.98495513566716,60965.9656613773,3970331.459478627,45066.54487759787,2934901.776039382,0.16058730712855385
2,0,117.0,-1.0195325393020767,0.2743269900152838,1027,15.522814023854826,64871.8347821804,4266890.217896077,45445.85874721442,2989163.0286621978,0.1715732414319094
2,0,117.5,-1.0209901725884691,0.27725798661162815,958,17.78691372622501,60882.74657318521,3258596.495704345,35162.68235496943,1881994.4885984112,0.14350915263425318
2,0,118.0,-1.0203042104446212,0.2757106675564387,877,10.505536901079768,66063.10187224387,5477203.333111923,31212.815017955014,2587812.7064447873,0.13368909711591484
2,0,118.5,-1.020952018780946,0.2769783215603958,798,9.049808047648323,61120.30226451521,5348984.104262314,23678.277700058406,2072220.2990061706,0.11106061709645661
2,0,119.0,-1.0209850795675663,0.2809638973477621,757,9.599750181792388,58952.434434507275,4611919.8335272325,27134.169927920928,2122738.7411100157,0.13418865257861354
2,0,119.5,-1.0200137244512746,0.2855876903860571,716,9.932559706311855,59223.265893234275,4233402.066284657,25592.33308021856,1829393.1296892497,0.1372286609985621
2,0,120.0,-1.0209480114218508,0.2896126598007144,660,7.471095306190564,53019.65419964497,4641200.844785926,26365.079672746746,2307929.6139736013,0.15062166781818884
2,1,0.5,0.014616386762669742,0.00841134818411952,0,nan,nan,nan,nan,nan,nan
2,1,1.0,0.005143941166970478,0.0042213440821151785,756,16.491706850613113,61108.763783532595,2779067.8825912774,21960.820958213088,998721.1067875299,0.1071401441440405
2,1,1.5,0.002832043999458689,0.0018862791495190766,758,11.672953252874494,56512.981055905475,3640703.4992259336,23856.157459098442,1536871.6057201975,0.10693463524256032
2,1,2.0,0.0038587468933006797,0.00291585509313465,847,13.599507283929269,59159.783673093945,3658469.165854728,24372.812658924835,1507226.3294698931,0.10379080888391966
2,1,2.5,0.0022575813839922354,0.0035550847725420117,956,17.49378453834357,58657.267429061976,3185383.010489807,24881.762124205536,1351204.1357423416,0.10023047500826492
2,1,3.0,0.0010344127884565069,0.0024674986611104826,1014,14.418528416140944,61607.82478396279,4307005.929448067,49096.487846177406,3432337.7754380023,0.1843779372585081
2,1,3.5,0.002212474571722023,0.0013487721612552037,1041,17.827116844468897,60487.18239064434,3511741.9333985406,41426.59307844347,2405129.455887984,0.14877906286964318
2,1,4.0,0.0009177839978571356,0.0024988265734054685,1137,21.856902629569284,64112.257541965184,3317531.514363137,38393.489724323874,1986696.7252471126,0.1307866998230326
2,1,4.5,-0.0007782638365343431,0.0006448689466039652,1190,22.66391747373639,55115.60521378553,2879329.076658686,53553.75260523952,2797735.3499491964,0.17563310880875654
2,1,5.0,-0.030976936859980597,0.00016743247512961937,1016,11.24796724544197,599.7330354528477,53852.4297403904,599.3043284972221,53813.934426905435,0.001916267815133053
2,1,5.5,-0.011654676555857613,0.0020084465536598585,991,10.898693646404116,588.9539835450877,53228.36778546523,588.6881099192748,53204.33871097958,0.0018577404152986515
2,1,6.0,0.00025119928667027835,0.003204341937413627,1027,12.299340451436525,644.5784888973546,53508.124257779484,643.7417596383937,53438.665202086835,0.0020473919430503205
2,1,6.5,-0.013654020058712746,0.0010317046105481266,1058,11.01632094006096,660.4214336888986,63066.7309005321,659.9212321599158,63018.964317536476,0.0020944565039136844
2,1,7.0,-0.008757038271789419,0.002213289436815959,1019,9.441595583611461,605.5293683786576,64967.964867327115,605.2575280769604,64938.79879860698,0.001927128417972914
2,1,7.5,0.003137724315704027,0.001613154329446551,999,10.769390146751169,572.3191465990259,52771.13233234262,571.949578972923,52737.05606175353,0.0018464615770257351
2,1,8.0,0.00223391784444793,0.0035725626000129916,1034,11.724178921764995,608.7987951425351,53380.724192522764,608.0917824495473,53318.73187278409,0.0019360806453973306
2,1,8.5,-0.013302932085982988,0.0026196319891098213,1064,11.160648520511344,620.9729601495111,58866.596383780896,620.7981897753263,58850.02861394676,0.001971387634433558
2,1,9.0,-0.024387774082795133,0.0021338175603462625,999,10.859069402240651,558.8643043797763,51104.95510182571,558.3489760420389,51057.831262717766,0.001790740877725621
2,1,9.5,-0.01868921559889891,0.0025992039144460103,1036,12.376686011140013,604.7341900025995,50326.57491205956,602.3256641460265,50126.135018049376,0.0019080479882690275
2,1,10.0,-0.010117187544128825,0.0026820826997345924,1015,10.674705009647704,591.5316716897449,55913.06328329635,591.2709742505327,55888.421504818405,0.0019067260962602158
2,1,10.5,4.411212396071562e-05,0.0034740651824564407,1006,10.08495218255089,557.3747513093871,55267.961733498734,556.6608195806901,55197.16995226132,0.0017817666374159117
2,1,11.0,0.001668321106608417,0.0012451177138542663,1020,10.448699387732251,591.7320440212867,57424.97418789365,590.604849382743,57315.58494038355,0.0019128914819373517
2,1,11.5,0.01428435483794388,0.0013937928147705644,1046,11.494628799990824,621.8127621367929,56259.77870836342,621.1587555413117,56200.60612687901,0.001991329823952494
2,1,12.0,0.011865557616481226,0.001241347874138646,1008,8.959205365257313,568.6183655470257,63594.43489124173,568.4736690028544,63578.25198981814,0.001833374702252651
2,1,12.5,0.012581780474159032,0.0019773865840373175,976,7.530477470357179,532.3505631026608,68572.01926999305,531.5103741949,68463.7946263717,0.0017177745831501584
2,1,13.0,0.021349091582752777,0.0015113877366019404,1081,10.063102374632493,656.5248063173909,70133.85539734906,655.9893951086075,70076.6596113961,0.0021045408513568364
2,1,13.5,-0.0037633594695520856,0.002895020395692509,1038,9.010283370895813,597.7766179245039,68466.8222190169,597.4429144324222,68428.6012231112,0.0019220757235313833
2,1,14.0,-0.002393147567953946,0.0012361085463375228,1056,12.442354000601199,637.8149897915836,53824.68134637572,637.5197673350483,53799.76776657024,0.002072656216986328
2,1,14.5,0.0027384321510268705,0.0003111712038018667,1002,10.774016728246167,550.5390952183124,50894.383466090956,550.2093459838957,50863.89991981819,0.0017842921400008835
2,1,15.0,-0.009429029441061942,0.0007706600464108487,1018,13.957328461304733,591.9529864557107,42920.5649171331,591.0789737625522,42857.19313019489,0.0019078704998217921
2,1,15.5,-0.011484100011493581,0.0013318224620025112,1004,8.579022363582318,556.2160020614194,64704.758483168654,555.4411634286998,64614.62129472435,0.0018059342099863832
2,1,16.0,-0.028961280756183427,0.001592947176981891,1052,10.678985858641724,635.5673502237861,62253.42529095151,635.021751656423,62199.984251791415,0.002072501458943931
2,1,16.5,-0.018438730751729082,0.0011821162824583644,983,9.8681962600783,552.5651036728871,54706.66493251596,551.8041429697424,54631.32607753392,0.0017975708915800703
2,1,17.0,-0.012666222192411425,0.0007361904253140343,1013,9.122035752969925,567.9932256563662,62701.92243543233,567.4749399012642,62644.70782133505,0.001842719149216748
2,1,17.5,-0.012441872829608513,0.0010880009047717141,1065,13.261477497130265,643.4375068628931,51381.93085312374,643.0084499619788,51347.66836177113,0.002081055680766585
2,1,18.0,-0.012086014216592389,0.0012744430190002648,1017,9.4346899841917,572.7568806404936,61375.329480648405,572.1899676755551,61314.58037193226,0.0018364575339870175
2,1,18.5,0.00034093046585681464,0.0022956187127559902,1036,10.386571186338763,601.7699526528786,59675.42513430276,600.7403290200174,59573.32095354656,0.0019526039519354762
2,1,19.0,-0.010039115079923278,0.00036597103706568796,1017,13.846704760557477,581.454733021925,42454.19724407404,581.3432756818858,42446.05932442253,0.0019000773082934834
2,1,19.5,0.005392245326479639,0.0009876773612815986,1033,10.268704524165017,588.24590024085,58832.01119729138,587.8667121052235,58794.087599979575,0.0019062801122361347
2,1,20.0,-0.0013043303591651068,0.00022538476974518949,1020,12.446769251729474,582.613219252194,47463.706635329276,582.4124275316171,47447.348751564656,0.0018486512734750354
2,1,20.5,0.003966556910732777,0.0018872516968239158,995,8.392217930350052,568.23083077606,66964.45400984508,567.7850710193054,66911.92243796634,0.0018091700850008995
2,1,21.0,0.012293397425455765,0.0008568728008141864,1003,10.841437979977798,570.3428019568531,52449.84794463096,569.5576664110354,52377.64533270568,0.0018137211719275624
2,1,21.5,0.017023790604735467,0.0017368054053833806,1006,10.319694604334767,557.2813502016764,54001.72888523189,556.535408969323,53929.445619015845,0.0017582899229445876
2,1,22.0,0.023156533315187744,0.001529379751186166,1026,10.897026075381763,584.1644992215652,54679.85348333873,583.4700179965791,54614.84759599061,0.00184841562452273
2,1,22.5,0.012102707053170292,0.0010822348210552306,1006,11.443383132606836,566.6015685075814,49513.46659827406,566.4042203055767,49496.22098133388,0.0017725115903958113
2,1,23.0,0.030349431806001803,0.0016542176011552473,1033,8.690075046599224,595.1392041712562,70334.02581754117,594.6290763518915,70273.73850498309,0.0019046501712060135
2,1,23.5,0.011539048814281472,0.00038154206438157414,983,10.781441325707014,561.9230102073316,50920.72241431609,561.6508625528588,50896.060752634,0.001789300226938092
2,1,24.0,-0.0028304840915751583,0.00036034587541957936,1018,11.746638112536509,574.1805809102273,49466.98300520612,573.8421019422333,49437.82226046126,0.001818747755721819
2,1,24.5,-0.003857301427672155,0.001394285802072285,1045,9.177103102024546,599.8951048627466,67918.0572587106,598.9190851520477,67807.55566925014,0.001924119644245543
2,1,25.0,-0.02059009973805459,0.0007700670865765758,978,10.690479994823843,546.9816235711876,49732.67228119022,546.2502833798985,49666.1773561469,0.0017735486218818488
2,1,25.5,-0.020511072038335243,0.001193325057808404,1042,8.275315621967023,610.2922880150077,76403.4677668597,609.8828840051243,76352.21382397524,0.0019507846667963654
2,1,26.0,-0.02818385931778522,0.0011736551590351295,1063,8.444585942707281,633.7252739790879,79322.7304619209,632.5790267398619,79179.25589252438,0.002020154397902898
2,1,26.5,-0.033482923018691935,0.000995088990598653,1042,11.477434190959347,608.0435777068863,54884.492128086065,607.2152864015079,54809.727178176974,0.0019780359075386457
2,1,27.0,-0.029157875497556773,0.0013509858709564845,1051,7.9488357830411065,625.4201971357679,82221.36220265877,624.612932373406,82115.23450047777,0.002004818402539322
2,1,27.5,-0.021959644746825546,0.0007949914790241777,1052,9.27981035601512,609.5991813233343,68712.6912298259,609.2933407985164,68678.21755238138,0.0019469113119047557
2,1,28.0,-0.033210536010596314,0.0007906164109983438,1013,10.509268279699901,573.4729135045875,54950.278985133125,572.9035555575632,54895.72300298535,0.0018604056435479945
2,1,28.5,-0.019417470690452632,0.0005350430323494478,987,8.975191073563305,539.0732826315093,58921.4074582989,538.7967501529541,58891.182100505495,0.0017395856914300138
2,1,29.0,-0.031580716770093886,0.0011003025540305825,987,11.83843666579377,557.3329760421088,46183.771128926295,557.1374371820283,46167.5676700445,0.0018181658463233162
2,1,29.5,-0.015821075524677042,0.00019639897969434965,969,10.929739015814192,530.5074083993237,46742.070743808305,529.5958644836566,46661.75621941597,0.0017307197474183977
2,1,30.0,-0.02202071563553787,0.00048062899395706827,1080,12.174763665728316,664.2002064962118,58592.59706083646,663.352344010591,58517.802647198674,0.002140346605271561
2,1,30.5,-0.022050416624900038,0.00036196686862875993,990,9.802137028299999,555.5738749047179,55771.99046778219,554.7871419211749,55693.01327601562,0.001797510804285519
2,1,31.0,-0.024442497009285802,0.0015923278784682065,1053,11.297765010371037,620.8264384452343,57533.97069734353,620.1212707769482,57468.62055525633,0.001986745295093287
2,1,31.5,-0.01474304664049697,0.0005719198085273258,1003,9.348082284059412,557.9466065146377,59506.61855465952,557.5412723688336,59463.38849622756,0.0018317308906482855
2,1,32.0,-0.014236647211905762,0.000836943456832486,1028,10.825551985802448,598.6107654761194,56512.61045339164,598.5525613809468,56507.11562177988,0.0019529587148856594
2,1,32.5,-0.006989591059912925,0.0010889385483989066,996,12.00703315290974,560.3412271222115,46201.07297001644,559.4889875822719,46130.80439210918,0.0018781554208104918
2,1,33.0,-0.02093933557487304,0.00032289592700736184,1012,9.24703865877343,571.7292488503488,62199.331652815075,571.6046738396681,62185.778939847245,0.001854820977863795
2,1,33.5,-0.017339533921926886,0.0007854520701924357,1056,11.246004481154356,623.4398084506489,58208.38858548882,622.776892338254,58146.49443284278,0.002024296589040274
2,1,34.0,-0.042230332871731946,0.000901885084091205,1065,12.15150194054198,631.8069047258265,55061.795272593925,631.2077248545855,55009.57691417626,0.002053928286779078
2,1,34.5,-0.039619594929824586,0.00017989809133700857,1052,10.011562745173496,609.7443209033347,63705.594810596725,609.3346337899217,63662.79103145279,0.0019854821101442026
2,1,35.0,-0.030199366935207195,0.0014356826306911247,1057,8.452597792401289,625.1621758043478,77732.96008015901,623.3267148126133,77504.73799392096,0.0020196175886558992
2,1,35.5,-0.03355572973446641,0.0002829068812741711,1057,10.488406302925805,624.607409834895,62589.33614665084,624.3135446136371,62559.889123087705,0.002068582025887348
2,1,36.0,-0.057846577907888275,0.001078127410369127,1066,10.622923337656093,645.2519520305165,64385.95548626656,644.706387201938,64331.51673151784,0.0021003907281635192
2,1,36.5,-0.05059940868181201,0.0006613387754723447,1006,10.823650953848889,565.3080869057687,52228.96500600338,565.2827014542615,52226.619637364325,0.001847727910816315
2,1,37.0,-0.06275152328682765,0.0004851336450792944,985,10.63158994054713,547.2947066298709,50397.12035423649,546.1686408347647,50293.42764039276,0.0018238452002272382
2,1,37.5,-0.07213771053562823,0.00038613732678974115,1052,9.4479175850716,632.3947562491732,70013.83205139614,632.0994639763409,69981.13958614107,0.002072283443871165
2,1,38.0,-0.0868513076850661,0.0008790356472234249,994,12.479635492182723,567.441370899334,44923.753966990735,567.0396372129816,44891.94912121901,0.0018499099298177673
2,1,38.5,-0.09101414416085873,0.0013133265393708337,1069,11.534074010094574,645.3173864165439,59473.55471799694,643.8605289939785,59339.28824469085,0.0020826291243039694
2,1,39.0,-0.09288606804443589,0.00020121681750012648,1068,10.590107484370431,638.7014689024666,64050.432063649976,638.5941503032789,64039.6699110934,0.002072241522678457
2,1,39.5,-0.06691623410618064,0.0009374963560965417,1012,10.24888464056182,583.850601287641,57309.03659221687,583.5674941636204,57281.24763988175,0.0018624297173647243
2,1,40.0,-0.07705324115212164,0.0008283264186688103,1054,13.088823397450938,633.8697738108411,50752.88303478323,633.2730030348965,50705.10060589724,0.0020214700802247557
2,1,40.5,-0.06775672647614073,0.0008276489631924144,1064,10.99082116075104,633.0119099973498,60935.08310087282,632.6565935008623,60900.87957342155,0.0020378740548497687
2,1,41.0,-0.06934739661142686,0.0003765377142385337,997,9.617467935698043,564.8403766980784,58202.09820820871,564.5239125887657,58169.48921648388,0.0017981319420992737
2,1,41.5,-0.06550515701818682,0.0005300063987076939,1000,11.4059891897152,555.1655085299983,48381.11857728293,554.5580835270674,48328.183190191936,0.001766310862589153
2,1,42.0,-0.08080512882873592,0.000383162637161088,974,7.566154485363322,532.7574395926251,68160.01477676636,532.4845016334416,68125.09559225847,0.0016888189512462674
2,1,42.5,-0.1140027060757518,0.000372151513348374,1069,13.886981069932492,657.7001867450787,50344.65698406956,657.4719999361137,50327.190079152766,0.002082987011038344
2,1,43.0,-0.12187392517125772,0.000714313450054834,991,9.231733603743937,539.7854033458558,57593.58373166674,539.2693394391388,57538.521164879705,0.001765016998128256
2,1,43.5,-0.1459213877643606,0.0010747178671317971,1062,12.12140413602587,642.682275391399,55989.59288852053,642.4126041870737,55966.099505363614,0.002088289838329433
2,1,44.0,-0.13520191699012685,0.0008883594728930383,1050,9.215905113592658,602.7017466255722,68275.51018825614,602.1394292104168,68211.80951271897,0.0019114539020519698
2,1,44.5,-0.15065514928733847,0.0016673021879867308,1060,10.730704132443666,617.7322772645558,60675.405099308366,616.8620146871343,60589.925456474026,0.0019725292740999743
2,1,45.0,-0.14331655552779665,0.0013412829668083492,993,10.278719629003305,546.5664475219812,52483.29589436474,545.9446009544716,52423.58392786649,0.0017540957404775937
2,1,45.5,-0.15948858823149692,0.0011176174616590376,982,11.889496656878332,539.9365789659581,44322.99501643804,539.5165124300958,44288.51206473424,0.0017319970267724726
2,1,46.0,-0.14971749794690936,0.0008480027855328927,972,7.883723619963681,532.1235547940935,65201.594920125106,531.7744536756956,65158.819234848874,0.0016833496454468006
2,1,46.5,-0.15676842849447326,0.0003276955971691299,1040,9.294245336026737,641.9050512609605,71412.98717724356,641.556158466584,71374.1722830437,0.0020190968925308866
2,1,47.0,-0.16534122529890283,0.00017044425264561624,1070,9.67513523739999,633.4950379557159,69667.11098562555,632.903808874335,69602.09197274834,0.0019849072827578286
2,1,47.5,-0.17002261717203737,0.0003125904404737456,975,9.002345895643382,546.9713370592845,58875.23449492687,546.8689880404651,58864.21778879431,0.0017217235323695348
2,1,48.0,-0.14738301645876817,0.0005930076044113225,1063,9.501762777436266,633.1690628285176,70435.31974919715,631.735917923983,70275.8931038919,0.0019202725024075017
2,1,48.5,-0.14716135386012041,0.000737439632135585,1072,8.89627970825884,642.3971371619836,76975.47409384469,641.779723270627,76901.49224640174,0.0019796485182928666
2,1,49.0,-0.14325789642373365,0.0009297156677599184,987,8.741537086707298,532.2852539325169,59734.55571124129,532.027442177201,59705.623347349654,0.001656500302696725
2,1,49.5,-0.16031482437112743,0.001133584653341723,1067,9.990218443733571,623.0541337604046,66170.7689018996,622.4053681109501,66101.86747016935,0.0019166622397906743
2,1,50.0,-0.14188908093945685,0.001042260109265325,1013,12.653690621358743,571.8695255309394,45510.249099785506,570.9448090925271,45436.658755170196,0.001764749934653898
2,1,50.5,-0.14228794977409365,0.0016828263798154123,1059,10.382843837887554,615.533950242751,62425.79198200556,614.9220420573585,62363.733905309164,0.0019116556896956857
2,1,51.0,-0.12114437089988428,0.0001634000162651397,992,8.437832452241988,557.4115451175713,65136.13378752157,557.1203347094381,65102.104495752086,0.001701849378940205
2,1,51.5,-0.1465304884447889,0.0010678536178045565,1066,11.096739825335904,630.2290248354493,60201.7148135988,629.7819651568345,60159.01008529205,0.001957854210121859
2,1,52.0,-0.12148459727357874,0.0005845785391382686,969,10.561815690958351,524.2464144276419,47799.47992521828,523.7425725387925,47753.54087902025,0.0016209838582892351
2,1,52.5,-0.12402956839554946,0.0006861727895789944,1043,9.119339434416144,600.0897405406429,68238.83082936131,599.6928830545387,68193.7024276772,0.001826551384785714
2,1,53.0,-0.13131263258025427,0.0008761484068045684,994,10.681048153503488,543.2092097842369,50247.006806236175,542.046215576917,50139.42951042039,0.0016838160693832844
2,1,53.5,-0.13961457244089104,0.0016880536308491356,1030,9.30662224626255,571.5542010544438,62887.639187761146,571.0169981662178,62828.53119530295,0.0017540151000717034
2,1,54.0,-0.1388006229935712,0.0010860033042611333,1047,9.120311835262259,600.2936499172434,68518.01789800107,599.9799100983652,68482.20737338836,0.00185870537038999
2,1,54.5,-0.1633648085771,0.0012974151807489246,1051,10.09418869619438,618.1845644996939,63997.502854858496,617.6315791836887,63940.2550984892,0.0019275027400894064
2,1,55.0,-0.15512645363807565,0.0002386856984082142,1038,9.54164145518265,612.3730809603902,66232.73600454371,612.1788311932929,66211.72643710335,0.0019140334016475157
2,1,55.5,-0.17530187475447434,0.0005697190417289569,973,8.543728087115898,523.1313479246891,59209.28291316208,522.6949864681931,59159.8944583647,0.0016110304030622785
2,1,56.0,-0.18812398941064856,0.001118694985557484,1010,9.705346520311119,563.9395971379989,58338.49974770409,563.7439916501485,58318.264724730834,0.0017379974160899026
2,1,56.5,-0.1851105014423453,0.0017022237957962465,1024,8.181925012605538,582.579045508202,72484.83302079148,581.8144554569736,72389.70226966002,0.0018053341448456784
2,1,57.0,-0.1815120550361442,0.001427829338870484,986,9.547962155398611,533.5160057622755,54759.92438359241,533.4973969277285,54758.014378341104,0.0016539832454361683
2,1,57.5,-0.18716254556547796,0.002565107089524028,997,8.778227604516045,552.5286002925131,62376.583014113814,552.2515395917038,62345.30481458743,0.0017034262884602868
2,1,58.0,-0.1902646324442685,0.0008201300471448897,1069,10.04724873946315,620.8609655017843,65687.15709567083,620.3645215342098,65634.63327037137,0.0019104990080033397
2,1,58.5,-0.19881458793508244,0.0014714227937164437,962,7.963369491960006,516.3663081924993,61989.6127048262,515.6873601403249,61908.10520495017,0.0015846665266589653
2,1,59.0,-0.23359920114450006,0.0007069291932922083,1044,10.550860396806996,586.8518997744613,57734.843326164984,586.5756072889204,57707.661505042764,0.0018053457336935526
2,1,59.5,-0.21679843780081143,0.0009799104724429778,1017,9.596608890670467,557.3181718490836,58713.3098950392,556.6064843876311,58638.33382466626,0.0017063059536433045
2,1,60.0,-0.2255372640732176,0.0017033052234365635,1037,10.375293900193416,576.9601573970126,57332.922613906,576.2638085275221,57263.72595390282,0.0017584917667311792
2,1,60.5,-0.2020172018673776,0.002793196822152952,1067,12.418250868607505,620.9293968146786,53051.439932316964,619.9110754003908,52964.43580975646,0.0019107786300384703
2,1,61.0,-0.19888282806245172,0.001193627287467195,1063,10.016508689265805,634.5236371325304,66958.60855867188,633.5733419288687,66858.3279058585,0.0019268388209990248
2,1,61.5,-0.18415166349765144,0.0012350903849751248,1028,9.357695205016707,580.2695195310044,63374.09329625924,578.8264789587494,63216.49172530253,0.0017768381930233122
2,1,62.0,-0.17832336012265415,0.000897345310538473,1076,13.33612249545246,633.2330531857853,50806.32448748382,632.7982247188382,50771.43680106732,0.0019354000620182147
2,1,62.5,-0.18300174954524806,0.0010792589536926963,1059,10.083302917869776,603.6734654830859,63041.66048876198,603.3559098946407,63008.4981373622,0.0018337610325333347
2,1,63.0,-0.18523975499367396,0.00022477714121238465,1057,11.748603582344398,598.0683392098983,53501.66256815467,597.5468967887155,53455.01566405053,0.0018577145325018108
2,1,63.5,-0.190333578690705,0.0012810236856509922,975,10.398193532978667,522.0608441453476,48650.4657152624,521.1249039106822,48563.24613385007,0.0016171242858528403
2,1,64.0,-0.19533285474155804,0.0008458095673033961,989,10.396061013606316,540.8800045641777,51142.93228855812,540.5429813548599,51111.06504438498,0.0016576699053435521
2,1,64.5,-0.18947374550694462,0.0018124480194981751,1023,9.104517166782838,576.0862624247291,64350.44474664605,575.4856837388801,64283.358429786014,0.0017872124040153987
2,1,65.0,-0.2047800284402399,0.0010760067155106965,1006,10.141668065888341,560.347475313746,55252.00308995356,560.0040159469596,55218.136928632266,0.0017334213991064059
2,1,65.5,-0.21801421789737674,0.00034791429538255506,1048,12.859122716991045,599.0957125703893,48545.90365433716,598.6430495595041,48509.223480446366,0.00187285918098029
2,1,66.0,-0.238548570772096,6.769949903977831e-05,1011,9.146625529820032,557.5451916756614,61261.16301659337,556.5334465924605,61149.995919470835,0.0017111669567047266
2,1,66.5,-0.2268025177262274,0.000799256491413712,991,9.833615993505871,549.5689550353072,55048.46041041966,548.9128569176961,54982.74128469076,0.0016613414442444873
2,1,67.0,-0.23921209702379542,0.0006687709481028093,1048,10.363852980116322,612.0199392210744,61533.56072224037,611.9694350231525,61528.482941386515,0.0018833614937138101
2,1,67.5,-0.2290490400398255,0.0008656690453866286,1008,9.541839836716145,555.3820007583646,58321.32736273219,554.9833864809523,58279.46840127381,0.0017107625174069194
2,1,68.0,-0.23967727794870086,0.0006982305150407731,1061,10.114165906055426,614.0989882930036,64056.14053267918,613.5765468684473,64001.64511427034,0.0018657999193961545
2,1,68.5,-0.22919985217562555,0.0017131408406568039,1055,11.40439405949028,602.5313108139228,55422.089218132016,601.8090925380011,55355.65807172566,0.0018293425009062764
2,1,69.0,-0.2589965102169174,0.0005279145410491071,1027,9.629997354999821,566.6039756695686,60072.98214451486,566.270817823304,60037.65979202641,0.0017613210068956877
2,1,69.5,-0.2428433957688867,0.0012477928698720769,1035,9.763204820637842,579.8401707216739,61112.67218438035,579.6545606175447,61093.1096738464,0.0017949111291118423
2,1,70.0,-0.25510541383471264,0.0006903864030226961,995,9.753634209554736,538.5091815992738,54603.80911967734,538.1800608640958,54570.4369016817,0.0016591941811878437
2,1,70.5,-0.2386616032410842,0.0002822973787539508,1062,9.838220073044187,614.5360185049609,65962.13854976693,613.6539299563595,65867.45826203121,0.0018720015858637892
2,1,71.0,-0.2521039850958289,0.001481083408902017,1004,8.22982186584188,539.100078064543,65374.66869623141,538.8978919786655,65350.15033884834,0.0016266702043783556
2,1,71.5,-0.2426759044432032,0.0008546349036851902,1021,10.312973161651218,563.9255755070268,55501.40101867455,563.143474874284,55424.4268881507,0.0017002500165485238
2,1,72.0,-0.2592349321537739,0.0014639483517935397,994,10.07853510362342,554.5297852198164,54360.62107877238,554.4139804033543,54349.26871878275,0.001696009502827879
2,1,72.5,-0.2413896614722688,0.0018257503043514706,1026,9.333638340055355,563.7353856161354,61606.21103785428,563.4797579697591,61578.27550084243,0.0017200433187699938
2,1,73.0,-0.26166147240368787,0.000465958371101075,1065,9.908417558912562,610.7128302298121,65272.268086000055,610.3791895427892,65236.60896228464,0.0018579077695170152
2,1,73.5,-0.24136395530894106,0.0004813069637422877,984,11.058095151102291,533.6686940850472,47198.72416391257,533.2718334690927,47163.62501915935,0.0016281636473709877
2,1,74.0,-0.25268342822049306,0.0006612248120787828,993,8.1802391194108,535.1523707296493,64569.67604489884,534.8044964922925,64527.702715359315,0.0016040613249808503
2,1,74.5,-0.23786506913076266,0.0002623962095392842,1064,8.273394301528537,613.647205989789,78473.08133461591,612.8510932339515,78371.27459544956,0.001855740212801304
2,1,75.0,-0.24922914902931836,0.0007667747626046102,997,10.790386448156113,545.162332574867,50068.259758575514,544.8065034721672,50035.58005405614,0.0016488504451722126
2,1,75.5,-0.23610980847109886,0.0005412230815616134,977,10.234242155605662,528.0826035514298,50103.192816048104,527.4340972867043,50041.66411920136,0.0016100906187295632
2,1,76.0,-0.24724936623798044,0.0008170977641706683,980,7.933077833667775,532.8125279485586,65417.15751476002,532.6684640406319,65399.469771205426,0.001601194889008599
2,1,76.5,-0.23965226989889743,0.001121224193504858,1053,8.281571725403445,604.8665222129224,76470.41766411535,604.2344600379481,76390.50902851563,0.0018253502253055662
2,1,77.0,-0.2556873750780255,0.0018851730587491678,1034,8.729120204610403,581.0845741142824,68432.4339896226,580.8777885471088,68408.08152819789,0.0017669404738468741
2,1,77.5,-0.24676423038023643,0.0006175209928745729,1055,7.516035077866442,608.0869893722418,84869.64805818282,607.6500839178032,84808.66992051342,0.0018581304833961783
2,1,78.0,-0.22349291451023134,0.001422547538127766,1010,10.247234314919506,580.2409448694518,56850.64776949094,579.9205534538506,56819.25656954587,0.0017647984995154272
2,1,78.5,-0.21227999963038258,0.0009109981677634328,985,10.16183266838765,536.0420828433079,51642.77116431446,535.6393812157586,51603.97453124283,0.001638647524406061
2,1,79.0,-0.1993524828826736,0.00045444661743073794,999,9.208188001075886,552.7359553297749,59606.38548847361,552.3164586011628,59561.14746211455,0.0016808342187026807
2,1,79.5,-0.19224791833741506,0.0007762516080901717,988,9.514884684743825,531.7373991073965,54878.87065627869,531.5922694516179,54863.8923011334,0.0016170959150049729
2,1,80.0,-0.19960621221622432,0.00045594969388367527,1010,12.306996742793803,552.9198958607619,45106.989710487636,552.5508258862345,45076.8811257395,0.0017157777890374189
2,1,80.5,-0.19243575617294084,0.0006716758930825915,1000,9.76733153987139,553.9625735962187,56375.561319575296,552.8829558564369,56265.690979967956,0.0017007228887071272
2,1,81.0,-0.20259364727944273,0.0005840448335778437,1063,10.109240802432005,615.1274500873551,64316.37424107225,614.8750090138294,64289.97955724471,0.0018638786730416454
2,1,81.5,-0.2108055947068408,0.00031940203462420475,1064,11.818101393121722,640.488377404533,57338.88048112269,640.1054984774776,57304.60374822374,0.001948018036558995
2,1,82.0,-0.23045950585191122,0.0007546017962936521,1053,10.225305301424664,595.570288403834,60982.24684518075,594.7828728129618,60901.62097638363,0.0018170971731764644
2,1,82.5,-0.23719547393528728,0.0017124025883698834,1022,10.092926863563353,557.639279390945,56134.51038732417,557.5235745474386,56122.863010642286,0.0017016133598662694
2,1,83.0,-0.2502896195553461,0.00021809844027039082,993,9.608158160402214,544.9656748508015,55981.7097198184,544.5825314094948,55942.351231931694,0.001661226035553066
2,1,83.5,-0.2478867206742308,0.0020872177733800425,1053,13.385145066315893,595.8284311483033,46606.320986551415,595.0320978383587,46544.03096493558,0.001811129034300387
2,1,84.0,-0.2587319010535367,0.00035793343248260637,981,9.994337407557987,533.570401655499,52052.58942135561,533.3056003057303,52026.75666171421,0.0016271634081324203
2,1,84.5,-0.2428595610003299,0.0010379469535793484,1059,8.50042216610356,609.9260860388201,75555.32608250143,609.3901869519393,75488.94093980396,0.001842597337896377
2,1,85.0,-0.2708687752463135,0.0016293332157217393,1033,11.075603414977564,578.5414195468378,53646.01959935797,577.7795373115778,53575.37305972529,0.001772829787214851
2,1,85.5,-0.2639268677399258,0.001251794259331643,1051,10.35549500706437,602.3121237606155,60780.88675630325,601.6757277431986,60716.6663749746,0.0018309376339148953
2,1,86.0,-0.2690767634004061,0.0002493843808924034,1003,8.195700305343955,561.2245183423239,68272.48727268026,560.5624544592647,68191.94776210548,0.0016849633141043027
2,1,86.5,-0.26112582148030583,0.0007476423330697692,1019,12.427447493212423,562.7882272741863,45874.62345265415,562.6761757103857,45865.48978025747,0.001733848481085314
2,1,87.0,-0.2723298592362511,0.0007221877590994234,1056,10.067973295699511,605.0489046205794,63101.215228985006,604.3407552759171,63027.36155555373,0.001841127760628854
2,1,87.5,-0.27001346422187567,0.000693606591839606,1050,9.443133351515648,596.6708671680957,65965.8571085953,595.6076110661676,65848.3072097331,0.001811870979706275
2,1,88.0,-0.2678646981905217,0.00046037693809495303,1058,10.319389470413084,600.3700393282096,61204.1325878937,599.440251754499,61109.34630907865,0.0017919535255846238
2,1,88.5,-0.2643144505945685,0.0013733239916542948,1016,8.63969170179509,557.5758451777092,65181.90961750161,557.2053536364052,65138.59829695539,0.0016943245911611648
2,1,89.0,-0.28342495025692926,0.0008678038183237478,1061,9.946751370104689,602.6622030033162,63921.23423125301,602.0965818370108,63861.24174644579,0.001824397431317237
2,1,89.5,-0.2534525382571644,0.00028355367723302506,1050,11.742729537474146,594.8235003017232,52883.423086024246,594.1904326983021,52827.13952981506,0.0018064875015582976
2,1,90.0,-0.2641762706093118,0.0004823896514150757,1071,11.532901169739123,604.585018355557,55830.10164329996,603.8529904763258,55762.50289430288,0.0018518049089960341
2,1,90.5,-0.25529893386344327,0.00028314292594413187,1060,11.634355635168998,627.4845741278801,56846.1857166857,627.0803387707173,56809.56451652557,0.0019233657999590656
2,1,91.0,-0.24996581512769467,0.0007821446318510085,1072,12.473285857497894,611.481517153879,52258.8277646346,611.2973996455148,52243.092595397036,0.0018660686370411954
2,1,91.5,-0.23829656843975044,0.0008144411881939034,1038,10.367084652542577,585.2253398900622,58256.73957609885,585.0123237126134,58235.534704865044,0.0017902124630312611
2,1,92.0,-0.246230864899033,0.0002957474625930691,1040,12.748735884813193,586.3983049359297,47560.468173636174,585.7005536022688,47503.876297741655,0.0017909943183993865
2,1,92.5,-0.24032068850156918,0.0008779029019588463,1023,9.850552222763351,568.9075236458408,58735.68694055537,568.5515734627348,58698.937596149866,0.0017265829733528217
2,1,93.0,-0.25106685984093247,0.0004077806757880043,998,8.547190607493143,547.0628524692052,63492.950440778724,546.407433303029,63416.88149102619,0.001690130155282904
2,1,93.5,-0.2419951867870367,0.000838784745990077,983,9.152377612815862,536.6429550862432,57285.6791207013,536.1025234381796,57227.98900535697,0.0016567899133990624
2,1,94.0,-0.26054408214582736,0.001100704511483877,1016,9.675728985390156,561.2353661564129,58584.497423800036,560.9017623324168,58549.67422208109,0.0017138120538709883
2,1,94.5,-0.25067914258666235,0.001147328813556679,1012,9.624056566425487,572.3038157163434,59822.76128957528,571.6192173783692,59751.20041259492,0.0017336162656284785
2,1,95.0,-0.25961042112031407,0.0011689906613189965,1013,9.980461832188578,574.4665562974774,57962.02940487627,573.6597695487903,57880.62693376942,0.001753074605894383
2,1,95.5,-0.24167661120399941,0.0004215165045074565,965,7.816814615000376,519.2316460419639,63701.542518188464,518.9308002021268,63664.63347344149,0.0015654291887414852
2,1,96.0,-0.2514447518859839,0.0010244192168703246,1000,8.759581203356024,538.9627626845348,61159.2008420649,538.4475221611588,61100.733539993475,0.001644770440566364
2,1,96.5,-0.24642124017421452,0.0012439313807849274,1064,9.25602522354936,614.0718802874936,70190.82528980359,613.055052597712,70074.59789523557,0.001880981221903778
2,1,97.0,-0.25843733809860225,0.0013079441490913774,1072,13.372691462280315,615.5624869969031,49069.37492647461,614.8674364321544,49013.96918380029,0.0018756576589482072
2,1,97.5,-0.24524007175611473,0.0011971080057738392,1013,8.1657204399386,560.5845860801775,69131.52150320045,559.9369658578304,69051.65671126932,0.0016972435017252017
2,1,98.0,-0.24475092961682776,0.0009771293419177192,1041,9.294185021200912,594.8571068906343,66243.25900844335,593.6414509307069,66107.8836188148,0.0018227759627821487
2,1,98.5,-0.2364510086262186,0.0005821419358252544,986,8.983408739607551,544.8859799539595,59441.607950058395,544.3356385472921,59381.57120964425,0.0016737101578139253
2,1,99.0,-0.24507894034798028,0.0010406035794479132,1071,9.616207339778832,635.1350309660556,70341.53737313308,634.5189307261477,70273.30394884034,0.0019285822707584906
2,1,99.5,-0.23359346814665116,0.0010162528076960067,989,9.461400282019184,542.8403566620198,56398.8473897318,542.2215866102126,56334.559763926314,0.0016628807503796532
2,1,100.0,-0.23663851842844963,6.567336857781533e-05,999,10.43919036133459,545.6362605965631,51902.186665663896,545.182620469341,51859.03536458215,0.0016885561236156582
2,1,100.5,-0.2290475327391306,0.0008341102190506178,1017,9.729244522083137,564.8764541175133,58698.29808640983,564.50769461853,58659.97899055137,0.0017233260264302005
2,1,101.0,-0.22920671837522377,0.0009656861498249696,984,7.73166432858871,530.4707354739655,67100.73759607162,529.6557507883376,66997.64788748237,0.001621187845127167
2,1,101.5,-0.22914545934946773,0.0009093359124840407,1062,9.713383419394779,620.4528699766203,67453.14195948161,619.0204083610147,67297.41049076815,0.0018990062394541947
2,1,102.0,-0.2412786052228313,0.0003099538206240105,1050,8.931723244817485,599.1333144536907,70030.73910206392,598.7403558811219,69984.80745611868,0.0018179314599812897
2,1,102.5,-0.2412136257528914,0.0013769295685472102,982,8.448047511127816,536.0912482259193,61934.43604327536,535.8408689606789,61905.50981356929,0.0016204401313158884
2,1,103.0,-0.26000439178874046,0.0003359335564899469,990,8.47909971598808,538.7520118480761,62522.20134395837,538.442171300245,62486.24433091712,0.001635447556536467
2,1,103.5,-0.2626378870427857,0.001497473217581064,1061,12.49104550482457,620.0336832421344,52368.357441960885,619.7926177816216,52347.996931646296,0.0019004892413739727
2,1,104.0,-0.29248651032165185,0.000864025544872203,1056,11.040627253243652,606.9014556611008,57718.32648882677,606.6274532562674,57692.26795804985,0.0018462971646635007
2,1,104.5,-0.3007250430519548,0.0003353017890813078,990,7.738416919087813,534.7595781271554,67998.84658310043,533.7859052622774,67875.03649260548,0.0015690829223749597
2,1,105.0,-0.3026141485495799,0.00031970281959837663,1052,9.867312479253009,598.9252410118955,63490.013457632915,598.5222941908404,63447.29844524126,0.0018397380322256315
2,1,105.5,-0.2951566095541409,0.0008557683114782578,989,7.953782675734711,536.0946153749645,66255.39424421242,535.9254638523754,66234.48897768908,0.0016269817158335483
2,1,106.0,-0.2972947756239108,0.00036934162869659346,1052,9.455274734152631,594.5176531395985,65769.15876783888,593.9823553558846,65709.94087121423,0.0018060088937957833
2,1,106.5,-0.3052563932995156,0.0009445861514989764,1015,8.503808299416704,563.3138131289171,66838.7171293671,562.4812637305653,66739.932877258,0.0016991145466033692
2,1,107.0,-0.3074564192010598,0.0009539247566101157,967,7.23977643086268,516.0469152129596,68499.50274784397,515.8998736148346,68479.98460703569,0.0015645182482520849
2,1,107.5,-0.3163262641971585,0.00033213301013636226,1036,10.526038914063225,578.4895731882688,56606.69367161888,578.2923213605154,56587.39207258009,0.0017480426168545087
2,1,108.0,-0.30661264873390337,0.0007137344749400581,1019,9.232641941905001,555.3997981744111,60938.13656923764,554.7279142464033,60864.41786300442,0.0016902439027424246
2,1,108.5,-0.3050634071205849,0.00036586972724235635,1078,10.875128869212094,630.6483519218405,62165.24340912875,629.3989135584693,62042.08184096327,0.0019230095717646068
2,1,109.0,-0.2962096784817305,0.0009493875583615319,1059,12.184641982143493,600.2068976896319,51870.03969368982,599.9458227232279,51847.47752567321,0.0018271969934313232
2,1,109.5,-0.29837286971313404,0.0007084412238240883,1043,11.045966679412741,596.686837491173,56017.2113891659,596.1732373900796,55968.99439555261,0.0018066423964697045
2,1,110.0,-0.29250611771573176,0.00031463666845590936,1053,12.701147087496281,592.1006897570302,48808.93181576519,591.6884246853637,48774.94736325383,0.001824237357859063
2,1,110.5,-0.308470797796474,0.00013709338806127847,1012,8.922548144964246,553.795113047324,62439.32503071301,553.601946935812,62417.54592624375,0.0017200617989089337
2,1,111.0,-0.3061899700076509,0.0006811201002702735,988,8.280762998717684,537.222217335381,63708.16523852187,536.8187600015515,63660.31999746354,0.0016466204533715494
2,1,111.5,-0.31214308471093943,0.0012442842185039018,1016,9.346958109293652,560.5972818399056,60576.20543900057,559.696562167237,60478.876783115105,0.0016966663061964084
2,1,112.0,-0.31279450052370805,0.0007240987695330646,995,7.831875638559828,539.7950858363429,68164.6855146326,539.4628095210602,68122.72605421975,0.0016524800375206951
2,1,112.5,-0.3131286048101458,0.0006621782128976771,1003,7.921037426175456,546.1252236827164,68739.33535680376,545.7708358202107,68694.72949523432,0.0016873527003844343
2,1,113.0,-0.30795005552377575,0.00047773556225951013,964,8.602043185431715,513.0722850972182,57140.2908038838,512.846265445387,57115.119246175156,0.0015965409808165558
2,1,113.5,-0.31395646157081103,0.001006173035557023,1052,10.699566317368204,601.9414919411234,58846.38516127136,600.5106700355873,58706.50662145042,0.0018369945873722004
2,1,114.0,-0.3062222455885717,0.0011289329283770304,982,9.611296405660976,543.0447159728676,55144.656914060644,542.8852230536644,55128.46085865124,0.0016893008711217675
2,1,114.5,-0.34458614057923853,0.00020416883864030245,1059,10.523048665794928,621.6534854676503,62206.413843282004,621.238742689487,62164.912168313465,0.0019248381012446933
2,1,115.0,-0.3406820634974679,0.0004273061016457637,985,13.397119021631799,533.1126591452288,38957.42752307117,532.5171309005143,38913.909050880684,0.0016236923491195847
2,1,115.5,-0.3316410786988797,0.0007609335790691492,1277,28.5484158199071,53432.421155444994,2378857.296915734,53323.620682775014,2374013.4063952975,0.1697783554847789
2,1,116.0,-0.32372707049523797,0.0013221441916277798,1285,24.276635253635387,58061.20950962165,3058920.076318473,58010.30212767126,3056238.051365909,0.19685479652115526
2,1,116.5,-0.32071555415107866,0.0005225401460640066,1136,25.468207625883952,58061.47590868212,2576132.1228640494,50644.00333594552,2247025.963124964,0.18317025218761682
2,1,117.0,-0.3199444711493129,0.0016612195565471129,1032,17.169535781077247,59081.65734995403,3530542.7714510737,37411.254184940284,2235584.4259954975,0.14470796721174894
2,1,117.5,-0.32064030363873997,0.0019806927339538287,1073,27.277247532673336,67959.47915496207,2658360.751812917,36138.54071598627,1413625.876209448,0.15060068664712756
2,1,118.0,-0.3157802508616214,0.0004994161692770028,984,14.364868977369564,64978.16531220825,4423893.164320141,29162.06763102275,1985434.1997877941,0.12909576050950522
2,1,118.5,-0.3121253863421032,0.0006442941672510132,848,11.248040484549456,44109.92688565675,3301958.104501849,24039.63702981037,1799546.7216627025,0.11395227223205104
2,1,119.0,-0.31108351377613985,0.0015827226197687673,815,12.043903139327007,41501.067066668176,2787664.6688816394,28832.15342268689,1936682.1410901076,0.14539981154791973
2,1,119.5,-0.31223167344934666,0.0008218165634046318,736,10.533563873395682,36659.393746708585,2540579.594593588,26000.168612456902,1801870.982624512,0.13727162046682279
2,1,120.0,-0.31601038231812595,0.002510742036107325,673,11.110784089805088,33131.93956387539,1988968.8711872504,23513.628139662225,1411564.64227808,0.13420946753302818
