seed,platform,step,s,trans_err_m,rot_err_rad,x_true,y_true,x_est,y_est,n_scan_points,num_inliers,registered,converged,remapped_axes,marker_returns,markers_placed,extra_yaw_rad,loc_lambda_min,loc_lambda_mid,loc_lambda_max,loc_ratio,loc_lambda_min_per_point,loc_weak_x,loc_weak_y,loc_weak_z,loc_rot_ratio,loc_n_points
0,ugv,0,0.0,0.0,0.0,0.0,0.0,0.0,0.0,5513,0,0,0,0,0,0,0.0,nan,nan,nan,nan,nan,nan,nan,nan,nan,0
0,ugv,1,0.5,0.00989755240796814,0.00029484821094627857,0.5,0.0,0.4974695477485722,0.002556863153700187,5641,0,0,0,0,0,0,0.0,nan,nan,nan,nan,nan,nan,nan,nan,nan,0
0,ugv,2,1.0,0.007639156997775342,0.000509101204464834,1.0,0.0,1.0006828365100515,0.00261040622650961,5418,932,1,1,0,0,0,0.0,13910.538887026949,53415.902353660866,269833.4885674393,0.05155230716868672,14.925470908827199,0.0010729648741462244,-0.00026807116184862645,0.9999993884419286,0.02105459128816327,932
0,ugv,3,1.5,0.008955107200135355,0.0006861394136239144,1.5,0.0,1.500167001865607,0.0025495615012976554,5391,966,1,1,0,0,0,0.0,12870.409461186891,52378.166330819105,294287.9291107664,0.04373407193450543,13.323405239323904,-0.0010660335955197473,0.0008388588713079126,0.9999990799436604,0.01827611875018821,966
0,ugv,4,2.0,0.008130111001170458,0.0012351033829972064,2.0,0.0,2.00146268420974,0.004349691659086082,5369,1045,1,1,0,0,0,0.0,12292.006248081085,52481.65916547546,314419.6789257731,0.039094264996635056,11.762685404862282,-0.0006006632412328248,4.620636090482688e-05,0.999999818534305,0.015331867301448376,1045
0,ugv,5,2.5,0.006469000993265812,0.0018616892581787001,2.5,0.0,2.502350745858746,0.003976995696557388,5404,1177,1,1,0,0,0,0.0,21261.188438265042,57224.48461178919,331860.72397982946,0.06406660054040411,18.06388142588364,0.0025796746786641775,0.002002204902149307,0.9999946682128268,0.014224227112014414,1177
0,ugv,6,3.0,0.007124860075263293,0.0018442934813286016,3.0,0.0,3.0007030370261143,0.0034408842233105232,5407,1229,1,1,0,0,0,0.0,19363.719892627003,57657.0879612415,341068.6357661699,0.056773675037954524,15.755671190095201,-0.013631510421658555,0.0012030269859679699,0.9999063629408984,0.013781130277681363,1229
0,ugv,7,3.5,0.008099509545611935,0.002197872264883182,3.5,0.0,3.4997259303400194,0.005683948289035557,5381,1231,1,1,0,0,0,0.0,27733.462384547172,55806.71549702527,356678.5918140169,0.0777547714414221,22.52921395982711,-0.0012255242897420248,-0.0008017830952313787,0.9999989276164667,0.01482660178695779,1231
0,ugv,8,4.0,0.008749043707783571,0.002814603609343332,4.0,0.0,3.998834253938092,0.006563954249726889,5412,1277,1,1,0,0,0,0.0,36897.13072850156,58408.26387263422,353137.87585438445,0.10448364010581522,28.8936027631179,-0.016962026175930282,-0.0006548082990148751,0.9998559200675354,0.013731849466373442,1277
0,ugv,9,4.5,0.007978503798418406,0.0027344590194653194,4.5,0.0,4.499933193442441,0.006272209103171446,5397,1348,1,1,0,0,0,0.0,35997.56973607214,60080.397619786956,386440.16123311,0.09315173045473796,26.70442858759061,0.008210976702209483,-0.0015711203953512332,0.9999650551105768,0.012480967871775139,1348
0,ugv,10,5.0,0.02471766065991713,0.0021378746954899834,5.0,0.0,4.975768361206836,0.002854283928453129,5084,1232,1,1,0,0,0,0.0,772.9314540307262,38175.3070910752,405083.2083937969,0.0019080807054320799,0.627379426972992,0.9999950159450047,-0.0004912207669132587,0.0031187797786193703,0.011926430772353787,1232
0,ugv,11,5.5,0.03001633495495646,0.0023663384996682564,5.5,0.0,5.4705413908279,0.0028451570664510695,5079,1173,1,1,0,0,0,0.0,679.1236653571474,41024.41555894352,389483.06821713015,0.0017436538858180803,0.5789630565704581,0.9999923154864595,-0.0003075900204151461,-0.003908242112318822,0.0099663615191669,1173
0,ugv,12,6.0,0.04442039361208952,0.0026383037306871313,6.0,0.0,5.955888271539298,0.003447060565164797,5082,1203,1,1,0,0,0,0.0,733.9153746124084,44046.98447463746,397655.38619135984,0.0018456065228781623,0.6100709680901151,0.999999246241993,-0.001021219266311408,0.0006816352806382202,0.00843048424710648,1203
0,ugv,13,6.5,0.07685665190845734,0.0030533492904733566,6.5,0.0,6.423458891643431,0.004298253573839364,5075,1199,1,1,0,0,0,0.0,734.0248441108635,50417.501233262985,385892.6307957047,0.0019021478658385247,0.6121975347046401,0.999999774106917,-0.0005986542921963329,0.000305612751116471,0.007298165168696695,1199
0,ugv,14,7.0,0.08355281905907014,0.0021128814699991087,7.0,0.0,6.916477658658263,0.0016135736399864866,5067,1221,1,1,0,0,0,0.0,777.9604540621118,47811.55264474331,394119.1250765952,0.0019739221077153227,0.6371502490271186,0.9999875709047871,-0.0002079586158613934,0.004981444485030102,0.006458006600811189,1221
0,ugv,15,7.5,0.10689076758206244,0.0029484638329024047,7.5,0.0,7.393184248403874,0.0036060481375917094,5061,1163,1,1,0,0,0,0.0,707.6227093974595,52287.99654679232,356321.3832222793,0.001985911434779182,0.6084460098000511,0.9999954676663816,-0.00023675726187223634,0.0030014317739494537,0.005745989133644332,1163
0,ugv,16,8.0,0.11020470218014626,0.0025259489043006804,8.0,0.0,7.889838778472559,0.0024323607178812438,5060,1119,1,1,0,0,0,0.0,689.267571294759,47405.458636100695,347058.89338099107,0.0019860248057038013,0.6159674453036273,0.9999811675524998,-0.0017323047017071356,-0.005887585308084642,0.004778529480777013,1119
0,ugv,17,8.5,0.1199340667667185,0.002661726721911673,8.5,0.0,8.380089953908085,0.0021038232417031726,5060,1120,1,1,0,0,0,0.0,701.6643897672893,51740.72012586616,336950.13356891985,0.0020823983131728623,0.6264860622922226,0.9999924942969614,-0.0012510902301988889,-0.0036668955503838716,0.004321777984035765,1120
0,ugv,18,9.0,0.1258252131806995,0.002535487005313642,9.0,0.0,8.874178844014558,0.0008809127993125825,5061,1076,1,0,0,0,0,0.0,682.5574699786638,43171.825463485126,338951.17184893356,0.0020137339141074614,0.6343470910582377,0.9999967781362481,-0.000998847341335182,-0.0023336711662322435,0.0038058904417153333,1076
0,ugv,19,9.5,0.1373102949597681,0.0024107032040855186,9.5,0.0,9.362690219653903,0.0001046214429936145,5050,1076,1,1,0,0,0,0.0,718.8152688484627,51040.273734088056,318933.0425506568,0.002253812471419582,0.6680439301565638,0.9999993149552749,-0.0008012090740521673,-0.0008533188150836552,0.0035228689987015934,1076
0,ugv,20,10.0,0.13911920675828135,0.0022758936417124767,10.0,0.0,9.860886119256078,-0.0002986637968921471,5053,1045,1,1,0,0,0,0.0,681.1279147068334,51503.54552909199,316446.3649093397,0.0021524276788642306,0.6517970475663477,0.9999948783652275,-0.001280963250991543,-0.002932980815329001,0.003286149201131767,1045
0,ugv,21,10.5,0.12900981131324302,0.0022830794365790354,10.5,0.0,10.371039786665735,-9.077649879311433e-05,5055,1010,1,1,0,0,0,0.0,687.0153182757695,49913.272007944084,303749.25943255133,0.002261784340015235,0.680213186411653,0.9999974725073413,-0.0009931590195964715,-0.002017080586233791,0.002824874727245361,1010
0,ugv,22,11.0,0.1431496374991417,0.002858682953747613,11.0,0.0,10.85688274859625,-0.00018420400940727128,5051,1018,1,1,0,0,0,0.0,691.5946723624553,55929.3221176658,299313.3415086582,0.0023106042279189536,0.6793660828707813,0.9999992507865625,-0.0004037741727668644,0.0011555919396627088,0.0026828549333391587,1018
0,ugv,23,11.5,0.1208543858516348,0.003246177360766179,11.5,0.0,11.379167488283075,-0.0005078684496377557,5049,966,1,1,0,0,0,0.0,647.2021427283238,45185.7822584094,297898.96372778283,0.0021725558713917878,0.6699815142115153,0.9999967454978251,-0.0006963351863223995,-0.0024544064590648323,0.0022297187129470216,966
0,ugv,24,12.0,0.12282914769251618,0.0025082799854486424,12.0,0.0,11.877239391352516,-0.0005227063547093313,5049,989,1,1,0,0,0,0.0,656.3276888684104,53594.96497441556,307345.7636138646,0.002135470101006471,0.6636275923846414,0.9999978600364697,-0.0012842623679187972,-0.0016219101860128987,0.002162004389617225,989
0,ugv,25,12.5,0.10336395447862548,0.0026830543457201242,12.5,0.0,12.396752311649061,-0.0009862013491177745,5042,990,1,1,0,0,0,0.0,687.004177542819,44049.92966609243,293389.12611468666,0.0023416143148886404,0.6939436136796151,0.9999933189751872,-0.00021494816550352578,0.0036490823881755834,0.0019836670625907244,990
0,ugv,26,13.0,0.12028230423262282,0.002910765557359168,13.0,0.0,12.879816634047605,-0.0011862057302667482,5047,1009,1,1,0,0,0,0.0,690.6571410780757,46825.79161641268,306917.89149963506,0.002250299380409033,0.6844966710387271,0.9999979958850717,-0.0017636564075814833,0.0009474924359756847,0.0017705496479141394,1009
0,ugv,27,13.5,0.10991714698174054,0.0029457579564833272,13.5,0.0,13.390323389921857,-0.0016366748865226084,5031,997,1,1,0,0,0,0.0,703.8064034964408,48059.98657224387,308803.57044398104,0.002279139462294902,0.7059241760245143,0.9999958283485681,-0.0008270470139705478,-0.0027675401889865952,0.0016528527184833562,997
0,ugv,28,14.0,0.10512346961820106,0.003094085540582099,14.0,0.0,13.895236743416124,-0.002193574935634301,5034,979,1,1,0,0,0,0.0,683.4882585549807,50693.6530121091,310525.75028008857,0.002201067891917133,0.6981493958682131,0.9999955726923015,-0.0007250242550212289,-0.002885989540060957,0.0015349175730903566,979
0,ugv,29,14.5,0.10323196550700074,0.0031476219601940373,14.5,0.0,14.397188547985735,-0.0020207757473975504,5031,1004,1,1,0,0,0,0.0,711.7390825953812,49449.66821316623,310583.6708382758,0.002291617845440404,0.7089034687204993,0.9999976890283662,-6.209280159250735e-05,-0.0021489724081501277,0.001417051043815018,1004
0,ugv,30,15.0,0.10347719888362536,0.003140442846494149,15.0,0.0,14.897112331511693,-0.0024560814516520926,5028,1003,1,1,0,0,0,0.0,719.8682271055413,48357.87257784021,318769.917260241,0.0022582690151337183,0.7177150818599615,0.9999983660216167,-0.0005959593481141892,0.0017066887683508077,0.0012659288184842202,1003
0,ugv,31,15.5,0.10644874681429689,0.0032706544826954335,15.5,0.0,15.394268881861212,-0.0031407793867912403,5024,1015,1,1,0,0,0,0.0,716.1556598023785,49615.85951405448,332390.14051126386,0.002154563485850778,0.7055720786230331,0.9999989306157699,-0.0010729458909100457,-0.0009937577327706882,0.0011908240822999592,1015
0,ugv,32,16.0,0.10171551627386309,0.0030054952994547366,16.0,0.0,15.899076974875603,-0.0033281267881550697,5017,1024,1,1,0,0,0,0.0,727.2965113317904,54010.050721240834,331885.4381133674,0.0021914083229025434,0.7102504993474515,0.9999941293846847,-0.0002688955858824154,-0.003415975897257055,0.0011638580597631858,1024
0,ugv,33,16.5,0.1075490284736174,0.003507810906891627,16.5,0.0,16.393369376818047,-0.003533469346056623,5006,1048,1,1,0,0,0,0.0,754.0111588483932,49065.648790592815,336086.27039757255,0.002243504794041236,0.7194762966110622,0.9999983193166696,-0.0017268191669352537,-0.0006160027603303806,0.0010121864816275902,1048
0,ugv,34,17.0,0.11729280442205771,0.003228639970761681,17.0,0.0,16.88374623935663,-0.004234661343663884,4993,1092,1,1,0,0,0,0.0,794.9201022424796,53040.096372459026,338953.0046591025,0.0023452221733274207,0.7279488115773622,0.9999991454460004,-0.0012568194149447072,-0.00035987807271588073,0.001002278322438582,1092
0,ugv,35,17.5,0.11351791564540563,0.0035169788305309344,17.5,0.0,17.387642727417063,-0.004814312124389731,4956,1095,1,1,0,0,0,0.0,803.6817973426093,45933.23314992913,330547.31275728473,0.0024313669067179476,0.733955979308319,0.9999979114947135,-0.0015224434532599576,-0.0013635146287569785,0.0009028828800022272,1095
0,ugv,36,18.0,0.09840208967001514,0.0032653625759399454,18.0,0.0,17.90324636068083,-0.005354383478871252,4928,1093,1,0,0,0,0,0.0,807.0381839172619,51004.61819877979,327138.4128881913,0.0024669624602999154,0.738369793153945,0.9999886792290743,-0.0013453298532277815,-0.004564153949800127,0.0009321900265606814,1093
0,ugv,37,18.5,0.0872585879936923,0.003023546791192003,18.5,0.0,18.414920973453462,-0.005914418064667869,4894,1060,1,1,0,0,0,0.0,906.9570684804569,54578.435430946665,319148.1960825701,0.0028418054045519616,0.8556198759249594,0.9999809977214457,-0.005378075577299386,-0.003013386650754153,0.0008858263670180208,1060
0,ugv,38,19.0,0.08583512552283672,0.002891432724747688,19.0,0.0,18.91662163454489,-0.0062645046816375205,4856,1092,1,1,0,0,0,0.0,883.8095611782351,53626.81903333118,333783.1148782007,0.0026478558134995596,0.8093494149983838,0.999972670653003,-0.006559724461932164,-0.0034099797777257836,0.0008856781597642682,1092
0,ugv,39,19.5,0.0896884086281737,0.0028187639376620584,19.5,0.0,19.412911172541836,-0.005430242920294543,4820,1095,1,1,0,0,0,0.0,900.6545633319041,59870.92707806322,318947.84069954196,0.002823830258127838,0.8225155829515106,0.999976192676898,-0.006451540262332953,-0.0024477964905171303,0.0009001697135137118,1095
0,ugv,40,20.0,0.10515744239371852,0.0028088330435089934,20.0,0.0,19.897521892147093,-0.007454419312789003,4744,1131,1,1,0,0,0,0.0,918.9709754516664,66125.02800165024,336203.012951863,0.0027333811418972713,0.8125295981005007,0.9999834014749203,-0.0056035823161000396,-0.001340387956958788,0.0009741254810389402,1131
0,ugv,41,20.5,0.10832783281733865,0.0030978516594937617,20.5,0.0,20.3945489007278,-0.00788860887148551,4733,1126,1,1,0,0,0,0.0,880.103965594855,67534.34761315679,325085.97610988835,0.002707296008663735,0.781619862872873,0.9999844934497348,-0.005564375723165055,-0.00022490640024866467,0.0010812327790859803,1126
0,ugv,42,21.0,0.11104184748671148,0.003098272176207844,21.0,0.0,20.892188405227397,-0.007984936046757636,4728,1147,1,1,0,0,0,0.0,901.9390005411163,67636.68623297787,336833.50303867576,0.0026776997905625624,0.7863461207856289,0.9999855026168859,-0.005162773397713558,-0.0015298127002419159,0.0011392432863015867,1147
0,ugv,43,21.5,0.10549773025157747,0.003225449064156442,21.5,0.0,21.39820300942791,-0.007608435760810628,4709,1214,1,1,0,0,0,0.0,919.828852793762,68281.07857928069,356347.94949916075,0.002581266018470322,0.7576843927460972,0.999989140517667,-0.004348967373385838,-0.001674911795530616,0.0011017647107573283,1214
0,ugv,44,22.0,0.10623965341858224,0.0031421646528066323,22.0,0.0,21.89776954328571,-0.0087837588704556,4653,1241,1,1,0,0,0,0.0,965.1810404663349,65834.07836274504,356228.0273526,0.00270944722581018,0.7777445934458783,0.9999937531784173,-0.0012921590394908708,-0.0032899740362347368,0.001088514669271514,1241
0,ugv,45,22.5,0.10572963265242454,0.003484370522974883,22.5,0.0,22.398972946171895,-0.008850730741334068,4601,1269,1,1,0,0,0,0.0,1014.7412196586191,78576.17938599591,358819.8431159454,0.0028279963862832577,0.799638470968179,0.9999886640991075,-0.004199776081202716,-0.0022435583678808773,0.0011995004738193404,1269
0,ugv,46,23.0,0.11469134636134133,0.002999345606181443,23.0,0.0,22.88957333353252,-0.009408014289508404,4633,1202,1,1,0,0,0,0.0,875.5495212104397,70737.2448927465,358874.493208623,0.002439709530154488,0.7284105833697502,0.9999867490409456,-0.000832704195972438,-0.005080191555716561,0.001083926670083736,1202
0,ugv,47,23.5,0.09931699015285517,0.003203976173909889,23.5,0.0,23.40641827926127,-0.00894662189738867,4685,1168,1,1,0,0,0,0.0,867.6005747122738,79415.37241437096,337497.6853836696,0.0025706859995972406,0.7428087112262618,0.9999940662681138,-0.00035373532486095887,-0.00342670393861015,0.0010342407291177682,1168
0,ugv,48,24.0,0.10759690859746367,0.0032365515675237856,24.0,0.0,23.898071102652192,-0.009094478967821274,4694,1126,1,1,0,0,0,0.0,822.773594338764,65894.46455212831,334470.4980957619,0.002459928750138066,0.7307047907093819,0.9999838288787172,-0.001992214107816361,-0.00532663721399881,0.0008998180067280716,1126
0,ugv,49,24.5,0.10505649476500713,0.0033980735884866576,24.5,0.0,24.401332798228477,-0.009676809129078107,4679,1054,1,1,0,0,0,0.0,771.4073967873728,69735.09967426055,302048.639408874,0.0025539178004478354,0.7318855756995947,0.999990593594059,-0.0030989883945487778,-0.003034632487151964,0.0008276476673633532,1054
0,ugv,50,25.0,0.08933653473230412,0.003276611248835459,25.0,0.0,24.91850968550829,-0.009958258504456755,4685,1000,1,1,0,0,0,0.0,752.8258390538298,67452.07465660386,299557.93067936256,0.0025131227116788673,0.7528258390538298,0.9999853855309455,-0.003356888851094356,-0.004237926588240828,0.0007528076315742975,1000
0,ugv,51,25.5,0.09023642254419947,0.0033866847543611994,25.5,0.0,25.41884740501627,-0.011019158871311175,4746,976,1,1,0,0,0,0.0,919.4573102162799,61919.10788073847,285989.53539232427,0.003215003335541477,0.9420669162052048,0.9999968638372891,-0.0018638776076951758,-0.0016728047853126252,0.0005941261935426094,976
0,ugv,52,26.0,0.08436970594402045,0.0035161181323603023,26.0,0.0,25.92614610117862,-0.01184692069977086,4796,970,1,1,0,0,0,0.0,691.4312250165235,61807.159102907055,295947.15184841753,0.0023363334321618028,0.7128156958933232,0.9999832580395371,-0.003043401573648124,-0.004921518819841907,0.000506748629527803,970
0,ugv,53,26.5,0.07998501738629141,0.003684186189702762,26.5,0.0,26.432158667788546,-0.011656428392737653,4826,1004,1,1,0,0,0,0.0,753.0605390644753,63929.055279716515,297419.5664414845,0.002531980488286521,0.7500602978729833,0.9999889703058107,-0.0037149129234862544,-0.0028737934329326163,0.0004631344149278533,1004
0,ugv,54,27.0,0.0889650949941624,0.0039154448480338945,27.0,0.0,26.922453080085145,-0.011680418684774813,4835,990,1,1,0,0,0,0.0,709.5312693687132,61854.71502909522,298348.34914104623,0.0023781974038451187,0.7166982518875891,0.9999867696299816,-0.003424917045523589,-0.00383803442215554,0.00042141635433050464,990
0,ugv,55,27.5,0.09062307255133091,0.004003352985085903,27.5,0.0,27.4217401419412,-0.01110407271183309,4854,1076,1,1,0,0,0,0.0,753.9316138787837,63399.483120525685,312253.1804369872,0.0024144881817494486,0.7006799385490554,0.9999786499399101,-0.003218058797305615,-0.005687157632027326,0.000399242275279826,1076
0,ugv,56,28.0,0.10100152665933389,0.004055773883189232,28.0,0.0,27.910557933535745,-0.011802968140814885,4884,1097,1,1,0,0,0,0.0,767.2539417407557,55929.79601086032,334755.65361353965,0.0022919820276628275,0.699411068131956,0.9999877262812261,-0.0026822625948365996,-0.0041656637257638865,0.0003780865481837603,1097
0,ugv,57,28.5,0.1074079034217254,0.0041874179353472716,28.5,0.0,28.404165682508193,-0.012062516746451464,4900,1169,1,1,0,0,0,0.0,832.5969374659162,61638.88785332747,343658.5851048811,0.002422744472429857,0.7122300577125031,0.9999906871267238,-0.002805753742942054,-0.003279238594003087,0.00036109555604319095,1169
0,ugv,58,29.0,0.10309245480107693,0.004138350358903271,29.0,0.0,28.90965972305343,-0.012456012112086988,4917,1193,1,1,0,0,0,0.0,834.4071280625715,58731.22972729721,360465.03919364716,0.002314807366420674,0.6994192188286433,0.9999967573442764,-0.0009414856656471788,-0.0023662006833297606,0.00037453297881747993,1193
0,ugv,59,29.5,0.11462209250731545,0.004145429720812588,29.5,0.0,29.397810531576994,-0.01377635593575876,4914,1210,1,1,0,0,0,0.0,876.0693058418295,62364.25551302353,363633.0961513089,0.002409212239243741,0.7240242197039913,0.9999939051537204,-0.0007787223101054486,-0.0034034169559168746,0.00034655783432709,1210
0,ugv,60,30.0,0.09182370633116464,0.0038571704371332107,30.0,0.0,29.925281596652106,-0.014584307065852276,4909,1257,1,1,0,0,0,0.0,857.0752705995881,61316.38061993533,383027.032911749,0.002237636503314537,0.6818419018294257,0.99998989165773,-0.0015845261514764951,-0.0042078330808916755,0.00034336573818101587,1257
0,ugv,61,30.5,0.09851830365631269,0.0037245621743367124,30.5,0.0,30.41876488827658,-0.015434426692716203,4901,1252,1,1,0,0,0,0.0,870.8703408711685,63960.34879743467,385519.76147166034,0.0022589512339050003,0.6955833393539684,0.9999918766166496,-0.00016736866927741928,-0.004027243280466713,0.00033693509652574303,1252
0,ugv,62,31.0,0.09938519467887484,0.0036765273937554408,31.0,0.0,30.91871145959791,-0.01619806957766699,4902,1255,1,1,0,0,0,0.0,839.4245863373336,60644.74574539283,383404.79946437106,0.002189395092367224,0.6688642122209829,0.9999905587735795,-0.0012903887456344903,-0.0041493686977017805,0.00032470231550117354,1255
0,ugv,63,31.5,0.10132852314009828,0.00386888777792046,31.5,0.0,31.41694240565756,-0.014923040762375342,4896,1272,1,1,0,0,0,0.0,857.5236510863643,67094.25677513893,382090.1816885342,0.002244296483350587,0.6741538137471418,0.999994661364209,-0.0011553749214078045,-0.0030565261117913526,0.00032606285360946155,1272
0,ugv,64,32.0,0.11192571061263586,0.0037938713964918917,32.0,0.0,31.90597853961229,-0.015964405342533447,4900,1275,1,1,0,0,0,0.0,845.8440834715475,61891.27831311967,390673.560744112,0.0021650916992193604,0.6634071242914098,0.999992710449102,-0.0013671008965470193,-0.003565120446445731,0.00029899027352680755,1275
0,ugv,65,32.5,0.12266948756378683,0.004154728032105716,32.5,0.0,32.39419095920411,-0.015746238687367395,4886,1286,1,1,0,0,0,0.0,864.3144542814753,64192.23752241195,383725.8809108563,0.0022524267902645453,0.6720952210586899,0.9999975280225517,2.9815165333255643e-05,-0.0022232993144892673,0.0002940170652303992,1286
0,ugv,66,33.0,0.131965331365146,0.0042178216080718456,33.0,0.0,32.88448611085812,-0.016035194800956065,4884,1276,1,1,0,0,0,0.0,836.1493194991971,65322.86351858809,390465.67087429215,0.0021414157040412136,0.6552894353441984,0.9999904508452281,-0.000574735278681036,-0.004332193176322096,0.0003030163007591416,1276
0,ugv,67,33.5,0.14961828548254627,0.003932946105764712,33.5,0.0,33.36593758400549,-0.017285168572701244,4886,1282,1,1,0,0,0,0.0,839.5557929882476,67963.58402379448,373674.054325593,0.0022467596646587574,0.6548797137193819,0.9999913991281252,-0.00018357843194579792,-0.004143424759077722,0.0002849637704002238,1282
0,ugv,68,34.0,0.15256520291582198,0.004062324617144477,34.0,0.0,33.863136253490445,-0.016838706743264202,4878,1285,1,1,0,0,0,0.0,828.3040616201857,62838.93223470521,377784.2927498385,0.0021925317635391284,0.6445946004826348,0.9999901753947276,-0.00064720180235437,-0.004385230193370076,0.0002818498837361076,1285
0,ugv,69,34.5,0.1578756062549963,0.003941039479423502,34.5,0.0,34.358419918903316,-0.018252586260427275,4879,1210,1,1,0,0,0,0.0,757.6950020598301,68536.21557071248,357918.25682239304,0.002116949855496796,0.626194216578372,0.9999859599776464,-0.0001656005124290611,-0.005296453913281136,0.0002762534106824269,1210
0,ugv,70,35.0,0.14985170320515698,0.004082639515739366,35.0,0.0,34.86837123002751,-0.01767151362852749,4872,1210,1,1,0,0,0,0.0,761.1525146689888,67495.61067493081,361975.0926611426,0.0021027759370767815,0.6290516650156932,0.9999930208873682,-0.0004988913521847883,-0.0037026050254208498,0.0002763642402622998,1210
0,ugv,71,35.5,0.1468627344565858,0.004399630819725923,35.5,0.0,35.37253659162602,-0.016390831388188337,4863,1224,1,1,0,0,0,0.0,776.0420481493942,68107.80452297835,364276.8298834438,0.0021303634612108084,0.6340212811678058,0.9999900719925164,-0.0007026147970361466,-0.004400255543583859,0.00026702477669557264,1224
0,ugv,72,36.0,0.1443606046147681,0.004461536893734647,36.0,0.0,35.8767307106925,-0.0170682831521064,4863,1190,1,1,0,0,0,0.0,734.9318279486608,65733.397808974,355240.5068059999,0.002068828902864993,0.6175897713854293,0.9999922932755139,-0.0007090360693629396,-0.003861432044060047,0.0002691892378621012,1190
0,ugv,73,36.5,0.15698200818211105,0.004354721248623609,36.5,0.0,36.36294491163446,-0.018347271789590086,4854,1115,1,1,0,0,0,0.0,696.5055733493073,66970.54328585243,333696.81310013216,0.0020872407107475352,0.6246686756496029,0.9999929651768694,-0.0010514133686653467,-0.0036005731072239833,0.00026772434558313963,1115
0,ugv,74,37.0,0.15900889814358374,0.004458265335316876,37.0,0.0,36.86202298258991,-0.01861057688451289,4832,1072,1,1,0,0,0,0.0,655.9955374176429,64238.79321899245,324174.03605764755,0.0020235906163101475,0.6119361356507863,0.9999912466853161,-0.0015122826067237348,-0.0039012246877262284,0.00025888949852530935,1072
0,ugv,75,37.5,0.15041507264388226,0.004320756834851594,37.5,0.0,37.3731364487998,-0.018636943970526117,4808,1073,1,1,0,0,0,0.0,649.8544694519192,70235.6990276788,322296.3575388974,0.002016325826373912,0.6056425623969424,0.9999851382781246,-0.0008553830507631293,-0.005384379510796431,0.0002643980973893037,1073
0,ugv,76,38.0,0.16082113093819336,0.004478754771750761,38.0,0.0,37.862175830611754,-0.01929736005776592,4764,1054,1,1,0,0,0,0.0,638.3642302711517,67822.52983532588,312966.70501048584,0.0020397193057637344,0.6056586624963488,0.9999865312662299,-0.00030580198025488385,-0.005181097497837912,0.0002734589449006621,1054
0,ugv,77,38.5,0.1706068415410401,0.0044968637535756,38.5,0.0,38.35183576130683,-0.019374743451957194,4720,1029,1,1,0,0,0,0.0,618.414524418756,73041.27961005016,296025.372050911,0.002089059191562809,0.6009859323797434,0.9999895046155572,-8.722379766902197e-05,-0.004580726005959383,0.00029978987709892134,1029
0,ugv,78,39.0,0.17992977670435084,0.004364859540286748,39.0,0.0,38.842437694804076,-0.020314004145206094,4661,988,1,1,0,0,0,0.0,599.9632924706219,74449.03686938206,283513.72487310006,0.002116170188018812,0.6072502960228967,0.9999894792395216,-1.8695301572487465e-05,-0.004587053602930489,0.0003295100986693294,988
0,ugv,79,39.5,0.19891233844425915,0.004608334688105608,39.5,0.0,39.32163200927071,-0.02045424648353764,4620,996,1,1,0,0,0,0.0,937.9979335695486,76575.48049344667,280365.7620967935,0.0033456222562786185,0.9417649935437236,0.9999842698640637,0.003954261800784231,-0.003977918808393823,0.0003484037485787631,996
0,ugv,80,40.0,0.19985703026385637,0.004300404130915532,40.0,0.0,39.82194357169804,-0.021293396498063853,4610,1020,1,1,0,0,0,0.0,692.9268543371769,87453.5995379129,285568.17193406983,0.0024264848902599534,0.6793400532717421,0.9999808692213676,0.0013607806693205849,-0.0060340257911313325,0.0003819356432015794,1020
0,ugv,81,40.5,0.09663234446442592,0.004494294579484289,40.5,0.0,40.475096828129445,-0.02105924127225165,4630,1120,1,1,0,0,0,0.0,676.1489220258412,85642.32568779473,322772.01922885026,0.002094818886845459,0.6037043946659296,0.9999808978039716,0.00030179541078575924,-0.006173568392185271,0.00037826395689487453,1120
0,ugv,82,41.0,0.10686543172446557,0.0045429356156322705,41.0,0.0,40.952277419282666,-0.021105109731006034,4634,1194,1,1,0,0,0,0.0,977.0940336429039,97230.8928210757,345616.62616192107,0.002827103674072486,0.8183367115937219,0.9999851546696105,0.0017164472348261796,-0.005171484243956775,0.00041429335611745024,1194
0,ugv,83,41.5,0.12635616935807925,0.004640539807562232,41.5,0.0,41.419515308595514,-0.021222465403272314,4627,1216,1,1,0,0,0,0.0,1043.8829210248168,97301.54022844012,347897.2310380873,0.003000549667814212,0.8584563495269876,0.9999797422332217,0.0032584130548906987,-0.005467894251288564,0.00044135086107383655,1216
0,ugv,84,42.0,0.12895917974891902,0.004599304079932013,42.0,0.0,41.91774565340105,-0.02182990855505211,4531,1226,1,1,0,0,0,0.0,991.1677398517303,90545.6865770347,364843.17582207406,0.002716695296872158,0.8084565577909709,0.999992968261584,0.0020630198539360553,-0.003131673110121242,0.00042125092689716944,1226
0,ugv,85,42.5,0.12769828430750851,0.004469541883067632,42.5,0.0,42.42311529691648,-0.02213727246544745,4447,1238,1,1,0,0,0,0.0,761.7632037383094,93874.67986155939,355399.7314406848,0.0021433983662574752,0.6153176120664857,0.9999944300845574,-0.00023203533161518736,-0.00332955844916447,0.0004315182701046216,1238
0,ugv,86,43.0,0.13054582960356612,0.004554261108986952,43.0,0.0,42.92069457979714,-0.022670447330063178,4437,1242,1,1,0,0,0,0.0,962.4253463285128,90003.55075941747,368051.3919649923,0.0026149210880312477,0.7748996347250505,0.999989123667338,0.001140807552111306,-0.004522289813645303,0.00040076653540790767,1242
0,ugv,87,43.5,0.1351508436333505,0.004863297510085087,43.5,0.0,43.416095609633295,-0.022572910705442876,4446,1252,1,1,0,0,0,0.0,902.1062555061692,92257.37062925725,359434.13813922694,0.002509795703258264,0.720532152960199,0.9999805887570259,-0.0006664399333542329,-0.006194995316166945,0.0003883851699704887,1252
0,ugv,88,44.0,0.12461134038212583,0.004730462210219623,44.0,0.0,43.93739991671576,-0.022630848099383528,4533,1228,1,1,0,0,0,0.0,887.510014488906,93693.2395156517,350843.2911675361,0.0025296479563153415,0.7227280248280994,0.9999857333210964,-0.0010397366165890622,-0.005239475358950585,0.0004024622003678681,1228
0,ugv,89,44.5,0.13042871224671765,0.004763304283326219,44.5,0.0,44.42995694582841,-0.023216355845654266,4615,1231,1,1,0,0,0,0.0,944.9950781965704,93903.52224677203,349707.86035460694,0.002702241457307642,0.7676645639289768,0.9999912323132397,-0.0023655629911544344,-0.00345534490076966,0.0003700270253015186,1231
0,ugv,90,45.0,0.13592831093939536,0.00471449240011622,45.0,0.0,44.92338704657214,-0.022792094659975726,4621,1181,1,1,0,0,0,0.0,1107.2061460303694,89073.73923379058,337802.1709127028,0.003277676229962718,0.9375157883407023,0.9999760272608539,-0.003785232696033765,-0.005798009747929634,0.0003435569016877159,1181
0,ugv,91,45.5,0.1318449585094273,0.004919787930500014,45.5,0.0,45.434863690898005,-0.022650387553947746,4622,1144,1,1,0,0,0,0.0,708.8623547269353,90366.51810251114,318225.30910900695,0.002227548640652328,0.6196349254606078,0.9999867666599358,-0.0007820645344465719,-0.0050847694216036125,0.0003128511617393066,1144
0,ugv,92,46.0,0.13680679302578672,0.004819091229223305,46.0,0.0,45.9290274991262,-0.023745637575270095,4602,1033,1,1,0,0,0,0.0,814.7936339428493,78299.09135316247,297844.05232253636,0.0027356384241660346,0.7887644084635521,0.9999888455609497,-0.002582293666631489,-0.003954808857375112,0.00027575727128298166,1033
0,ugv,93,46.5,0.14104582858506085,0.005173857141923625,46.5,0.0,46.4248076319322,-0.023056900848196726,4606,1022,1,1,0,0,0,0.0,909.0027660225476,82940.44415536264,282065.53567982593,0.0032226651293349126,0.8894351918028841,0.9999855745258429,-0.004321503300210587,-0.003189882356124495,0.00023820740918954308,1022
0,ugv,94,47.0,0.1430477952857962,0.0052017247296414024,47.0,0.0,46.92495162410798,-0.024197263839793093,4641,962,1,1,0,0,0,0.0,544.5310007048732,75612.31133683932,286821.12646673317,0.0018985038076267037,0.566040541273257,0.9999920310185378,0.00035880825641237957,-0.003976072943855498,0.0002122834840707864,962
0,ugv,95,47.5,0.1404019535015476,0.005310207940386644,47.5,0.0,47.435814596460276,-0.024544763265868474,4703,1006,1,1,0,0,0,0.0,574.8586638797974,73931.74791516761,294344.3664630546,0.0019530139842236535,0.5714300833795203,0.999996207761185,0.00011681926343857368,-0.0027515116770039636,0.00017571024254850335,1006
0,ugv,96,48.0,0.14562099805445064,0.0051411481972825565,48.0,0.0,47.92756294206131,-0.023845974591958842,4746,1013,1,1,0,0,0,0.0,575.5147185402166,72317.69368971238,306975.26748323324,0.001874791813876832,0.5681290410071239,0.9999910429576567,-0.00015407677820797588,-0.004229688499655401,0.0001647460187399731,1013
0,ugv,97,48.5,0.15120506265615466,0.005247590471501867,48.5,0.0,48.41997109528408,-0.024720933264832854,4789,1052,1,1,0,0,0,0.0,616.3901282484012,72962.20273954741,315858.70975554496,0.0019514742168276725,0.5859221751410658,0.9999972756498966,-0.0004959925034062926,-0.0022809393287388617,0.00014862669951277782,1052
0,ugv,98,49.0,0.15332569022384507,0.005207020151815503,49.0,0.0,48.92156308916357,-0.024707698603044018,4819,1057,1,1,0,0,0,0.0,617.9623185055837,67696.58615881913,326178.13500375056,0.0018945546993776208,0.5846379550667773,0.9999979307986511,-0.0007299068809311475,-0.0018988508001838678,0.00014255950051684412,1057
0,ugv,99,49.5,0.1602796522379602,0.005226509960227097,49.5,0.0,49.41174575530158,-0.024502867572043598,4845,1092,1,1,0,0,0,0.0,619.8701960978343,74205.28089017073,327227.8593511662,0.001894307524203242,0.5676466997232915,0.9999872139727642,-0.0004254590627069234,-0.005038935956615579,0.00014489962617026365,1092
0,ugv,100,50.0,0.16820375600902573,0.005304333775441192,50.0,0.0,49.90026573507842,-0.0250019185521387,4852,1092,1,1,0,0,0,0.0,616.0249726198327,68811.97912302938,342693.4071187802,0.001797597968980809,0.5641254328020446,0.9999888823235719,0.00022372184509545853,-0.004710114413616135,0.0001432291427270486,1092
0,ugv,101,50.5,0.1759194418876363,0.005508573057117778,50.5,0.0,50.391501640161046,-0.025253119940087006,4862,1116,1,1,0,0,0,0.0,638.2534404825227,69863.52581146549,344434.5575658935,0.001853047049033165,0.5719116850201816,0.9999914478177326,-0.0004514662523073818,-0.00411101807560122,0.00013322739278814454,1116
0,ugv,102,51.0,0.17242960488305895,0.0054373814175868295,51.0,0.0,50.900604122893206,-0.024545068010376106,4863,1121,1,1,0,0,0,0.0,639.1468467477812,67265.2956814971,339655.5501002241,0.0018817500451830818,0.5701577580265667,0.9999939915763814,-0.0005988622458783718,-0.003414406997787617,0.0001364520187490468,1121
0,ugv,103,51.5,0.19169640139501307,0.0058519465389046885,51.5,0.0,51.37186072615797,-0.02460509972389579,4865,1138,1,1,0,0,0,0.0,652.9423931945433,69236.91327902973,337597.64654385217,0.0019340845526591357,0.5737630871656796,0.9999891801515639,-0.0003853550582550184,-0.004635847417905234,0.0001271869957811533,1138
0,ugv,104,52.0,0.18084726023027198,0.00564629081868839,52.0,0.0,51.892086720558396,-0.025004589590208175,4856,1094,1,1,0,0,0,0.0,615.3350365489994,68649.24915839668,328735.1045950278,0.00187182636702897,0.5624634703372937,0.9999854688844688,-0.0002831022157817808,-0.005383481498471632,0.000131235540199977,1094
0,ugv,105,52.5,0.1867554690898625,0.005671132397008547,52.5,0.0,52.3875332748472,-0.024772323745283632,4860,1127,1,1,0,0,0,0.0,653.3959363579729,72201.53890950701,329382.09279165935,0.0019837020610930984,0.5797656933078731,0.9999833632758751,-0.0009625688072908327,-0.005687410022216731,0.00012503266548203324,1127
0,ugv,106,53.0,0.17759995054891994,0.006125692909694573,53.0,0.0,52.904991125028644,-0.025073385884448546,4857,1098,1,1,0,0,0,0.0,645.7987944955078,67042.92862915613,338598.96053319366,0.0019072675045385987,0.5881591935296063,0.9999925667527136,8.605434031390153e-05,-0.0038547417514002732,0.0001247393186983608,1098
0,ugv,107,53.5,0.18300173120845312,0.00604765393321671,53.5,0.0,53.40147076854614,-0.0251778703496294,4863,1155,1,1,0,0,0,0.0,679.2895356944828,68660.77558543866,336299.6187326666,0.002019893862069668,0.5881294681337513,0.9999931716256807,-0.0011891516499232331,-0.0034989456076293954,0.00011809689556812735,1155
0,ugv,108,54.0,0.17867077241032234,0.006405705275044478,54.0,0.0,53.91244465744567,-0.023944593334152966,4863,1216,1,1,0,0,0,0.0,708.1571442976435,61511.02100185008,358383.06672527,0.001975978247991566,0.5823660726131937,0.9999854837848422,-0.0006309144628573208,-0.005351090219341951,0.00011055987829646721,1216
0,ugv,109,54.5,0.19130026808360542,0.006266657111273849,54.5,0.0,54.3926917793202,-0.024998735512704248,4859,1167,1,1,0,0,0,0.0,730.9597598365522,69095.9136354866,339227.47790125094,0.0021547775680168645,0.6263579775805931,0.9999927019872978,-0.0002352931405969227,-0.003813215084624653,0.0001172064790172719,1167
0,ugv,110,55.0,0.1920662063223013,0.006699707554912913,55.0,0.0,54.896420929259804,-0.024508779546373004,4859,1170,1,1,0,0,0,0.0,693.4058692055215,62850.97952489261,342771.1642056878,0.0020229410802754316,0.5926545890645483,0.9999844162633068,-0.0008920401278924104,-0.005511033926955158,0.00011097716785461548,1170
0,ugv,111,55.5,0.1983694833363303,0.006721436385382351,55.5,0.0,55.38933951881251,-0.02434668138189408,4868,1188,1,1,0,0,0,0.0,690.0279845249853,70477.17183243259,349375.53383511433,0.0019750323583065774,0.5808316368055432,0.9999855362760376,-0.0005002043946593128,-0.0053550942371851165,0.00010923392241200617,1188
0,ugv,112,56.0,0.1998284695161013,0.006702110045983318,56.0,0.0,55.890702486403356,-0.024994764612729255,4869,1219,1,1,0,0,0,0.0,715.6271324477341,64696.308966693854,371114.9204377964,0.001928316790937761,0.5870608141490846,0.9999872424251247,-4.631503837578422e-05,-0.005051023847902879,0.00010416459941658824,1219
0,ugv,113,56.5,0.19996719577332206,0.0067463401244939065,56.5,0.0,56.394454479651856,-0.024909411668790703,4862,1229,1,1,0,0,0,0.0,722.9063962653069,67961.68199795503,365867.9340642579,0.0019758670519027825,0.5882069945201845,0.9999886803774322,-0.0005882017921952044,-0.004721560722200495,9.851314091990427e-05,1229
0,ugv,114,57.0,0.19738550917836,0.0068525325681239495,57.0,0.0,56.90360708534545,-0.025740746788899822,4865,1214,1,1,0,0,0,0.0,719.5807777576186,61206.80521199486,367810.9229743343,0.0019563877329652627,0.5927354017772806,0.9999756249332101,-1.344713537713288e-05,-0.006982074090856857,9.98413916342053e-05,1214
0,ugv,115,57.5,0.2019886898253836,0.006650241181979107,57.5,0.0,57.399761433002936,-0.02544074627046094,4872,1271,1,1,0,0,0,0.0,771.914182952269,68324.16776497173,374397.7794933846,0.0020617488276687503,0.6073282320631542,0.9999850313249611,-0.00019635274135543397,-0.005467958633465394,9.764947918075288e-05,1271
0,ugv,116,58.0,0.2085616234542411,0.006707099700883837,58.0,0.0,57.893085069861634,-0.02662382408473088,4879,1258,1,1,0,0,0,0.0,750.0595380927108,64730.540234374006,375202.55688035657,0.001999078962385343,0.596231747291503,0.9999724444232639,6.477382349898489e-05,-0.0074233549365543185,9.574762582138667e-05,1258
0,ugv,117,58.5,0.20989452508220588,0.006468383155713424,58.5,0.0,58.39516432360141,-0.026977408421326836,4873,1240,1,1,0,0,0,0.0,734.33479236121,66170.48614225147,362211.01580905775,0.002027367364079065,0.5922054777106532,0.9999914932781797,-0.0004486524523526123,-0.004100253925467961,9.009587198007504e-05,1240
0,ugv,118,59.0,0.2167135717236027,0.006622206690673582,59.0,0.0,58.88612270558582,-0.027505523301503118,4882,1267,1,1,0,0,0,0.0,748.7798016058765,70900.22066959315,380142.61965089646,0.0019697338916996932,0.5909864258925623,0.9999771211896008,-0.0001537904024922843,-0.006762650802029246,9.501171577604557e-05,1267
0,ugv,119,59.5,0.22133643150156312,0.006530715950041322,59.5,0.0,59.38342504668989,-0.028472037884658873,4879,1253,1,1,0,0,0,0.0,755.0573264718615,68510.7753857923,372943.34226877487,0.0020245899065486003,0.6025996220844865,0.9999847144620545,-7.543016312288892e-05,-0.0055285759951208685,8.851466585533071e-05,1253
0,ugv,120,60.0,0.22216660584224315,0.006783235764492545,60.0,0.0,59.88586065030091,-0.027765162803416413,4884,1304,1,1,0,0,0,0.0,791.4464087604148,62612.09857755502,395073.4305388457,0.002003289382636921,0.606937430030993,0.9999845433518194,0.00013513772495216039,-0.005558308667967538,8.475690672894772e-05,1304
0,ugv,121,60.5,0.2192224488769063,0.006838612890189318,60.5,0.0,60.39921886800719,-0.029204999723220503,4887,1242,1,1,0,0,0,0.0,741.0085328280661,66735.03299889146,366244.8060398053,0.002023260181736283,0.59662522771986,0.9999813559411893,-0.00099054750533281,-0.006025494640290902,8.358404875813069e-05,1242
0,ugv,122,61.0,0.22528052449685204,0.006732897427940963,61.0,0.0,60.89187917256195,-0.028484072827596782,4886,1212,1,1,0,0,0,0.0,731.8681309092033,61952.06927688796,368793.37988652155,0.0019844936780980195,0.6038515931594086,0.9999806167213133,-0.0009025652520536403,-0.006160483554709311,8.60576075555418e-05,1212
0,ugv,123,61.5,0.2352827878723814,0.006474997399502702,61.5,0.0,61.37779051181138,-0.030044416083286934,4899,1246,1,1,0,0,0,0.0,762.6615641151437,68098.17928768467,366658.14705061604,0.0020800344142083405,0.6120879326766804,0.9999790949852956,0.00037951356544282337,-0.0064548866638592375,8.5140675623081e-05,1246
0,ugv,124,62.0,0.23986654843284627,0.0064257894684905,62.0,0.0,61.872678135771004,-0.028051235469639828,4902,1128,1,1,0,0,0,0.0,686.0578412428449,61696.02547721815,335448.3128351058,0.0020451968753233407,0.6082073060663519,0.9999832702091239,-6.988680780694537e-05,-0.005783979400066964,8.551392530740655e-05,1128
0,ugv,125,62.5,0.23989615660976668,0.006709403687097461,62.5,0.0,62.378092655085204,-0.02915713688395883,4902,1267,1,1,0,0,0,0.0,769.4765242042257,68792.02419849783,370922.8026370542,0.002074492370740426,0.6073216449914962,0.999981662801558,-0.00038889758063175104,-0.006043411230675561,8.005952207691344e-05,1267
0,ugv,126,63.0,0.23788806705765625,0.006935436452756715,63.0,0.0,62.88717119983558,-0.028258215878837454,4908,1306,1,1,0,0,0,0.0,795.1751769988415,61969.70719449847,391879.291540941,0.00202913293497104,0.6088630758030945,0.9999830027943343,-0.00045198115575669374,-0.0058129024988431725,7.629455810091479e-05,1306
0,ugv,127,63.5,0.25034008988489537,0.007113132106220428,63.5,0.0,63.36754324230771,-0.027618541492965148,4905,1288,1,1,0,0,0,0.0,795.7652501514649,67791.11084569305,379205.41838596645,0.002098507066535404,0.6178301631610752,0.9999629859622925,-0.00014358177940607467,-0.008602679213386337,7.628425511597884e-05,1288
0,ugv,128,64.0,0.25964735289429547,0.007209019060782355,64.0,0.0,63.85675934531843,-0.028335912032356525,4900,1220,1,1,0,0,0,0.0,749.2160920071751,67028.42257770887,357536.74591758155,0.002095493961283304,0.6141115508255534,0.9999593270565936,0.0003398616323695876,-0.00901269807522147,7.94594136057518e-05,1220
0,ugv,129,64.5,0.2673331644536475,0.00733810220558502,64.5,0.0,64.34719455518758,-0.027177041986178506,4895,1234,1,1,0,0,0,0.0,759.974986068596,63852.860454839676,360596.2618453329,0.0021075509273985895,0.6158630357119903,0.9999675294107216,1.960526590209441e-06,-0.008058543315897282,7.696098117528786e-05,1234
0,ugv,130,65.0,0.287249862262781,0.00742641755127621,65.0,0.0,64.81975529363963,-0.0275314205332294,4880,1268,1,1,0,0,0,0.0,797.7377799638407,63880.4108062351,360055.0276791597,0.002215599612942204,0.6291307412964043,0.9999868551486015,-0.0003798542849262239,-0.005113241704854389,7.3906750905118e-05,1268
0,ugv,131,65.5,0.29102275574113196,0.0074261778326939675,65.5,0.0,65.3184757461059,-0.02687343155081698,4846,1149,1,1,0,0,0,0.0,721.4637541150234,65208.17805445447,335947.3732137112,0.0021475499189453936,0.6279057912228229,0.9999885499019783,-0.0006010706982696344,-0.00474750239118738,7.606702269517877e-05,1149
0,ugv,132,66.0,0.29982399519440245,0.007802423067873809,66.0,0.0,65.80775008953945,-0.026785139621719384,4809,1141,1,1,0,0,0,0.0,706.5369449989157,66541.29018476873,337102.63563903637,0.0020959104744451276,0.6192260692365607,0.9999818254473491,-0.0007105771831614118,-0.00598697378095681,7.296570379882833e-05,1141
0,ugv,133,66.5,0.30683209620953994,0.0075116529349360675,66.5,0.0,66.29970834193877,-0.026416048858544823,4800,1110,1,1,0,0,0,0.0,860.7840227240664,61440.30204514028,329546.9020870972,0.002612022802437289,0.7754811015532129,0.999967174030317,0.0017045984271233262,-0.007921187160036475,7.747095564018252e-05,1110
0,ugv,134,67.0,0.3109450644371026,0.007642432213992793,67.0,0.0,66.79879877538004,-0.02631664138280307,4775,1161,1,1,0,0,0,0.0,870.7487504167045,68253.72186063294,337514.42189225805,0.0025798860550458685,0.7499989237008652,0.9999798945485573,0.0005155173172174251,-0.006320185167524633,7.653539500211088e-05,1161
0,ugv,135,67.5,0.32067572995940463,0.007892977691103222,67.5,0.0,67.28694543601537,-0.026657912383267528,4713,1097,1,1,0,0,0,0.0,712.2039964728164,65312.29817851768,321598.78080246097,0.002214573061177993,0.6492288026187933,0.9999769377881187,-0.00023215961079658953,-0.006787488034021215,8.702885070738777e-05,1097
0,ugv,136,68.0,0.3246232702535957,0.007894796613405005,68.0,0.0,67.78588825052428,-0.026707541681033203,4696,1141,1,1,0,0,0,0.0,751.2151197436732,72791.16950070635,334403.619270315,0.0022464323842632484,0.6583831023169792,0.9999723693964359,-0.000689371448028415,-0.007401703228627812,9.142131020362946e-05,1141
0,ugv,137,68.5,0.3234759075833391,0.007915530316943883,68.5,0.0,68.29184531494879,-0.0279267783697015,4677,1149,1,1,0,0,0,0.0,848.3843317324009,72013.71665332426,332814.64761303575,0.0025491195709595664,0.7383675646060931,0.9999804672956067,-2.1075253573607164e-05,-0.00625016664526952,0.00010298163533457002,1149
0,ugv,138,69.0,0.2543454604973914,0.007929192819697008,69.0,0.0,68.96837244440799,-0.027073519886963975,4672,1222,1,1,0,0,0,0.0,833.3987564499583,73642.91863252691,347782.3506052252,0.0023963227432319194,0.681995709042519,0.9999763810469101,-0.003924990476255036,-0.005641967572254389,0.00010510061271545431,1222
0,ugv,139,69.5,0.25615780806676125,0.007906698986107918,69.5,0.0,69.49094178683866,-0.029804704811130504,4681,1271,1,1,0,0,0,0.0,827.3586397397722,75354.51516458117,364404.87208291295,0.0022704379198078438,0.6509509360659105,0.9999829718225078,-0.0006951299081611913,-0.005794209129492812,0.00011032623970476927,1271
0,ugv,140,70.0,0.25965282598848805,0.007997063649767162,70.0,0.0,70.00677017977743,-0.03035679223327766,4625,1238,1,1,0,0,0,0.0,907.5499625113731,72180.90883139236,354934.48630569025,0.002556950641673456,0.7330775141448894,0.9999700462434802,-0.0001270879617979552,-0.007738892973949411,0.00010376215464912466,1238
0,ugv,141,70.5,0.26432733637406336,0.008324695832434316,70.5,0.0,70.48505628455474,-0.030806890238930747,4585,1219,1,1,0,0,0,0.0,866.7000351217475,74753.47166075995,358956.1701846445,0.002414501009067272,0.7109926457110316,0.999971066298869,-0.00030022205831104366,-0.007601080963825606,0.0001104670610473614,1219
0,ugv,142,71.0,0.26718409518777575,0.008149955737431047,71.0,0.0,70.98711935126022,-0.03105809409106095,4657,1232,1,1,0,0,0,0.0,877.8012599062719,74119.20311935733,341359.5983449591,0.0025714855072544777,0.7125010226511947,0.9999749237438611,-0.0004621654288061291,-0.007066702666407431,0.00010623072687512612,1232
0,ugv,143,71.5,0.2715402318481953,0.008201036351128585,71.5,0.0,71.48581460948675,-0.030894103508003725,4693,1196,1,1,0,0,0,0.0,826.6354250564934,70007.96817933941,352368.0939385493,0.0023459428911876833,0.6911667433582721,0.9999685372508266,-0.002973575387214364,-0.007354070835863841,9.975261520784761e-05,1196
0,ugv,144,72.0,0.27628826211037844,0.008387341617818986,72.0,0.0,71.9799442435619,-0.030887277107114343,4707,1158,1,1,0,0,0,0.0,849.1830008378304,73516.97842078825,335894.72128613375,0.0025281224950077417,0.733318653573256,0.9999352906967135,-0.002390697890686737,-0.01112200444500117,9.869662131390811e-05,1158
0,ugv,145,72.5,0.28286235068341564,0.008301840667310212,72.5,0.0,72.4502253246357,-0.030704207945953764,4723,1079,1,1,0,0,0,0.0,796.4289617692897,67060.27682438846,323833.29306769185,0.0024593794980888816,0.73811766614392,0.9999659302634007,-0.004268593381471186,-0.00706522632300356,8.305545841751252e-05,1079
0,ugv,146,73.0,0.28628800817246197,0.008405541198725096,73.0,0.0,72.9544176593389,-0.030704469495740093,4736,1033,1,1,0,0,0,0.0,836.9916731938968,68099.9619590415,308100.3521207187,0.0027166203070938064,0.810253313837267,0.9999690759418292,-0.00454143620248328,-0.006420476404669552,7.698894299813604e-05,1033
0,ugv,147,73.5,0.2895312002347412,0.008337172448680338,73.5,0.0,73.46050334355431,-0.03092668910218158,4781,1006,1,1,0,0,0,0.0,775.3989067486158,65976.95896908472,296721.1797418778,0.0026132239950756027,0.7707742611815266,0.9999634379122324,-0.0031284506576397166,-0.00795836888010659,7.037207937442179e-05,1006
0,ugv,148,74.0,0.2947479765160375,0.00837024699599019,74.0,0.0,73.95220973814305,-0.030955309047107814,4817,994,1,1,0,0,0,0.0,717.8424169345972,63973.60071351469,299574.1493489755,0.002396209481006917,0.7221754697531159,0.9999496437599225,-0.003963392935786373,-0.009219623682164906,5.9472379931682526e-05,994
0,ugv,149,74.5,0.3009147923036149,0.008496633604953042,74.5,0.0,74.436699652526,-0.030842965547024516,4844,991,1,1,0,0,0,0.0,752.3042278402891,65252.13083238178,297891.0205698735,0.002525434390070271,0.7591364559437831,0.9999708556843676,-0.0035509735141851283,-0.006758577437211972,5.738486923211276e-05,991
0,ugv,150,75.0,0.3021797770173056,0.008568891138913329,75.0,0.0,74.95124329134792,-0.030467715043295686,4863,976,1,1,0,0,0,0.0,612.5454897827634,56729.79900177883,301426.9343373672,0.002032152472138345,0.6276080837938149,0.999979536484168,-0.00023041643001132494,-0.006393240272129617,5.191644485138278e-05,976
0,ugv,151,75.5,0.3051740008868798,0.008654366175962266,75.5,0.0,75.46191238359769,-0.03036797215136541,4901,1029,1,1,0,0,0,0.0,660.2016939775131,60322.19020950825,311657.47282323975,0.0021183566946009163,0.6415954266059408,0.999979906003009,0.00214189392902751,-0.005966563551146414,5.206026370848283e-05,1029
0,ugv,152,76.0,0.3075869142674767,0.008744005770425561,76.0,0.0,75.97344369541705,-0.02922146449723366,4915,1095,1,1,0,0,0,0.0,683.5939856366826,58416.02810572103,333308.0555701036,0.002050937486246577,0.6242867448736827,0.9999633300713805,0.003099926178806272,-0.007983042668121589,4.774564917508398e-05,1095
0,ugv,153,76.5,0.3115274722244779,0.008664611899698235,76.5,0.0,76.47848501045993,-0.030121756052340177,4949,1040,1,1,0,0,0,0.0,678.625464990491,55741.971666972626,318626.4962659667,0.002129846302625199,0.6525244855677798,0.9999605065747098,0.005494479826081929,-0.006985412105981897,4.8116697862781185e-05,1040
0,ugv,154,77.0,0.3158725725986224,0.00860123983187453,77.0,0.0,76.96895145306445,-0.030089630504912368,4958,1087,1,1,0,0,0,0.0,775.8385050163895,55222.32603435943,336842.3850236549,0.002303268648813022,0.7137428749000824,0.9999431741232356,0.009527360066883143,-0.004783088385625314,4.813857563783924e-05,1087
0,ugv,155,77.5,0.32022925649247613,0.008991543114590786,77.5,0.0,77.47949790753225,-0.028950732298073323,4952,1121,1,1,0,0,0,0.0,844.2899605413194,52241.59292976878,349224.86058028403,0.002417611275263789,0.7531578595373054,0.9999117414643767,0.011464890199885634,-0.0067130897790618396,4.795474554551508e-05,1121
0,ugv,156,78.0,0.32368955962966184,0.009002458260175518,78.0,0.0,77.98542940947041,-0.029743997784451668,4959,1136,1,1,0,0,0,0.0,953.5444999857142,55069.63647272478,349592.8943630866,0.0027275854725907684,0.8393877640719315,0.9998553361149661,0.015760865990596326,-0.006395462896042312,4.4553846426205654e-05,1136
0,ugv,157,78.5,0.32822781832599346,0.009387322765696732,78.49999949736855,0.0007089648737126335,78.48821439529998,-0.028309658699059815,4956,1123,1,1,0,0,0,0.0,1030.3327884874022,54082.40164900712,344344.80102801905,0.002992154333131822,0.917482447450937,0.9997537403542474,0.020594081423983283,-0.008266949739446536,4.461135536526773e-05,1123
0,ugv,158,79.0,0.3333126744926346,0.009467900679552119,78.99999899473711,0.001417929747425267,78.97837684785934,-0.027824344488440594,4972,1112,1,1,0,0,0,0.0,1176.5917196292153,54650.43291715905,328716.1555016599,0.0035793547105514075,1.0580860788032511,0.9996157081077676,0.026683651263189827,-0.007511248862263295,4.3223128052514294e-05,1112
0,ugv,159,79.5,0.3375556746223518,0.009546312475438553,79.4999869677739,0.004885900126912615,79.48266518953851,-0.023870550567264406,4962,1110,1,1,0,0,0,0.0,1409.5222300805422,54813.7966935382,328934.0019092007,0.004285121701920096,1.2698398469194074,0.9994336123178129,0.03207807095858733,-0.010171132333403709,4.561431506951668e-05,1110
0,ugv,160,80.0,0.3426234616256497,0.00949818278055834,79.99997494081072,0.008353870506399963,79.97367482971698,-0.021337170279579563,4958,1102,1,1,0,0,0,0.0,1670.0339920670876,55512.53332805942,309044.28897737886,0.00540386621475257,1.5154573430735823,0.9990690398287947,0.04245837749621412,-0.007638051843191432,4.405904988258876e-05,1102
0,ugv,161,80.5,0.34655378957532945,0.009616992214849079,80.49988665773961,0.017749362893911845,80.47047578987431,-0.011254803796218854,4968,1115,1,1,0,0,0,0.0,2025.2384582271054,53216.665801006806,333445.4244490698,0.006073672960345086,1.8163573616386595,0.9986750179905796,0.05030695700241104,-0.010835982589192203,4.3296466242447204e-05,1115
0,ugv,162,81.0,0.35024903348606956,0.009589501895068195,80.9997983746685,0.027144855281423724,80.97115428005819,-0.0024173286670943783,4964,1140,1,1,0,0,0,0.0,2566.417462723424,51857.4379415967,323640.0017724389,0.007929852455407999,2.2512433883538807,0.9980236836641531,0.062262729799618735,-0.00848995425983637,4.3550389438952564e-05,1140
0,ugv,163,81.5,0.3543568977933257,0.010055013762999639,81.4994271400868,0.046408727337564265,81.4792503354497,0.017467411053575257,4968,1109,1,0,0,0,0,0.0,2837.527400424823,53159.38102363449,323449.1118669094,0.00877271662317128,2.558636068913276,0.9972149707282201,0.07407695230312368,-0.008654899941415675,4.410497100566532e-05,1109
0,ugv,164,82.0,0.3599664690865317,0.010179837758936454,81.99905590550507,0.06567259939370482,81.96434572612915,0.03543485071818188,4974,1103,1,1,0,0,0,0.0,3486.7068638941346,52778.13680674516,324888.4874442981,0.010732011131948552,3.1611122972748276,0.9962660629348462,0.08573806366396397,-0.010144766308556662,4.400589741034006e-05,1103
0,ugv,165,82.5,0.3625696198932001,0.01023588984573364,82.49793849852225,0.09908155604397191,82.47740758354288,0.06995300818308312,4972,1102,1,1,0,0,0,0.0,3904.4037288826603,53678.30596638116,322647.065899974,0.0121011598788042,3.5430160879152997,0.9953144856670001,0.0963061067375726,-0.008614431292116089,4.446439733029521e-05,1102
0,ugv,166,83.0,0.3671573488085297,0.010163413709884387,82.99682109153943,0.132490512694239,82.97603402700526,0.10358049502127437,4981,1118,1,1,0,0,0,0.0,4924.213021640871,58609.080536765556,317616.84147082147,0.015503626945088314,4.404483919177881,0.9927936246505319,0.11964332262215165,-0.0068039845083845765,4.6876324572063314e-05,1118
0,ugv,167,83.5,0.37192318818456777,0.010061034691921768,83.49414287360301,0.18417266711048716,83.47525287529616,0.15533508224791084,4971,1086,1,1,0,0,0,0.0,5316.672606001104,51794.293507045186,314004.74766083993,0.016931822354940004,4.895646966851846,0.9903832160108224,0.13798221841658403,-0.010099150701865324,4.423968991503683e-05,1086
0,ugv,168,84.0,0.3756862705728009,0.01022802757701456,83.99146465566659,0.23585482152673531,83.97997345179678,0.2098316085698426,4986,1109,1,1,0,0,0,0.0,5607.170162618243,57428.85325749394,311689.19850140356,0.017989619754477933,5.0560596597098675,0.9890958595840845,0.1470812356839848,-0.007516027095016914,4.4967981355378496e-05,1109
0,ugv,169,84.5,0.38082675369579316,0.010418361040421494,84.48603965612482,0.3093093579540267,84.46468380167418,0.27987609322086937,4977,1090,1,1,0,0,0,0.0,6142.027588584779,51547.961862552474,305626.0661316165,0.020096543682696692,5.634887695949338,0.9846171969308094,0.1746065656414052,-0.006443814323032206,4.736919624597643e-05,1090
0,ugv,170,85.0,0.3854355563203851,0.010336220513579995,84.98061465658304,0.3827638943813181,84.95375241761751,0.3531997021881598,4988,1100,1,0,0,0,0,0.0,6551.924284441183,53979.54983465835,307035.2916294455,0.021339319821086118,5.956294804037439,0.982285131148524,0.18726616479087355,-0.006877837526746177,4.880624340398407e-05,1100
0,ugv,171,85.5,0.390028852759345,0.010487927103317867,85.47098017313738,0.48044531623006365,85.44392769907161,0.450574581558961,4984,1105,1,1,0,0,0,0.0,6876.773131459288,54511.01739204984,307950.2164887312,0.022330794924805417,6.223324100868134,0.9781188355700442,0.20779007999427435,-0.01033567409866992,4.99732131997362e-05,1105
0,ugv,172,86.0,0.395103226812348,0.010737155538328942,85.96134568969173,0.5781267380788092,85.93564005425903,0.5501946424179274,4982,1097,1,1,0,0,0,0.0,7194.8863705012045,53316.43406088467,313889.8740562781,0.022921689946618716,6.558693136281864,0.9723290005827159,0.23337622785768738,-0.010575958430960894,5.161653879589932e-05,1097
0,ugv,173,86.5,0.39884290334036426,0.010966735759274886,86.44597346548642,0.7011548605885819,86.41832357365247,0.6728766049602884,4983,1088,1,1,0,0,0,0.0,7307.672313714037,57415.542482137105,306519.035810534,0.023840843340741373,6.716610582457754,0.9675912990691429,0.25230479511922527,-0.010457931226300109,5.633222233733988e-05,1088
0,ugv,174,87.0,0.4032032975120774,0.01093574855225005,86.93060124128112,0.8241829830983546,86.90014248006668,0.7943956818870689,4989,1109,1,1,0,0,0,0.0,7252.372059695067,52437.75472486481,322126.4433610694,0.02251405374865773,6.539560017759303,0.9609545892586508,0.27661106207778635,-0.007252428485457108,5.5105268754823783e-05,1109
0,ugv,175,87.5,0.4066544494839586,0.011338858993774148,87.40818205069007,0.9722254448594951,87.38171788605653,0.9437747969201526,4985,1109,1,1,0,0,0,0.0,7062.907183688994,55859.82798374818,323662.55455923296,0.021821823637607183,6.368717027672673,0.9555618701890145,0.2947070176204965,-0.00702039928388891,5.744190413029666e-05,1109
0,ugv,176,88.0,0.4117645841742384,0.011261047079968228,87.885762860099,1.1202679066206358,87.8561924622789,1.0907827182321836,4954,1063,1,1,0,0,0,0.0,5909.410083370834,56255.29936072267,298043.288471467,0.019827354991543682,5.559181640047822,0.9504081337806118,0.3108782474426664,-0.008893509466502794,6.6007440023875e-05,1063
0,ugv,177,88.5,0.4157936974345755,0.011393192417747968,88.35548763140838,1.2916115356774194,88.31961515918238,1.2605313880069133,4937,1066,1,1,0,0,0,0.0,5913.945213732049,52847.41200430565,311801.33299969276,0.01896702992523087,5.547791007253329,0.9469264758986095,0.3213272198824075,-0.00889196293756679,6.523249131340538e-05,1066
0,ugv,178,89.0,0.4201877129434709,0.011263417153971044,88.82521240271777,1.4629551647342032,88.78626684249782,1.4302876677962286,4915,1096,1,1,0,0,0,0.0,5259.804274278219,65366.223047796426,312472.99868309894,0.016832828104973514,4.7990914911297615,0.9404295270701054,0.3397534710601275,-0.012644505419072265,8.882524445749783e-05,1096
0,ugv,179,89.5,0.42460705094389806,0.01101907308502695,89.28696630419475,1.6547449832094898,89.24805390357936,1.6216678823965631,4871,1052,1,0,0,0,0,0.0,4482.220629032755,58070.66759347983,296381.2192499108,0.015123160098930945,4.260665997179425,0.9350562735408804,0.35440848386549967,-0.008024454872448373,8.984292315550104e-05,1052
0,ugv,180,90.0,0.42688712784303207,0.010997911167170327,89.74872020567173,1.8465348016847762,89.723888826176,1.8187519083365633,4838,1052,1,1,0,0,0,0.0,4773.457619709089,66051.05223772132,298968.2940296133,0.015966434284286582,4.537507243069476,0.9306689955173645,0.36572384091413646,-0.010064440854368282,0.00010518893865857193,1052
0,ugv,181,90.5,0.43170344312973397,0.011191950907862869,90.20312992327902,2.0551296447276037,90.17203805030263,2.024266468797435,4922,1109,1,1,0,0,0,0.0,28593.29737937778,69363.32340546722,281489.89905178983,0.10157841356189143,25.78295525642721,0.9308135657273694,0.36533132663639833,-0.010914560732788561,0.00011816896861019537,1109
0,ugv,182,91.0,0.4355585058260708,0.012055631613865608,90.65753964088631,2.2637244877704314,90.62944811016932,2.2341381002763177,4938,1171,1,1,0,0,0,0.0,42488.12994288895,70585.57670856825,289520.8734128997,0.14675325285543256,36.28362932783001,0.924606353394917,0.38091752274322344,0.0022208396878523867,0.00012552692779396835,1171
0,ugv,183,91.5,0.4394344360466244,0.012455162518448075,91.10585821732272,2.485107535951723,91.07842162181404,2.456091649619756,4911,1197,1,1,0,0,0,0.0,51227.280092100154,70197.35015774328,286924.2883498614,0.17853936446689422,42.79639105438609,0.9209170732924676,0.3897165841566162,0.00572085236086449,0.00012579250563053582,1197
0,ugv,184,92.0,0.44383300534478054,0.012582739689320492,91.55417679375911,2.7064905841330154,91.525846183227,2.677118352629629,4799,1218,1,1,0,0,0,0.0,54335.938056257495,73194.28885728928,288698.35949046403,0.1882100686410456,44.6107865814922,0.9144517069363419,0.40469482131763307,-0.00042104619619501055,0.00013359125875675318,1218
0,ugv,185,92.5,0.4475314893806445,0.01272001829775266,91.99803701285667,2.9366820390193107,91.96812379487017,2.9060338265261465,4670,1235,1,1,0,0,0,0.0,64782.82582167275,72632.76163414767,295143.86748139956,0.21949575430617907,52.455729410261334,0.909818681458948,0.40946775329265017,0.06757311508115756,0.0001320673804042832,1235
0,ugv,186,93.0,0.45122329578886583,0.012748736162229518,92.44189723195423,3.1668734939056056,92.41286432105358,3.1369595303376,4651,1337,1,1,0,0,0,0.0,72626.48526353766,77533.25618195032,305519.8451559675,0.23771446082810735,54.32048262044702,0.9031152265030621,0.42095611466584176,0.08472801888255294,0.00015313615076588717,1337
0,ugv,187,93.5,0.4555474156343301,0.012968013464074299,92.88299714768456,3.4023110957084945,92.85300203928516,3.3725548074531377,4672,1349,1,1,0,0,0,0.0,62701.52117813285,79314.03246106385,296930.35052802437,0.21116575340524193,46.480000873337914,0.9018026398992247,0.4319437605151322,0.013288582423859966,0.00015347876045363054,1349
0,ugv,188,94.0,0.4600346457901797,0.012896563021762926,93.32409706341488,3.6377486975113835,93.29488395990579,3.6080099431535904,4674,1439,1,1,0,0,0,0.0,74613.80551397134,110035.60909239203,310351.6451583789,0.24041698079574983,51.851150461411635,0.016967614789035954,-0.0025541764079108006,0.9998527772783592,0.00014030419178295554,1439
0,ugv,189,94.5,0.4629966255238762,0.012646879139509867,93.76389110995694,3.8756167210583845,93.73414198650909,3.8453547555239633,4666,1406,1,1,0,0,0,0.0,78330.198172987,117224.7701144649,307249.3105382067,0.2549401918454316,55.71137850141323,0.013909253841820263,-0.005196406272761101,0.9998897589331598,0.000128389915634889,1406
0,ugv,190,95.0,0.46713887193813364,0.0123912155481884,94.203685156499,4.113484744605386,94.17437699897675,4.082399435902368,4669,1397,1,1,0,0,0,0.0,80983.00211103543,97508.40277005946,318601.628620364,0.2541826369868696,57.969221267741894,0.020725779322898652,-6.02767490312673e-05,0.9997851961487386,0.00012668846207072247,1397
0,ugv,191,95.5,0.4713846784436691,0.012388836714458814,94.64314148078589,4.351976126093823,94.61271590168623,4.320341023044337,4678,1300,1,1,0,0,0,0.0,67747.26640053107,83043.45306841427,323272.3020322598,0.20956718523249934,52.11328184656236,0.8834264430750475,0.46707213267616554,-0.03743451018924274,0.00012159108481807645,1300
0,ugv,192,96.0,0.47572106781988116,0.012562078529912705,95.08259780507277,4.59046750758226,95.05347864416221,4.560113710136721,4806,1215,1,1,0,0,0,0.0,55715.08058844611,73727.90686327821,300755.77567824966,0.18525024320081698,45.85603340612848,0.8824932711969762,0.47016718898118487,-0.012183624156685106,9.521186516895905e-05,1215
0,ugv,193,96.5,0.4792342515650952,0.012384318081627958,95.52205412935965,4.828958889070697,95.49078582778691,4.796218245024265,4902,1197,1,1,0,0,0,0.0,49377.50238992608,66681.1190745899,316479.20821936533,0.15602131548465076,41.251046273956625,0.880189324523617,0.474487643172178,-0.011323845264337305,7.375185590097448e-05,1197
0,ugv,194,97.0,0.48379409412200713,0.012497004618577634,95.96151045364653,5.067450270559134,95.93458744297449,5.037224441967938,4945,1161,1,1,0,0,0,0.0,35655.592662390154,64174.9129358104,304350.82538474456,0.11715293565350512,30.711104791033726,0.8795893892472222,0.4756496945856075,-0.008937245902213757,7.581729636301579e-05,1161
0,ugv,195,97.5,0.48882373587985944,0.013074521786440927,96.4009667779334,5.305941652047571,96.3689359228401,5.273234300612698,4934,1104,1,1,0,0,0,0.0,21860.554941962848,59178.133691252115,314562.79873893515,0.06949504210161088,19.80122730250258,0.8788449374690261,0.4770052120381091,-0.009879452087171964,6.86298829846326e-05,1104
0,ugv,196,98.0,0.49335177022528043,0.013710214457582774,96.84042310222029,5.544433033536008,96.80492970326593,5.5104458209531835,4866,1054,1,1,0,0,0,0.0,788.5373654183412,59034.69456716567,315123.6562141881,0.0025023109178524384,0.7481379178542137,0.8794609036898869,0.47592442503416715,-0.006667873488966697,6.725998389769098e-05,1054
0,ugv,197,98.5,0.500443192460043,0.01360713724917434,97.27987942650716,5.782924415024445,97.22717264403701,5.739217967501464,4904,1077,1,1,0,0,0,0.0,607.4630405991661,59228.73369773467,330805.5120750904,0.0018363147481692402,0.5640325353752703,0.8791748655395045,0.47641794165925044,-0.008803446413608921,6.738871620779995e-05,1077
0,ugv,198,99.0,0.5043834737523368,0.01407249998841274,97.71933575079404,6.0214157965128825,97.65994972413822,5.974620319314854,4935,1070,1,1,0,0,0,0.0,611.5552475823987,53510.896649756956,335471.20361744845,0.001822973897574172,0.571546960357382,0.8795957506333533,0.47564591586579125,-0.008501657952420251,6.60673235478318e-05,1070
0,ugv,199,99.5,0.5103238994892844,0.014259644052572396,98.15879207508092,6.25990717800132,98.08925644372181,6.206839133419314,4959,1100,1,1,0,0,0,0.0,625.4019951490433,50310.15055133193,348093.78734163183,0.0017966479664150144,0.5685472683173121,0.8792992992811709,0.4761885145761568,-0.00878867847822995,5.916345608422842e-05,1100
0,ugv,200,100.0,0.514358898379811,0.014660072369592318,98.5982483993678,6.498398559489757,98.52708952931937,6.444426266156036,4993,1085,1,1,0,0,0,0.0,618.8181088267024,52528.54045567244,341668.30972110596,0.0018111662428740491,0.5703392708080207,0.8793221760454146,0.4761092816420754,-0.010604840829741426,6.419251959521341e-05,1085
0,ugv,201,100.5,0.5196426897433749,0.014768172762161863,99.03770472365468,6.736889940978194,98.95819872755044,6.678621074878828,5019,1156,1,1,0,0,0,0.0,670.4766731211039,53467.80234617403,362747.1598204373,0.001848330593278787,0.5799971220770795,0.8793419973387305,0.4760633784074801,-0.01101414797378604,6.215129230655688e-05,1156
0,ugv,202,101.0,0.5258296547117884,0.01461168801353144,99.47716104794156,6.975381322466631,99.39064751857566,6.91346439997804,5030,1143,1,1,0,0,0,0.0,658.4888311722018,53476.07091310639,365858.6440173454,0.0017998449454182713,0.5761057140614189,0.8796107754888696,0.47558946298845617,-0.009977291126390137,6.02272296296291e-05,1143
0,ugv,203,101.5,0.529117458515933,0.014403027067560943,99.91661737222844,7.213872703955068,99.83617381704813,7.155249000346062,5020,1146,1,1,0,0,0,0.0,648.2821516656619,53910.12614629529,373953.8232893015,0.0017335887783239271,0.5656912318199493,0.8794100945501159,0.4759960307318918,-0.008103353061542735,5.8803930575730534e-05,1146
0,ugv,204,102.0,0.5346273617578557,0.01434788715719958,100.35607369651532,7.452364085443505,100.2700848810289,7.390242113175978,5023,1155,1,1,0,0,0,0.0,647.6575165535933,50072.24963970737,377426.83005940565,0.001715981655177122,0.5607424385745396,0.8793219077442355,0.47614487558469776,-0.008890445178428298,5.3486632406438044e-05,1155
0,ugv,205,102.5,0.5407398242408221,0.014715629057864797,100.7955300208022,7.690855466931942,100.7020933865737,7.624865052739085,5023,1126,1,1,0,0,0,0.0,645.8278471748458,46393.46503298808,363964.85576025466,0.0017744236482004066,0.5735593669403605,0.879697501917914,0.4754569219218725,-0.008545204266759782,5.0526806379308376e-05,1126
0,ugv,206,103.0,0.5452320281818037,0.014893682599582032,101.23498634508908,7.929346848420379,101.14220086861896,7.864700896515202,5029,1121,1,1,0,0,0,0.0,641.13350991926,52642.041902647,360445.24260405323,0.0017787265141505585,0.5719299820867618,0.8796716646872037,0.4754963426159941,-0.008999472498816703,5.7710428817624254e-05,1121
0,ugv,207,103.5,0.5518086145209632,0.015144459182552337,101.67444266937596,8.167838229908817,101.57618779159115,8.097951928777533,5028,1139,1,1,0,0,0,0.0,635.219060839409,53464.716660891776,371813.5714441008,0.001708434305859944,0.5576989120626945,0.8794511968873533,0.475869219903845,-0.01068072289257447,5.529941415097036e-05,1139
0,ugv,208,104.0,0.5536253866390022,0.01538943942047514,102.11389899366284,8.406329611397254,102.03017841071768,8.34519299831562,5030,1159,1,1,0,0,0,0.0,670.5599666477398,52643.957637370106,370870.48030862614,0.001808070478107942,0.5785677020256599,0.8790260236213336,0.47666872736548455,-0.010008703624143838,5.305762694364478e-05,1159
0,ugv,209,104.5,0.5595107747213903,0.015484398366396784,102.55335531794972,8.644820992885691,102.46349611451379,8.580571980218144,5029,1154,1,1,0,0,0,0.0,660.2285260210233,51698.00767713406,367621.0994396375,0.0017959484018392998,0.5721217729818227,0.8792959850750723,0.4762067227276129,-0.008107272037171216,5.290373751020234e-05,1154
0,ugv,210,105.0,0.5707061807871232,0.015098493094743624,102.9928116422366,8.883312374374128,102.88050265801553,8.806584258099535,5024,1158,1,1,0,0,0,0.0,654.3239710283498,53461.39461951897,376481.7066042789,0.0017379967194956216,0.5650466071056561,0.8796470334628297,0.4754915403423229,-0.011353042892930263,4.986420682942911e-05,1158
0,ugv,211,105.5,0.5755568972410477,0.015408217167321894,103.43226796652348,9.121803755862565,103.31428882479803,9.041602112957136,5028,1111,1,1,0,0,0,0.0,638.9829797853242,51300.23128558935,353347.8877711813,0.001808367905680287,0.5751421960263945,0.8796410946784072,0.47555559776226874,-0.008855393268787135,4.985058845668798e-05,1111
0,ugv,212,106.0,0.5808162379681187,0.016089863249839315,103.87172429081036,9.360295137351002,103.75024841752999,9.279553409802539,5026,1138,1,1,0,0,0,0.0,651.5255799818674,53576.67242831109,368321.3293480382,0.0017689053770932196,0.57251808434259,0.8793726640241304,0.47604552138256906,-0.009185822701382691,5.239864870859936e-05,1138
0,ugv,213,106.5,0.5863170576223989,0.016220042050934032,104.31118061509724,9.59878651883944,104.18344282357523,9.513601760581075,5026,1147,1,1,0,0,0,0.0,651.6406102800436,57097.39785541356,361574.3298705857,0.0018022313987646138,0.5681260769660362,0.8798177734497002,0.47523161888670623,-0.008694477116658742,5.050525378459724e-05,1147
0,ugv,214,107.0,0.5933846649502301,0.016189744173880652,104.75063693938412,9.837277900327877,104.6161208590228,9.748335186544779,5025,1165,1,1,0,0,0,0.0,664.6875412746172,60236.892958333185,372797.7292209567,0.0017829710032398235,0.5705472457292852,0.8797551786714248,0.4753342998678711,-0.009387703123249828,5.2011070962942615e-05,1165
0,ugv,215,107.5,0.5983146622078954,0.016339548218704914,105.190093263671,10.075769281816314,105.05340206865124,9.985730123126864,5030,1138,1,1,0,0,0,0.0,654.3005442215709,52522.71512142317,374828.6401262003,0.0017455991196437812,0.5749565414952292,0.8796459343485991,0.47556989029478985,-0.007503974212484799,4.802385655553198e-05,1138
0,ugv,216,108.0,0.5990235789879379,0.01685252184587286,105.62954958795788,10.31426066330475,105.51069306215605,10.233305613502779,5020,1131,1,1,0,0,0,0.0,655.5316850296833,50755.59602318388,360892.46637839987,0.0018164183132112015,0.5796036118741674,0.8800302224315446,0.4748008825833626,-0.01053230768381922,4.66742868870313e-05,1131
0,ugv,217,108.5,0.6030325886123293,0.01670222294615594,106.06900591224476,10.552752044793188,105.95391213418225,10.47429290344141,5030,1123,1,1,0,0,0,0.0,646.5593906488092,52786.13291608998,368644.94602621987,0.0017538810652861158,0.5757430014682183,0.8801040247522615,0.4746740703703588,-0.01007137194754922,4.776563814076112e-05,1123
0,ugv,218,109.0,0.6099607632214249,0.0167597374897918,106.50846223653164,10.791243426281625,106.38689797201727,10.708721155346272,5026,1142,1,1,0,0,0,0.0,657.4111136855574,51244.08948210576,371448.2609963464,0.0017698591774858888,0.5756664743306107,0.8804145959914529,0.47407672432620795,-0.011018104071904136,4.540107941897526e-05,1142
0,ugv,219,109.5,0.6148297749021691,0.017006854105895648,106.94791856081852,11.029734807770062,106.82587582460174,10.947800486385459,5021,1120,1,1,0,0,0,0.0,653.2809661484861,51602.21939447869,363686.896375821,0.0017962730377654547,0.5832865769182911,0.8808732484574496,0.47325894549160596,-0.009396311201375764,4.431066779955964e-05,1120
0,ugv,220,110.0,0.6174849799943823,0.01765468137248142,107.3873748851054,11.268226189258499,107.27301449797869,11.190136514720868,5024,1125,1,1,0,0,0,0.0,659.6441840706374,48547.921350082484,368845.1423772187,0.0017884041519950881,0.5863503858405665,0.8818398603573162,0.47136325669882323,-0.013234081731183808,4.2948736377466344e-05,1125
0,ugv,221,110.5,0.6249562163423119,0.017337336162060988,107.82694442881817,11.506508828660003,107.70453725334613,11.423654628302323,5028,1145,1,1,0,0,0,0.0,695.8510154748833,49015.72866244542,376089.9923784465,0.0018502247589047044,0.6077301445195488,0.8827194981963241,0.46978333651477183,-0.010483522169519996,4.210863079658485e-05,1145
0,ugv,222,111.0,0.6299911396293955,0.017450106757927162,108.26651397253094,11.744791468061505,108.14453947887758,11.662467639035224,5031,1136,1,1,0,0,0,0.0,726.886257914176,51266.626105658564,382868.2996547242,0.0018985281846778431,0.639864663656845,0.8839614676115436,0.46745253457815883,-0.010012576816276894,4.306912899359691e-05,1136
0,ugv,223,111.5,0.6336648473650095,0.017292788870155444,108.70652626563913,11.982255532529535,108.59128224946282,11.902826856389597,5030,1129,1,1,0,0,0,0.0,755.3495162520368,50979.04903576806,368673.9604788949,0.00204882795430104,0.6690429727653115,0.8845546953886345,0.46632521984309283,-0.010187256952247164,4.0389456254560434e-05,1129
0,ugv,224,112.0,0.6363384999286136,0.01765333822764394,109.14653855874731,12.219719596997567,109.04436977595775,12.146756308599496,5028,1143,1,1,0,0,0,0.0,853.0536357356094,53830.38255474191,373617.99319745495,0.0022832241788868436,0.7463286401886347,0.8864991833623563,0.4626324953908503,-0.009506424475553154,4.2710026339640703e-05,1143
0,ugv,225,112.5,0.6471592386218076,0.01792795837195348,109.58750819526372,12.455401118697049,109.46376791457834,12.371207130577476,5015,1108,1,1,0,0,0,0.0,834.514452825783,52189.72650282499,354529.17611157737,0.0023538667874351328,0.7531718888319341,0.8877921688437218,0.4601771793537675,-0.007875820069709214,4.085601401823825e-05,1108
0,ugv,226,113.0,0.6536084270235986,0.017555031491585424,110.02847783178014,12.69108264039653,109.90192976549233,12.605073526235229,5021,1106,1,1,0,0,0,0.0,902.5578343170115,52270.41069911258,361113.6516226093,0.0024993733420531324,0.8160559080623974,0.8900547256838978,0.45574604561691506,-0.009905917035093807,4.114792075730498e-05,1106
0,ugv,227,113.5,0.6561062272368106,0.017412548972463165,110.47105250145509,12.923736163391792,110.35113836494284,12.840938190405517,5026,1130,1,1,0,0,0,0.0,964.4503810378047,50669.60391950519,357410.13276971783,0.002698441629407322,0.8534959124228361,0.8916672601045695,0.45258710868861673,-0.00971629077826142,3.8682040325563825e-05,1130
0,ugv,228,114.0,0.661849190963291,0.01786370803896693,110.91362717113005,13.156389686387055,110.79702075020313,13.075139462182761,5025,1155,1,1,0,0,0,0.0,1102.0248585996706,50275.52782610074,376162.63381136424,0.002929649995890627,0.9541340767096714,0.8943248372588705,0.44729487590870415,-0.010506162368445983,3.597690201940097e-05,1155
0,ugv,229,114.5,0.6681686320208796,0.017657723015139647,111.35851904424565,13.38458088086152,111.23997986047095,13.302216726053281,5032,1154,1,1,0,0,0,0.0,1174.8362285868245,49513.911429289554,361182.0927256843,0.003252753257285947,1.0180556573542674,0.8970548314995862,0.4417791577465537,-0.011126772397895003,3.649585842653959e-05,1154
0,ugv,230,115.0,0.6743108702602684,0.017647940749102753,111.80341091736126,13.612772075335988,111.6795892718367,13.527599089547664,5028,1134,1,1,0,0,0,0.0,1273.6697197123476,52454.39129032911,359382.64905552275,0.003544049004757523,1.1231655376652094,0.8993256540970014,0.43711635911533686,-0.011943888678016499,3.739809385265751e-05,1134
0,ugv,231,115.5,0.6813217814982977,0.017640041598257578,112.25131907293368,13.83498432560973,112.12576648534726,13.748119183465274,5030,1137,1,1,0,0,0,0.0,1351.8185808672297,53710.60010721398,358144.07243756123,0.003774510552880658,1.1889345478163849,0.9019623794162366,0.43164935709454566,-0.011945653505217091,3.7203489703553996e-05,1137
0,ugv,232,116.0,0.6882573700797485,0.017643751844089058,112.69922722850609,14.057196575883472,112.5665930280796,13.967926341847217,5029,1162,1,1,0,0,0,0.0,1544.3120776896817,52416.56802279735,362859.8592233309,0.00425594630664065,1.3290121150513612,0.9062402755909627,0.4226466622731623,-0.009917750055917877,3.4395079620831296e-05,1162
0,ugv,233,116.5,0.6924475120276258,0.017719096225832683,113.15076127215853,14.271945283499768,113.02523932455445,14.184879881765633,5010,1121,1,1,0,0,0,0.0,1593.3819534823256,50878.56644361715,350751.18737205106,0.004542769948750546,1.4213933572545276,0.9082167024578954,0.4183185431229977,-0.012329552139432076,3.316836472675068e-05,1121
0,ugv,234,117.0,0.6973853635665533,0.018194146016513143,113.60229531581098,14.486693991116066,113.47910103509606,14.401238136287576,4988,1100,1,1,0,0,0,0.0,1674.40419164706,47516.87797117784,350551.2506236661,0.004776488997452229,1.5221856287700546,0.9106518373280016,0.41301482868784434,-0.01148836172330717,3.1477815612497635e-05,1100
0,ugv,235,117.5,0.7031640977924449,0.017960290233067003,114.05791087903349,14.692641699404941,113.93660818341846,14.607643853930549,4981,1087,1,1,0,0,0,0.0,1776.0317995916641,49814.84059208357,344245.14699782996,0.005159206498858385,1.6338839002683203,0.9139344337212997,0.4056338660917792,-0.013602115201810103,3.067129906859785e-05,1087
0,ugv,236,118.0,0.7072908618888112,0.01786590737343561,114.513526442256,14.898589407693814,114.40669626007582,14.820845005343218,4945,1054,1,1,0,0,0,0.0,1831.0579876699026,57346.90378508418,330008.795989135,0.005548512675796033,1.7372466676185034,0.9165442521899532,0.3998140101971158,-0.00976683304147362,3.1145693170550006e-05,1054
0,ugv,237,118.5,0.7138473383477223,0.018376249748623594,114.97348158487223,15.094653853172531,114.86184087516892,15.013911203747028,4905,1024,1,1,0,0,0,0.0,1765.2683970413118,56355.67715580621,322984.7429543312,0.005465485400005144,1.723894918985656,0.9200818605644165,0.39160794119990333,-0.00962238273476641,3.099585460521141e-05,1024
0,ugv,238,119.0,0.7196742330598559,0.018447077573756444,115.43343672748847,15.290718298651246,115.32182510794404,15.20954029279345,4868,1004,1,1,0,0,0,0.0,1778.5728181199484,53748.64011407429,309242.1742336485,0.005751391518726499,1.7714868706373987,0.9224722375983834,0.3858231864546278,-0.013617622928729985,2.9404803402820513e-05,1004
0,ugv,239,119.5,0.726670722137313,0.018746596001263723,115.89777462852305,15.47616455410762,115.78563307141549,15.394939801544872,4830,1036,1,1,0,0,0,0.0,1825.8110090602029,61334.186512720036,303964.6651633765,0.006006655438318321,1.7623658388611998,0.9257256986464366,0.3778778151708073,-0.015501215026703785,3.06644435694316e-05,1036
0,ugv,240,120.0,0.7318628723240339,0.01887028864607115,116.36211252955765,15.66161080956399,116.25974740470318,15.584398981606403,4819,1035,1,1,0,0,0,0.0,1896.2036811278908,63545.141152467186,309141.0363411514,0.006133781860766432,1.8320808513312954,0.9300385036826179,0.36719188368826466,-0.014089081632990247,3.1394592878309914e-05,1035
0,ugv,241,120.5,0.7382606258946213,0.019353919247864063,116.83067103648963,15.836118475818711,116.73239562083268,15.76019015493538,4810,1065,1,1,0,0,0,0.0,2005.578372998813,69340.57650871319,312375.3383015436,0.006420412007886418,1.8831721812195428,0.9339464373474838,0.3571148988446957,-0.014594560256664906,3.485211970513566e-05,1065
0,ugv,242,121.0,0.7422300094156267,0.019332151591295033,117.29922954342162,16.010626142073434,117.21800105636001,15.939592826907576,4770,1142,1,0,0,0,0,0.0,2231.234722820569,74895.20246827573,341022.01193862996,0.006542787986430917,1.9537957292649466,0.9412589922002286,0.3373390405196448,-0.015293179639811623,3.4828338125384245e-05,1142
0,ugv,243,121.5,0.751271520604425,0.018604011853046578,117.77167331918808,16.174323664166856,117.68328953718029,16.09991775184113,4765,1179,1,1,0,0,0,0.0,2199.3258401051576,69855.31779704403,352108.0856287617,0.00624616681601562,1.8654163190035264,0.9439276748807164,0.3298727758941621,-0.013582942176282382,3.642935027841042e-05,1179
0,ugv,244,122.0,0.7563524924407241,0.01884912023503701,118.24411709495455,16.33802118626028,118.16468761407776,16.266528494906417,4655,1243,1,1,0,0,0,0.0,2070.997991772159,69908.96713724689,364664.7603076827,0.00567918323126362,1.6661287142173442,0.9469257452132713,0.3211633231458269,-0.013629120229114241,3.606973989456612e-05,1243
0,ugv,245,122.5,0.7653395587513633,0.018907041422108424,118.71998448333896,16.491482023844974,118.64172043570582,16.419362307282775,4544,1253,1,1,0,0,0,0.0,2000.8587355428438,72733.24278712936,363604.3393786092,0.005502846140291564,1.596854537544169,0.9497793293941509,0.31255114634501424,-0.015198893841812762,3.8950331218932745e-05,1253
0,ugv,246,123.0,0.7727298737440926,0.01906344386323133,119.19585187172338,16.644942861429662,119.11809698652262,16.571881342851835,4521,1241,1,0,0,0,0,0.0,1919.8408483121918,70399.281501221,364248.73202294926,0.005270686428062112,1.547011158994514,0.9521984082007791,0.3052245873175088,-0.012495707933483773,4.231687227455643e-05,1241
0,ugv,247,123.5,0.780655738285247,0.019339795830999495,119.67460710389012,16.789142125203657,119.5785888416411,16.710477416013088,4578,1269,1,1,0,0,0,0.0,1940.2360373908516,78309.50610465769,363294.7603608845,0.00534066617273392,1.528948808030616,0.9548851745554543,0.29664218866738634,-0.014061127864509328,4.3729289540963085e-05,1269
0,ugv,248,124.0,0.7891990486915988,0.019342384667745537,120.15336233605687,16.933341388977652,120.05665335446388,16.854147259301055,4678,1214,1,1,0,0,0,0.0,1846.8156772640486,68424.17662766574,349665.8831727514,0.005281658194693346,1.5212649730346364,0.9574430641815027,0.2881779414145874,-0.016007902198153456,4.0768576889078405e-05,1214
0,ugv,249,124.5,0.7974120434848833,0.019678927197219472,120.63444459916525,17.069575951855498,120.53660922647607,16.989521452848823,4787,1212,1,1,0,0,0,0.0,1738.503004670798,70715.17288948598,356654.24927455455,0.0048744771952302975,1.434408419695378,0.959828179756228,0.28008793092515705,-0.016751605771098993,3.9854950792514126e-05,1212
0,ugv,250,125.0,0.8045180568750319,0.019508374030011908,121.11552686227364,17.205810514733344,121.02332137359299,17.126699885528566,4790,1169,1,1,0,0,0,0.0,1319.591636691559,72185.29666598729,340217.60485897405,0.00387866946873179,1.1288209039277664,0.9618915563162393,0.2730675028156451,-0.014098680560624093,3.769837564182049e-05,1169
0,ugv,251,125.5,0.8132784617719673,0.019749446502199237,121.59839057832306,17.335589679944633,121.50042564087151,17.254645327066097,4809,1081,1,1,0,0,0,0.0,1187.9867550788558,66078.99354379042,320682.21778133325,0.0037045607433366327,1.0989701712107824,0.963076670326273,0.2688525600364322,-0.014199578695012859,3.642185534193224e-05,1081
0,ugv,252,126.0,0.8212105087216673,0.01985023560101413,122.0812542943725,17.46536884515592,121.98335744370311,17.384744131894923,4817,1057,1,1,0,0,0,0.0,965.6951992527145,68061.28430096664,302389.15178138996,0.003193551070082226,0.9136189207688878,0.9657942138574598,0.2588400253279725,-0.015600569466080091,3.3521611533342736e-05,1057
0,ugv,253,126.5,0.8268522560070024,0.020121135436219854,122.56539866429509,17.590285733815,122.48465072173171,17.51376799534736,4851,1000,1,1,0,0,0,0.0,886.8963241984112,56897.90627921639,297274.3509790484,0.002983426996905356,0.8868963241984112,0.9673468240528763,0.25298154154239944,-0.015506825388993388,2.694729658050731e-05,1000
0,ugv,254,127.0,0.8347847796543549,0.02021096043164699,123.04954303421766,17.715202622474088,122.96451860654429,17.63576952936742,4910,1013,1,1,0,0,0,0.0,797.7933700890507,55828.67206632981,293475.20662840834,0.00271843532969788,0.7875551530987667,0.9679748098155188,0.2506634707408665,-0.013877751934406992,2.384666605090881e-05,1013
0,ugv,255,127.5,0.84272413236606,0.020433899895632976,123.53453222809523,17.836798189095514,123.45246795935563,17.759272214653972,4947,1005,1,1,0,0,0,0.0,753.0930967810568,54394.93053269176,304671.51158735086,0.002471819872023516,0.7493463649562755,0.9685973228046775,0.24815422568001783,-0.015450130509562194,2.2910467399049863e-05,1005
0,ugv,256,128.0,0.8504181170020239,0.020687494551778467,124.0195214219728,17.95839375571694,123.95038454226433,17.883508500476996,4971,1016,1,1,0,0,0,0.0,717.3660441668172,48780.07301789719,312040.22820958495,0.0022989537223546417,0.706068941109072,0.969182996758471,0.2458962100107009,-0.014811235486711526,1.78917481159545e-05,1016
0,ugv,257,128.5,0.8590372493785126,0.020777408527608707,124.50499870576081,18.078025720198852,124.42306629594539,17.99906541500863,5003,1054,1,1,0,0,0,0.0,742.6572193627242,55164.10376048347,320917.2569121752,0.0023141704080001085,0.7046083675168161,0.9696915412421615,0.2438199066072698,-0.015816699574309204,1.8085781046087724e-05,1054
0,ugv,258,129.0,0.8694135552374309,0.021059122672458432,124.99047598954884,18.197657684680767,124.8948999643945,18.11496308657312,5029,1069,1,1,0,0,0,0.0,734.4630614078887,48418.37412392923,326677.1656794972,0.002248284050953442,0.687056184665939,0.9699642411614681,0.24271301241052753,-0.016117210511268652,1.72133478496382e-05,1069
0,ugv,259,129.5,0.8802054504232829,0.021242851799295297,125.4761751010338,18.316385832576355,125.37328157109752,18.231305548643093,5042,1062,1,1,0,0,0,0.0,722.2618766338659,45622.22439444233,335218.50771677407,0.002154600238373785,0.680095929033772,0.9703485449467664,0.2411642452569618,-0.01623293347898961,1.6833150794178945e-05,1062
0,ugv,260,130.0,0.8892679496679642,0.02107994511872851,125.96187421251877,18.435113980471943,125.84624941994201,18.34650250151206,5066,1086,1,1,0,0,0,0.0,701.894225434339,43137.63128900589,335440.5701547434,0.0020924547830053633,0.6463114414680837,0.9703652026581103,0.24112514599967602,-0.01581257211585971,1.674757973428724e-05,1086
0,ugv,261,130.5,0.8973177386704906,0.02098220756502798,126.4476296579179,18.5536114372594,126.33895989374597,18.466223787331646,5060,1078,1,1,0,0,0,0.0,692.891614255661,46180.71771052338,333648.6974510412,0.0020767100832375773,0.6427565994950473,0.9706487826671317,0.2400248320721067,-0.01513342973593427,1.6771221979595562e-05,1078
0,ugv,262,131.0,0.9048902989372274,0.021330339354347583,126.93338510331702,18.672108894046854,126.83622298289667,18.587985023964244,5063,1079,1,1,0,0,0,0.0,677.7746915858096,52458.2377422999,330258.39715042745,0.00205225574106173,0.6281507799683129,0.9711363747816634,0.2378616289868758,-0.017776024067213365,1.7051075241681483e-05,1079
0,ugv,263,131.5,0.9141047041125149,0.021634578132153724,127.41914054871614,18.79060635083431,127.31749293088436,18.704665251539062,5056,1059,1,0,0,0,0,0.0,673.594647073554,43636.164702792856,330216.6720565703,0.0020398565671395255,0.6360667111176147,0.9711704278355591,0.23771519429446453,-0.01787418527493823,1.6245993811942606e-05,1059
0,ugv,264,132.0,0.9217689263453062,0.02177510017413378,127.90489599411528,18.909103807621765,127.81267910429952,18.825304236938315,5060,1069,1,1,0,0,0,0.0,671.3539304618805,50338.87055922207,333984.826642757,0.00201013302673174,0.6280205149316,0.9713395984950474,0.2369504202607031,-0.018811771148845562,1.6114767707142437e-05,1069
0,ugv,265,132.5,0.9306103445069633,0.022243889221555718,128.39065143951441,19.02760126440922,128.3028450646989,18.944667978367786,5055,1042,1,1,0,0,0,0.0,672.5693790676526,42971.616300976835,330519.1685806309,0.0020348876646274685,0.6454600566868067,0.9712766075475247,0.23728127477604583,-0.0178703181736084,1.5679851873235777e-05,1042
0,ugv,266,133.0,0.9407673577744482,0.021924442052202894,128.87640688491354,19.146098721196676,128.77362003786826,19.058504289434314,5067,1076,1,1,0,0,0,0.0,692.7649268925862,49508.114210807194,333408.1642311158,0.002077828323401125,0.6438335751789835,0.9717541195413143,0.23548089053628932,-0.015578233106518739,1.5564686372804633e-05,1076
0,ugv,267,133.5,0.9503123932769644,0.02196149320330434,129.36216233031266,19.26459617798413,129.25631209610097,19.17660552367241,5066,1059,1,1,0,0,0,0.0,687.0701555122347,46479.712443203345,327625.5991782005,0.0020971198747461945,0.6487914594072094,0.9718420660135682,0.23501316864757968,-0.017082426311976685,1.5689885137540433e-05,1059
0,ugv,268,134.0,0.9566421852327268,0.022237343437707807,129.84791777571178,19.383093634771587,129.75997477127788,19.298559158827008,5079,1068,1,1,0,0,0,0.0,650.5803504481952,47394.20193784285,336093.1217413398,0.0019357145635038836,0.6091576315058007,0.9715961186387436,0.23606806607699152,-0.01651818467016416,1.5000657813857925e-05,1068
0,ugv,269,134.5,0.966220767122995,0.022455455916679263,130.3336732211109,19.501591091559042,130.26305218852588,19.421696904566264,5080,1072,1,1,0,0,0,0.0,709.7630372487047,43013.26266601332,329912.8966968134,0.002151364934063095,0.6620923854931947,0.9717569344852406,0.23534972126153894,-0.017290719532857966,1.4546170917874144e-05,1072
0,ugv,270,135.0,0.9757907893561255,0.022489339015680385,130.81942866651002,19.620088548346498,130.7394145644392,19.536638815155825,5085,1062,1,1,0,0,0,0.0,685.1186665040702,46788.17730065059,331910.57798010646,0.0020641664109455823,0.6451211549002545,0.971698733070493,0.23552629311081252,-0.018136631514105175,1.55163263814279e-05,1062
0,ugv,271,135.5,0.9878940842970696,0.02252016710534416,131.30518411190914,19.738586005133953,131.19625564931545,19.64741561007561,5088,1083,1,1,0,0,0,0.0,693.5853288252729,47324.171373754856,335161.27106566576,0.002069407740995778,0.6404296665053305,0.9717145590867627,0.23533740055382618,-0.01967545576057322,1.4893130609270335e-05,1083
0,ugv,272,136.0,0.998084927884865,0.02283304908487004,131.79093955730826,19.85708346192141,131.68041858495013,19.76529108442279,5086,1066,1,1,0,0,0,0.0,688.328977420814,40913.48285195127,340076.03807054483,0.0020240443323384875,0.6457119863234653,0.9718479441349316,0.23482484420977515,-0.019205885102276984,1.450177096782027e-05,1066
0,ugv,273,136.5,1.0058005826960277,0.023036271325756738,132.27669500270738,19.975580918708864,132.17582909248756,19.886533144400676,5086,1062,1,1,0,0,0,0.0,694.9145158869816,43636.9451985049,340590.3537654721,0.0020403235388325013,0.6543451185376474,0.9717554313672163,0.2351788316904541,-0.01955246104787451,1.4277213673440663e-05,1062
0,ugv,274,137.0,1.0164275548937882,0.02324783081424392,132.7624504481065,20.09407837549632,132.65045612381343,20.00137430163367,5091,1058,1,1,0,0,0,0.0,683.4081736793869,44619.550308452745,332091.3103382038,0.0020578923699731857,0.6459434533831634,0.9718233453606883,0.2349008889569322,-0.019518139747513017,1.460919580529218e-05,1058
0,ugv,275,137.5,1.0253869595370917,0.02296629706317432,133.24820589350563,20.212575832283775,133.147137076753,20.12310127266624,5098,1087,1,1,0,0,0,0.0,675.9629680299358,41727.18711827037,345757.5983861389,0.001955019849701254,0.6218610561452952,0.9717930856120872,0.2350687489806057,-0.018996894726020726,1.4054992585843272e-05,1087
0,ugv,276,138.0,1.0344409011521623,0.022807402811436492,133.73396133890475,20.33107328907123,133.64250866773838,20.243548764774825,5098,1058,1,1,0,0,0,0.0,650.4265882421449,46468.00474444566,332164.3002668849,0.0019581471811376027,0.6147699321759403,0.9716508038405616,0.23557166938871107,-0.020017591698459184,1.4048213567927095e-05,1058
0,ugv,277,138.5,1.0431314844753221,0.02242717914983932,134.21971678430387,20.449570745858686,134.1404239971976,20.363950715204822,5096,1056,1,1,0,0,0,0.0,655.278917270787,43157.488657086724,341179.8822452626,0.0019206258966926112,0.6205292777185483,0.9718226289600902,0.23501402897911822,-0.01814342922660776,1.4176342796714411e-05,1056
0,ugv,278,139.0,1.0532588187397294,0.022851964395491836,134.705472229703,20.568068202646142,134.60583751977646,20.47752117180543,5098,1084,1,1,0,0,0,0.0,691.3321252737027,46407.1184781776,338065.7095878286,0.002044963761975677,0.6377602631676224,0.9717749663736599,0.23536516902261134,-0.016020360184135243,1.3742975925952693e-05,1084
0,ugv,279,139.5,1.0644424309625664,0.022930548111378752,135.1912276751021,20.686565659433597,135.08994115188483,20.594983517929048,5104,1047,1,1,0,0,0,0.0,651.98640906825,41635.2079524725,327849.01529850235,0.0019886788693710875,0.6227186333030087,0.9715623533797808,0.23586566937852535,-0.020832174724741782,1.3304962157713816e-05,1047
0,ugv,280,140.0,1.075959862393707,0.02290393315297502,135.67698312050123,20.805063116221053,135.56653380348996,20.711233389285646,5095,1062,1,1,0,0,0,0.0,675.8344932686626,41452.94047107176,346214.83094952,0.0019520668465158935,0.6363789955448801,0.971983335999436,0.23450989728371816,-0.01592176546077007,1.3474025801011343e-05,1062
0,ugv,281,140.5,1.0856122816001106,0.023411115492629062,136.16273856590036,20.92356057300851,136.046647736392,20.828193572026926,5101,1054,1,1,0,0,0,0.0,686.4995608026067,45400.82788240075,337058.13394424116,0.00203673933860968,0.6513278565489626,0.9718967537550459,0.23470688160194123,-0.01814882280193453,1.397639579012992e-05,1054
0,ugv,282,141.0,1.0971882818606455,0.02345120611634131,136.64849401129948,21.042058029795964,136.52882588313315,20.945342976879896,5106,1032,1,1,0,0,0,0.0,648.2128833351652,37903.18434753618,328837.0026476442,0.001971228536071225,0.6281132590457027,0.9718176743096918,0.23518191593370635,-0.016120617762754044,1.303247167674965e-05,1032
0,ugv,283,141.5,1.1087772427570866,0.0232805115654321,137.1342494566986,21.16055548658342,137.00668800061203,21.061490430809883,5104,1045,1,1,0,0,0,0.0,656.3348822866704,47745.126362267394,321645.4523304396,0.0020405539003622865,0.6280716576905937,0.9718439295327939,0.23491852526961082,-0.018239054674223352,1.340867685719675e-05,1045
0,ugv,284,142.0,1.1177492271521634,0.02403631264770949,137.62000490209772,21.279052943370875,137.49817554329258,21.181662851688607,5102,1026,1,1,0,0,0,0.0,642.2880921749576,40168.067601260875,328076.8090319754,0.0019577369521183016,0.6260117857455727,0.9716025414296999,0.23568107137269567,-0.021045999238963834,1.3290486430966185e-05,1026
0,ugv,285,142.5,1.1300685424142036,0.024227045432245343,138.10576034749684,21.39755040015833,137.9560619853028,21.293697145854924,5096,1046,1,1,0,0,0,0.0,643.0708972904243,41046.77896272647,325551.9445691609,0.0019753250073240125,0.6147905327824325,0.9717295742006511,0.23536589834588284,-0.01856147945764897,1.2753711995692808e-05,1046
0,ugv,286,143.0,1.1398056429651737,0.024486028106168144,138.59151579289596,21.516047856945786,138.44501760162018,21.413032265159877,5099,1034,1,1,0,0,0,0.0,658.9542850989042,46934.21881210197,330405.908333563,0.0019943780316230104,0.6372865426488434,0.9717343270329946,0.23511540734948427,-0.021287153229577346,1.295991412524978e-05,1034
0,ugv,287,143.5,1.1511547382972633,0.024711923266617808,139.07727123829508,21.63454531373324,138.92515514079312,21.52930408347723,5088,1011,1,1,0,0,0,0.0,610.870343478835,39757.92645591883,319072.0459918323,0.001914521661024709,0.6042238807901434,0.97161437012949,0.23576248272827585,-0.019533752728903515,1.2388773117132028e-05,1011
0,ugv,288,144.0,1.1614454275756874,0.024166396137196598,139.5630266836942,21.753042770520697,139.40958270734342,21.646397677476273,5066,1006,1,1,0,0,0,0.0,628.0065863303121,49099.15469267783,307405.4278078817,0.0020429261474289766,0.6242610202090577,0.971678114824978,0.23559681386431813,-0.01832436812440269,1.2891267206939471e-05,1006
0,ugv,289,144.5,1.1723992089433135,0.02433780520337218,140.04878212909333,21.871540227308152,139.89318270281427,21.76465093603513,5044,963,1,1,0,0,0,0.0,583.6221923919833,40793.926896780664,299158.9570086669,0.001950876544789783,0.6060458903343544,0.9717728363162276,0.2350579749572542,-0.020132138657109472,1.2045414649234752e-05,963
0,ugv,290,145.0,1.182315217675958,0.0244696033969869,140.53453757449245,21.990037684095608,140.37940176310835,21.883355490151985,5024,961,1,1,0,0,0,0.0,575.98354461375,44621.41611760921,288662.6528544681,0.0019953518022441837,0.5993585271735172,0.9716526648131856,0.23557978718051875,-0.0198308555896361,1.3699579556792345e-05,961
0,ugv,291,145.5,1.1905600632075015,0.02491338802190456,141.02029301989157,22.108535140883063,140.87556156433516,22.00403550326773,4991,942,1,1,0,0,0,0.0,588.2611677197413,44490.84737676477,293187.8359428592,0.0020064310165800684,0.6244810697661797,0.9717932377405593,0.23494203807375036,-0.020497361475890465,1.3890949743279641e-05,942
0,ugv,292,146.0,1.20117554175908,0.025227587229717154,141.5060484652907,22.22703259767052,141.36953123326765,22.12371665081089,4987,948,1,1,0,0,0,0.0,4185.23867995681,47139.95453198254,282231.2620380083,0.014829110884935139,4.414808734131657,0.9716203368175133,0.23548008838237897,-0.022428755160485103,1.5038486999790864e-05,948
0,ugv,293,146.5,1.2124834450127986,0.025082687824411247,141.9918039106898,22.345530054457974,141.85010616556443,22.241055709566698,5088,1023,1,1,0,0,0,0.0,23720.99696596675,53057.54303179574,281328.69673082774,0.08431772955128977,23.187680318638076,0.9723259867547589,0.23309793161032097,-0.01573307854090686,1.8032566295927807e-05,1023
0,ugv,294,147.0,1.2221997070923716,0.025450781037081663,142.47755935608893,22.46402751124543,142.33352309887175,22.358294467914607,5097,1071,1,0,0,0,0,0.0,40459.70810295406,52713.63269623138,278689.39022620686,0.1451785016649313,37.77750523151639,0.9724874040741531,0.23282677902567295,-0.007742085355075274,1.956990314263584e-05,1071
0,ugv,295,147.5,1.232576212563549,0.02539594682316406,142.96331480148805,22.582524968032885,142.82503293053412,22.477485865747347,5051,1133,1,1,0,0,0,0.0,47135.40144742656,61812.19035121523,276114.42122802517,0.17070966897632794,41.602296070102874,0.9720634809206283,0.2344419101151959,-0.011383314192695034,2.2670576542448035e-05,1133
0,ugv,296,148.0,1.244279525840956,0.025291165175956084,143.44907024688717,22.70102242482034,143.30699394285554,22.594662120106218,4945,1132,1,1,0,0,0,0.0,58461.80038448521,60290.86189536509,280598.618963498,0.20834671460763776,51.64469998629435,0.15945906207168942,0.023322690588046306,0.9869290043498324,2.613290840799812e-05,1132
0,ugv,297,148.5,1.2560700741303192,0.025406066917309685,143.9348256922863,22.819519881607796,143.7930423600273,22.713275634642304,4781,1168,1,1,0,0,0,0.0,60502.905381261546,65895.7661477349,283276.9132537334,0.2135821966086894,51.800432689436256,0.11911940204829503,0.015578106013954748,0.9927577200247172,2.7999724415163825e-05,1168
0,ugv,298,149.0,1.2657535465326917,0.025463650058902366,144.42058113768542,22.93801733839525,144.27802584390932,22.831881930708732,4765,1205,1,1,0,0,0,0.0,59527.579231290176,70377.48442722192,284687.5684158752,0.2090979229002776,49.400480689867365,0.06268343407588976,0.001971522485313449,0.9980315126244981,3.081804093535627e-05,1205
0,ugv,299,149.5,1.2770667150995796,0.025544163895880743,144.90633658308454,23.056514795182707,144.76412968878182,22.94910412756798,4775,1282,1,1,0,0,0,0.0,61569.96734106527,69725.33279735302,282687.5775595869,0.21780216828978666,48.02649558585434,0.08225391098443227,0.007607451546652252,0.9965823703080096,3.7392234780497714e-05,1282
0,ugv,300,150.0,1.2881427429505872,0.025989322762922522,145.39209202848366,23.175012251970163,145.24973266324739,23.067888555553605,4781,1359,1,1,0,0,0,0.0,66134.49461538249,129059.07504507512,289518.46169301844,0.2284292829847447,48.664087281370485,0.02503533829582798,-0.005475525165065498,0.9996715712975838,4.330060175862013e-05,1359
0,ugv,301,150.5,1.299777502866506,0.026143219954768062,145.87784747388278,23.293509708757618,145.73434601234874,23.186073837773378,4774,1313,1,1,0,0,0,0.0,65667.1969367296,118565.15484907987,288477.1384440852,0.2276339722825478,50.01309743848408,0.033168024484164574,-0.0032032098191051017,0.9994446565961882,3.992345917607744e-05,1313
0,ugv,302,151.0,1.3116080887345585,0.026424383998044247,146.3636029192819,23.412007165545074,146.21964626413103,23.304132006524135,4774,1303,1,1,0,0,0,0.0,69111.69019432632,99706.91704715988,285845.0788187824,0.24178023452396447,53.04043760117139,0.017574685005804093,-0.011330801705752878,0.9997813477854306,3.965873966802689e-05,1303
0,ugv,303,151.5,1.3225790098897066,0.026522874769042467,146.84935836468102,23.53050462233253,146.70553943798376,23.422051033054323,4788,1157,1,1,0,0,0,0.0,63429.177505801694,63815.935914386486,276985.07263637066,0.22899854097578853,54.822106746587465,-0.49335663370225336,-0.13202719140498673,0.8597488311778573,3.658992042299311e-05,1157
0,ugv,304,152.0,1.3342157242348687,0.026658239503932712,147.33511381008014,23.649002079119985,147.1925809684879,23.540597622849756,4946,1142,1,1,0,0,0,0.0,59846.44132440641,65092.40173494654,278584.5229879869,0.21482328121647698,52.40493986375343,0.9698339893909438,0.2397584962777174,-0.04402154568724428,2.8045960822074382e-05,1142
0,ugv,305,152.5,1.3457678835395497,0.026603664337961633,147.82086925547927,23.76749953590744,147.67751417569156,23.658787925363303,5057,1102,1,1,0,0,0,0.0,51798.5365782192,59543.98023143306,272583.631474618,0.1900280523008679,47.00411667714991,0.9705742716501222,0.23780972419871993,-0.03784333874493126,1.8903195545458554e-05,1102
0,ugv,306,153.0,1.3574884050890432,0.027146662312715553,148.3066247008784,23.885996992694896,148.16347713552437,23.777075818739444,5102,1078,1,1,0,0,0,0.0,41750.66911917858,58010.76913282311,279006.14255344344,0.14964068080035645,38.72974871908959,0.9712830034752421,0.2370408860439871,-0.02051695648956144,1.5051597383096285e-05,1078
0,ugv,307,153.5,1.36910035135329,0.027430980125370628,148.7923801462775,24.00449444948235,148.6496151536993,23.894874852595382,5093,1039,1,1,0,0,0,0.0,25527.247840369288,55362.36261921443,280195.36962374137,0.09110517377445743,24.569054706803936,0.9713630758979372,0.23660868124408557,-0.021681945070327162,1.2967985374271593e-05,1039
0,ugv,308,154.0,1.3806563447364315,0.027565905076010096,149.27813559167663,24.122991906269807,149.13514584987206,24.01372641790191,4989,934,1,1,0,0,0,0.0,2511.737398645232,43490.19950174626,290887.082526735,0.008634750559658773,2.6892263368792637,0.9716926128502265,0.2352296377268154,-0.021919937664393523,1.1002911179196326e-05,934
0,ugv,309,154.5,1.392387978358075,0.027345434243038237,149.76389103707575,24.241489363057262,149.62153877251956,24.131127052806413,5004,971,1,1,0,0,0,0.0,583.298437889038,47708.16800970807,297434.25964857533,0.001961100374174169,0.600719297517032,0.9717783894791124,0.23489163122897289,-0.021741281470391064,1.144525406095565e-05,971
0,ugv,310,155.0,1.4031994435146782,0.027105666121242204,150.24964648247487,24.359986819844718,150.115615660568,24.25102273687854,5034,964,1,1,0,0,0,0.0,572.042321967341,42056.92515223669,308072.23536001774,0.0018568447795980184,0.5934048983063703,0.9717602331128135,0.23474072566473272,-0.024059115838383684,1.0197697681038699e-05,964
0,ugv,311,155.5,1.4163109608558082,0.02734857811281563,150.735401927874,24.478484276632173,150.59242145468596,24.36696443923367,5369,1168,1,1,0,0,0,0.0,44100.07135813662,63309.175692772085,302332.9754621907,0.14586589931422056,37.75691040936355,0.029782768084911888,-0.0065845508492438296,0.99953470695885,9.9630598365178e-06,1168
0,ugv,312,156.0,1.427450772370236,0.027266818636013004,151.22115737327312,24.59698173341963,151.07882159008952,24.484700574663886,5406,1117,1,1,0,0,0,0.0,38098.21822509396,64382.539623486475,291705.17640930734,0.13060521823457902,34.10762598486478,0.04256173950073412,-0.0024178114397238153,0.9990909130397061,9.589904879350118e-06,1117
0,ugv,313,156.5,1.4401840858606407,0.027221150943359838,151.70691281867224,24.715479190207084,151.5650954096836,24.602880233290005,5394,1071,1,1,0,0,0,0.0,36409.321138382074,61774.75392738739,286175.5217595848,0.1272272377263959,33.99563131501594,0.03659323116372142,-0.007024932486442714,0.9993055517490932,9.538295187377316e-06,1071
0,ugv,314,157.0,1.4521929515278715,0.026906021137759945,152.19266826407136,24.83397664699454,152.05081854337215,24.72131399586603,5424,1028,1,1,0,0,0,0.0,33008.035227746645,56000.077875368006,269761.5120960089,0.12236006156430124,32.10898368457845,0.03156836639697754,-0.006175772636704751,0.9994825151423942,9.818854270120837e-06,1028
0,ugv,315,157.5,1.4638427737199522,0.027252491548399316,152.67842370947048,24.952474103781995,152.53558735724584,24.839493430456262,5431,980,1,1,0,0,0,0.0,32922.00801394078,56072.18804442389,253869.6640424498,0.12968074834036042,33.593885728511,0.04318048922777651,-0.0010226798016008329,0.999066764273576,9.980854343528932e-06,980
0,ugv,316,158.0,1.4787900428591332,0.027878039142464946,153.1641791548696,25.07097156056945,153.02030031622812,24.958143432504244,5397,916,1,1,0,0,0,0.0,22877.669413157004,55789.28389113413,233938.84396755585,0.09779337635920705,24.975621630084067,0.02982074184278285,-0.0018638319834579122,0.9995535250732117,9.45716639190654e-06,916
0,ugv,317,158.5,1.4916469251265034,0.028117956262023177,153.64993460026872,25.189469017356906,153.50694852639177,25.07586607096804,5420,851,1,1,0,0,0,0.0,20862.796125054007,66282.35604444853,211983.79564238383,0.09841693824677758,24.515624118747365,0.02804205904738125,-0.004318752843760362,0.9995974146116314,9.520654579805092e-06,851
0,ugv,318,159.0,1.5050326836295096,0.02863707002113818,154.13569004566784,25.30796647414436,153.992538697893,25.19330399574059,5443,794,1,1,0,0,0,0.0,20848.109884612808,55992.63783312342,194750.5601866411,0.10705032049526748,26.25706534585996,0.029359298938432938,-0.004173909238707918,0.9995602083153923,1.010553002570883e-05,794
0,ugv,319,159.5,1.5178402740573786,0.029200563077061356,154.62144549106696,25.426463930931817,154.4808860879418,25.31118217542064,5440,751,1,1,0,0,0,0.0,19228.77898383423,52626.78057662794,188807.71141150966,0.10184318659487786,25.604233001110824,0.021942020600351702,-0.005766066826427874,0.9997426169796537,9.927972518395969e-06,751
0,ugv,320,160.0,1.5310992270987764,0.029055946410979094,155.10720093646609,25.544961387719272,154.9662993110192,25.430182207672914,5314,699,1,1,0,0,0,0.0,19949.319281761826,48130.0939943257,170780.90184299755,0.11681235469819483,28.539798686354544,0.03087936579937065,-0.0057537293659168445,0.9995065579405733,1.0720661294795374e-05,699
0,drone,0,0.0,0.0,0.0,0.0,0.0,0.0,0.0,20034,0,0,0,0,0,0,0.0,nan,nan,nan,nan,nan,nan,nan,nan,nan,0
0,drone,1,0.5,0.00989755240796814,0.00029484821094627857,0.5,0.0,0.4974695477485722,0.002556863153700187,20034,0,0,0,0,0,0,0.0,nan,nan,nan,nan,nan,nan,nan,nan,nan,0
0,drone,2,1.0,0.029779383662730904,0.0008035855288721719,1.0,0.0,0.9703223498614079,0.0024125162255103543,19440,2444,1,1,0,0,0,0.0,1373.5102341149523,386020.6633156608,499163.5743131383,0.00275162352542438,0.5619927308162652,0.9999999231242814,0.00014138573048976964,-0.0003657342018892191,0.023841028944296797,2444
0,drone,3,1.5,0.0674864723667576,0.00037638319526458325,1.5,0.0,1.432635823037103,0.0004948481885468975,19439,2583,1,1,0,0,0,0.0,1479.7528623366288,478352.9900241393,490645.4378368977,0.0030159311556230838,0.5728814798051215,0.9999996112888552,0.000557026749004798,0.0006834788507236252,0.022891046358469568,2583
0,drone,4,2.0,0.05888150916468494,0.0006056537225163337,2.0,0.0,1.9416914431625993,0.0033080967324576865,19438,2357,1,1,0,0,0,0.0,1435.1526958702468,382918.24089642306,492379.8944904325,0.0029147264377143113,0.6088895612516957,0.9999994477459901,2.0684145801296364e-05,0.001050752054986331,0.017254508184290328,2357
0,drone,5,2.5,0.046354678900072166,0.000679757102865236,2.5,0.0,2.4538272774681715,0.0036397709616370626,19439,2657,1,1,0,0,0,0.0,1609.3994152674165,484093.89536511595,539849.9049682537,0.0029811979227116073,0.605720517601587,0.9999988837769421,0.000300315533227604,-0.0014636445778457264,0.01503640884868947,2657
0,drone,6,3.0,0.05877707964848662,0.0008643026961163956,3.0,0.0,2.9413434946461687,0.0037153602763207467,19440,2648,1,1,0,0,0,0.0,1553.5529497845293,468096.27168193593,539198.5826881512,0.0028812259521146335,0.5866891804322241,0.9999999584234083,0.00010751915790281375,-0.0002675683325022386,0.012701996644563961,2648
0,drone,7,3.5,0.0910638135019868,0.0011556153973087755,3.5,0.0,3.409443373462307,0.006891959989438897,19438,2253,1,1,0,0,0,0.0,1354.6523366621166,401520.00582317996,439670.97391632316,0.003081059285300762,0.6012660171602825,0.9999991764318104,-0.00019929478643343815,0.0012678396150217618,0.011915135484174237,2253
0,drone,8,4.0,0.08189166457910632,0.001259262983834557,4.0,0.0,3.918752132428524,0.007004656833824301,19440,2186,1,1,0,0,0,0.0,1314.8639340897387,360167.0700330715,435684.0593753187,0.0030179298640739417,0.6014931080007954,0.9999992813121034,-0.0011480632789513633,0.0003454359335846852,0.009371568734911663,2186
0,drone,9,4.5,0.10194346444369641,0.0011482019877107942,4.5,0.0,4.3981626223919505,0.0046396554502472955,19438,2450,1,1,0,0,0,0.0,1539.6602655695317,407280.3037759658,506593.20040754054,0.0030392438436420317,0.6284327614569517,0.9999983013548344,-0.0014621715669642067,-0.0011222039718663708,0.008994334199868205,2450
0,drone,10,5.0,0.10292209611581725,0.0010863610969773646,5.0,0.0,4.897162292588211,0.004101657735652225,19437,2424,1,1,0,0,0,0.0,1449.8730711640278,383501.1411177912,537103.6968455205,0.0026994285827472795,0.5981324551006716,0.9999992846574747,-0.001118628348434244,-0.0004235034322350849,0.00770166163179995,2424
0,drone,11,5.5,0.10420403979757807,0.0008913767681858706,5.5,0.0,5.396155042737137,0.004179760037937834,19420,2133,1,1,0,0,0,0.0,1274.5753206638472,384667.227116513,419939.40252011747,0.00303514105372093,0.5975505488344337,0.9999991425563809,-0.0007343893346461313,0.0010842318977266146,0.007500875255033566,2133
0,drone,12,6.0,0.10986693507216368,0.0005769002394314113,6.0,0.0,5.8903797699629035,0.0010156991539717244,19420,2154,1,1,0,0,0,0.0,1320.8752008788626,381672.7790075931,425030.15033878793,0.003107721181252681,0.613219684716278,0.9999970181007337,-0.002422344348542704,-0.0003098991738483572,0.006582288076332222,2154
0,drone,13,6.5,0.12567733549583224,0.0008100574104254513,6.5,0.0,6.374515179570589,0.0014844393195342174,19391,2330,1,1,0,0,0,0.0,1412.5722400347656,356679.289356222,541499.535657588,0.0026086305657111253,0.6062541802724316,0.999998849616405,-0.001148816448641366,-0.0009904476937516908,0.005646370240508414,2330
0,drone,14,7.0,0.1270916227073082,0.0012317543798373836,7.0,0.0,6.872984755365961,0.004391038368316403,19390,2325,1,1,0,0,0,0.0,1396.237506972547,367333.90904115443,524207.65614023816,0.0026635198677812132,0.600532261063461,0.9999985257068884,0.0006119147234575765,-0.0016044140429035056,0.005505013050645211,2325
0,drone,15,7.5,0.1344227063571235,0.0008305272134709493,7.5,0.0,7.365584514144276,-0.0007571559131954279,19391,2557,1,1,0,0,0,0.0,1538.9392225168526,378622.73568315245,608177.8025332501,0.002530410048026566,0.6018534307848465,0.999998425697177,-0.0016430860488604521,-0.0006699786589353539,0.004710806624602442,2557
0,drone,16,8.0,0.11805956949616658,0.0007859684957526964,8.0,0.0,7.882023236560969,0.0011383388689151586,19390,2306,1,1,0,0,0,0.0,1421.7232508639975,360230.7258647606,542081.005573894,0.0026227136465680765,0.6165321989869894,0.9999994986059086,-0.0006972301365903684,0.0007187893072724236,0.004705770746169092,2306
0,drone,17,8.5,0.0953369702645649,0.0006226503776994726,8.5,0.0,8.404741431166348,7.143277829579214e-05,19392,2498,1,1,0,0,0,0.0,1507.9392838392778,350491.167673948,617109.3465281054,0.002443552819809059,0.6036586404480696,0.9999982707728239,-0.0015051838637588,-0.0010921872083894434,0.003985043495824734,2498
0,drone,18,9.0,0.0883883722370293,0.0014082657939282505,9.0,0.0,8.91170447625988,0.00018560718902075907,19392,2078,1,1,0,0,0,0.0,1274.1138767563386,352260.871416478,428244.620798321,0.00297520112308982,0.6131443102773526,0.9999990337413796,-0.00035705082577924536,-0.001343514426891368,0.0040823342475096005,2078
0,drone,19,9.5,0.09272710391595027,0.0008660721713282586,9.5,0.0,9.407338947051658,0.0007368690447613472,19392,2349,1,1,0,0,0,0.0,1446.9382099483666,358795.59066879284,559492.3920407534,0.002586162440333901,0.6159805065765716,0.9999993088668966,-0.00031607542678555056,0.001132414258977989,0.0037096042740176268,2349
0,drone,20,10.0,0.07953156365829722,0.0008021575104228637,10.0,0.0,9.920773734631515,0.0005474926136470656,19390,2148,1,1,0,0,0,0.0,1372.317842025954,370898.955942508,458147.9643633358,0.002995359466309082,0.6388816769208352,0.9999995467876385,-0.0009510914783603984,4.300601581372435e-05,0.0035370364229634333,2148
0,drone,21,10.5,0.0668743804032675,0.000982829483369585,10.5,0.0,10.433129709736523,-0.0005561717893677539,19363,2351,1,1,0,0,0,0.0,1424.5216257832717,364525.4661641715,556722.8789537617,0.002558762500402978,0.6059215762583036,0.9999988938028485,-0.0012559989199584654,-0.0007967808937192644,0.0031903423801556328,2351
0,drone,22,11.0,0.07002944367010523,0.0008764856319026043,11.0,0.0,10.930089957096673,-0.00019661240779207667,19363,2394,1,1,0,0,0,0.0,1499.3988349289218,371782.4250515529,566906.7109777464,0.002644877553738784,0.6263153028107443,0.9999997405699017,-0.0006049035501750855,0.00039109055778073786,0.003045812465706972,2394
0,drone,23,11.5,0.04115356903624055,0.0013548684228285944,11.5,0.0,11.459000419760898,-0.0009666089102747044,19322,2041,1,1,0,0,0,0.0,1247.9186448061744,358657.28776567464,434896.5184099416,0.002869461106216222,0.6114251076953329,0.9999989350773388,-0.0007047377681055488,-0.001277962779726389,0.0029990340050103613,2041
0,drone,24,12.0,0.04061709817267718,0.0007260211359920397,12.0,0.0,11.959605555472955,-0.001599981628930264,19296,2266,1,1,0,0,0,0.0,1397.7670017642859,361887.91328639974,551962.5821723723,0.0025323582556322226,0.6168433370539655,0.9999987351126707,-0.0006776353346067624,0.001438952192425506,0.0027058920209408867,2266
0,drone,25,12.5,0.05265174800732946,0.0008519868987897956,12.5,0.0,12.447516022213224,-0.0018984426516727056,19318,2431,1,1,0,0,0,0.0,1521.7251761477405,358924.8831811022,612406.6520734712,0.0024848279668346534,0.6259667528374087,0.9999990929253605,-0.0012546735192473172,0.0004898395824049984,0.002548213474916485,2431
0,drone,26,13.0,0.0590863652701282,0.0005690180805500041,13.0,0.0,12.941245716495368,-0.002560949264617601,19293,2224,1,1,0,0,0,0.0,1518.1446626298798,371670.09655854705,502263.3819544198,0.0030226066983470652,0.682619002981061,0.9999865960107112,-0.0051249928873665996,0.0007363740998974473,0.00252239298936609,2224
0,drone,27,13.5,0.04529878657057307,0.0009365462285635535,13.5,0.0,13.45489304917426,-0.0022666572034930766,19265,2588,1,1,0,0,0,0.0,1802.1970353800914,369006.7450777138,649636.0666587516,0.0027741640710455973,0.6963667060974078,0.999984792914386,-0.005397196998145457,-0.0011332274863588279,0.002236794533341842,2588
0,drone,28,14.0,0.039417243136096035,0.000601576429003745,14.0,0.0,13.961451211021133,-0.0028444624778314574,19260,2082,1,1,0,0,0,0.0,1575.1986722110573,385311.03227793693,421170.908292535,0.003740046240603501,0.7565795735884041,0.9999788955490044,-0.006449636703554674,0.0007814364883320256,0.002333324980535215,2082
0,drone,29,14.5,0.044156190563166,0.0008910387171252854,14.5,0.0,14.45658226742521,-0.0020887123588176314,19254,2157,1,1,0,0,0,0.0,1598.1064462017175,369985.274656175,460254.8103795708,0.003472221061380681,0.7408931136771987,0.9999952122698998,-0.002975675551707005,0.0008489948698212765,0.0022682630998049173,2157
0,drone,30,15.0,0.054345496520856434,0.0009086239820311514,15.0,0.0,14.94624361235273,-0.0017689874702726737,19219,2508,1,1,0,0,0,0.0,1794.0989055154905,367613.792724797,603952.3964329908,0.0029705965505090067,0.7153504407956501,0.9999767088116649,-0.006822583371814602,-0.0001849062616415423,0.002065760928611949,2508
0,drone,31,15.5,0.058942086531112076,0.0011140934735840672,15.5,0.0,15.441504456182976,-0.0026706690260429036,19178,2659,1,1,0,0,0,0.0,1890.223880441729,379919.3801888533,650202.2730308499,0.0029071320708102854,0.7108777286354754,0.9999915120317155,-0.0040993919726236075,-0.0004133400270018746,0.0019463974869232557,2659
0,drone,32,16.0,0.057316451069541405,0.0011371036280668774,16.0,0.0,15.943459502216715,-0.0005474529312719904,19172,2246,1,1,0,0,0,0.0,1624.0338906169916,396591.9675715326,442350.46304166404,0.0036713737778183977,0.7230783128303614,0.9999831908093529,-0.005776201532099593,0.0005035817766961134,0.002110347825025558,2246
0,drone,33,16.5,0.05043729103579381,0.0009218303886503955,16.5,0.0,16.450434632090552,-0.0035459371006384974,19101,2658,1,1,0,0,0,0.0,1935.7359686117163,394129.42144160246,612068.5524734645,0.0031626130125279356,0.7282678587703975,0.9999787327143913,-0.006512918920308326,-0.00034059661994031824,0.001897321675417414,2658
0,drone,34,17.0,0.05822294841208647,0.000909082845973017,17.0,0.0,16.942910178275753,-0.0037438983405123803,19009,2345,1,1,0,0,0,0.0,1796.1286989678492,430778.4902194975,469741.2047982898,0.0038236558356406474,0.765939743696311,0.9999749792123682,-0.007060612406822987,0.0004343980483964534,0.002084849808613065,2345
0,drone,35,17.5,0.04501541173881472,0.0011309010494603678,17.5,0.0,17.456490253567573,-0.0016418469849168592,18873,2373,1,1,0,0,0,0.0,1589.504607101906,396044.05533251737,511565.0725115789,0.003107140601484142,0.6698291643918693,0.9999817659560019,-0.006036853134562237,0.00015543406138599931,0.0019455324009436288,2373
0,drone,36,18.0,0.040135211162530535,0.001264165230033271,18.0,0.0,17.961748618884155,-0.001396087424919399,18711,2419,1,1,0,0,0,0.0,1763.1398778918401,394720.16272254987,535330.5431105644,0.0032935536755422726,0.7288713839982803,0.9999660263265427,-0.00824049612204834,0.00020103822157175317,0.001880973659602094,2419
0,drone,37,18.5,0.02997082410076549,0.000986569298028686,18.5,0.0,18.47264208820494,-0.0048159168392246845,18522,2590,1,1,0,0,0,0.0,1819.3413833652016,346554.08874945017,651775.9755886972,0.0027913599940868265,0.7024484105657149,0.9999584001773772,-0.009072889818672162,-0.0009383949267678666,0.0017743579693959306,2590
0,drone,38,19.0,0.03441731787463659,0.0012862519918467221,19.0,0.0,18.967786521942617,-0.0030969344108571373,18203,2496,1,1,0,0,0,0.0,1728.3023512789778,334499.17493433965,631522.2406621353,0.0027367244413544264,0.6924288266342058,0.9999682053480481,-0.007971842586125525,-0.00019498406538880528,0.0018820017213284038,2496
0,drone,39,19.5,0.04531580915080263,0.0012411050871713341,19.5,0.0,19.45611113859763,-0.006297114405514483,17792,2845,1,1,0,0,0,0.0,1917.7307193378563,340472.7406179773,762983.3953741532,0.0025134632430597473,0.6740705516126032,0.9999682892016222,-0.007940549839675258,-0.0006068438222736313,0.0019161896787254645,2845
0,drone,40,20.0,0.055110789559912936,0.0011722958630973372,20.0,0.0,19.946259527725285,-0.004592306041539275,17212,2105,1,1,0,0,0,0.0,1705.196942371464,336680.3464168315,490380.3155259056,0.0034772948431723554,0.8100698063522395,0.9999534837048376,-0.009604378536985628,0.0008867578459123228,0.0021520582380498625,2105
0,drone,41,20.5,0.03987175163015386,0.0012859435950998235,20.5,0.0,20.46217590240267,-0.003920628299030988,17421,2489,1,1,0,0,0,0.0,1720.0533160219734,338903.21484163206,645385.418810984,0.002665156766619995,0.6910619992052927,0.9999695335509545,-0.0078032936146684604,0.00020144143004706598,0.0016488619911735798,2489
0,drone,42,21.0,0.02761841852508824,0.0011124771705246508,21.0,0.0,20.97602971674541,-0.005690663331889301,17928,2130,1,1,0,0,0,0.0,1430.701676861746,368050.7537434098,461679.1844650219,0.0030989087769239462,0.671690928104106,0.9999904949819253,-0.004323446645034736,0.0005636975356594524,0.0013947791502299618,2130
0,drone,43,21.5,0.026146491802074928,0.0012564085849422145,21.5,0.0,21.477641089402685,-0.006215986616055026,18884,2659,1,1,0,0,0,0.0,1769.5876235329288,366009.34737716813,668815.8435902667,0.0026458518297557292,0.6655086963267878,0.9999881518133559,-0.004838562340083723,-0.000533429835946423,0.001229811548939852,2659
0,drone,44,22.0,0.036601933626907134,0.0010717056023349602,22.0,0.0,21.966870965364553,-0.007141829600994013,19295,2304,1,1,0,0,0,0.0,1447.804244072311,378743.31702117913,532488.6622501389,0.002718939099950636,0.6283872587119405,0.9999994020805505,-0.0009232430367120271,0.0005860553188763421,0.0012333583546522617,2304
0,drone,45,22.5,0.024342496923116186,0.0009648249403921515,22.5,0.0,22.478718050785236,-0.007123989186354266,19290,2070,1,1,0,0,0,0.0,1299.7351703564943,395096.11081189296,427514.1213485203,0.003040215762362894,0.6278913866456495,0.9999995801343988,-0.0007369576803601929,-0.0005446323562204701,0.0012668628705269482,2070
0,drone,46,23.0,0.03321120688690848,0.0013169503808807546,23.0,0.0,22.97063602933918,-0.006597031208655671,19290,2351,1,1,0,0,0,0.0,1431.426843918698,398063.22550378484,534385.9671229959,0.0026786385346627872,0.60885871710706,0.9999996600567216,-0.0001240177871786335,0.0008151723926613522,0.0011854295899337358,2351
0,drone,47,23.5,0.034436527978880485,0.0015056467670445269,23.5,0.0,23.46987049685953,-0.007100572972153064,19282,2287,1,1,0,0,0,0.0,1487.2676738284472,393539.50816172856,519754.96626969724,0.0028614785242027188,0.6503138057841921,0.9999990474993372,-0.0004682254602752084,0.0012983702618817648,0.0011592026611579036,2287
0,drone,48,24.0,0.019783498648158253,0.0013182417732694337,24.0,0.0,23.988455522824044,-0.0074871379633747945,19279,2591,1,1,0,0,0,0.0,1583.3368778537445,401903.82421854127,602887.8707035129,0.002626254324881575,0.6110910373808354,0.9999989829499828,-0.0013502983055203603,-0.0004591225177428941,0.0010757276797781564,2591
0,drone,49,24.5,0.016185336832444153,0.0014661055041650186,24.5,0.0,24.496554506552528,-0.008154199659447263,19260,2773,1,1,0,0,0,0.0,1689.1696277624967,397883.47665541654,677611.5167226996,0.0024928289825005426,0.609148801933825,0.9999989412804959,-0.0010490815757292825,-0.0010083976073952375,0.001034278110184154,2773
0,drone,50,25.0,0.026466613552223895,0.0010813247264187154,25.0,0.0,24.978164378014466,-0.008508165462960796,19263,2175,1,1,0,0,0,0.0,1333.3526540782068,411319.6411051346,457447.4263275325,0.0029147669816017847,0.6130357030244629,0.9999989331884102,-0.0014350730474598566,-0.0002723736215889817,0.001087046153046453,2175
0,drone,51,25.5,0.017543050032763033,0.0014256941801754912,25.5,0.0,25.49630052258206,-0.008362918220603567,19247,2498,1,1,0,0,0,0.0,1549.9381944319805,413354.51969644753,574445.2087616391,0.0026981480057484707,0.6204716550968697,0.9999993772023972,-0.0011072317207668058,-0.0001401168593896239,0.0010358633675080716,2498
0,drone,52,26.0,0.015510338774724427,0.001362414947142805,26.0,0.0,26.000167646854663,-0.008118480583516125,19248,2264,1,1,0,0,0,0.0,1412.5078727653015,447292.6102620196,461180.3985595741,0.0030628098617743777,0.6238992370871473,0.999998884151279,-0.0013031078370297883,-0.0007304835126132206,0.0010469083160902712,2264
0,drone,53,26.5,0.015932356603575032,0.0016799958134016868,26.5,0.0,26.50185907254632,-0.0077012240754576276,19248,2917,1,1,0,0,0,0.0,1762.9727001189508,426103.7335826306,702824.0491247631,0.0025084125995893367,0.6043787110452351,0.9999973495521137,-0.0016933651871933139,-0.0015599368867263226,0.0009553795824869727,2917
0,drone,54,27.0,0.019997990658696067,0.0015022274502770518,27.0,0.0,27.011477071955714,-0.007892342675444357,19246,2352,1,1,0,0,0,0.0,1458.6528461004405,453448.85031297395,468343.6244091026,0.0031144927998983355,0.620175529804609,0.9999980854467403,-0.0019443043209703384,-0.00022087001033440303,0.0010273948508897058,2352
0,drone,55,27.5,0.01899911852740805,0.0015524267433655841,27.5,0.0,27.506080333700496,-0.009078997454989033,19247,2583,1,1,0,0,0,0.0,1617.4429192936711,482579.73245126876,534165.2304485474,0.0030279824052484236,0.6261877349181847,0.9999976545145823,-0.0021215844536758353,-0.0004357117627297323,0.0009972728427942218,2583
0,drone,56,28.0,0.020036353125984546,0.0013964314483188376,28.0,0.0,27.999101074240023,-0.012168306882112338,19247,2537,1,1,0,0,0,0.0,1544.7603649419068,471816.3856482376,530798.1626507816,0.0029102594425486415,0.6088925364374879,0.9999982131261166,-0.0017422787342039228,-0.0007336275529031109,0.0009700502659577715,2537
0,drone,57,28.5,0.02063631445826125,0.0009599821543576762,28.5,0.0,28.494117299083094,-0.014927094678856574,19247,2405,1,1,0,0,0,0.0,1467.246377515339,456541.9777654106,491699.2197540595,0.00298403234857528,0.6100816538525318,0.9999997023810223,-0.0006998376401666507,-0.00032475397493384736,0.000937594337103975,2405
0,drone,58,29.0,0.022636200680307406,0.0010374113097046133,29.0,0.0,28.990776884151252,-0.01626147455274401,19245,2388,1,1,0,0,0,0.0,1436.0126819995087,458377.77790650725,481242.77420742414,0.002983967259278914,0.6013453442208998,0.9999998433820494,-1.7428248154009057e-05,-0.000559403372295303,0.0009239574193090066,2388
0,drone,59,29.5,0.02312927579624936,0.0009283383778476335,29.5,0.0,29.49447499848577,-0.018236985005626195,19247,2354,1,1,0,0,0,0.0,1421.0736940464317,460395.51276867086,466408.3569558378,0.0030468444075949243,0.6036846618718911,0.9999998226765936,-0.00023676027631058328,-0.0005464351314465978,0.0009426791348346378,2354
0,drone,60,30.0,0.020366448115503446,0.0012898783460116945,30.0,0.0,29.991041181805432,-0.015151492027858279,19247,2921,1,1,0,0,0,0.0,1675.3284022372843,443969.8761463822,701239.0519067803,0.0023890974093382284,0.5735461835800357,0.9999994095220153,-0.0004870875378501702,-0.0009714429221609082,0.0008329715943647986,2921
0,drone,61,30.5,0.024544909690777637,0.0012009599264123844,30.5,0.0,30.48833477951366,-0.015624923515621825,19247,2637,1,1,0,0,0,0.0,1560.0423516651842,453954.59109667194,600692.8289108488,0.002597071708836258,0.5915974029826258,0.9999998199775626,-0.0002236489016445545,-0.0005567997946100316,0.0008468704678704322,2637
0,drone,62,31.0,0.030570495574591832,0.0012968392570704536,31.0,0.0,30.97656219812678,-0.013804485483592126,19223,2380,1,1,0,0,0,0.0,1406.9806052240087,434351.8468037094,487229.7489710183,0.002887714898762677,0.5911683215226927,0.9999997879632646,0.0005228508427401263,-0.0003882015223300136,0.0008400571336261969,2380
0,drone,63,31.5,0.02466052161573923,0.001608345173059072,31.5,0.0,31.484919102867675,-0.012471255870527886,19199,2472,1,1,0,0,0,0.0,1438.8117129001612,404027.70443352766,570651.5335556753,0.0025213490690808495,0.5820435731796768,0.9999997671205363,-0.0003688834816343823,-0.0005741810256444491,0.0007956164623074698,2472
0,drone,64,32.0,0.03804038710563468,0.0017473419735278101,32.0,0.0,31.966668991339944,-0.011792943238193044,19171,2861,1,1,0,0,0,0.0,1659.0548814791975,407106.93661873485,718212.3722704694,0.0023099781423069374,0.5798863619291148,0.9999993857926951,-0.00021985568208784533,-0.001086313818221551,0.0007573371098367194,2861
0,drone,65,32.5,0.04262639376316815,0.001404387948846332,32.5,0.0,32.46175962485859,-0.012910653025657583,19151,2258,1,1,0,0,0,0.0,1301.0664264779211,385944.82467505813,521887.77543390193,0.002493000387671858,0.5762030232408862,0.9999992761522437,0.00042920770250481845,-0.0011240443659997347,0.0007873768183553336,2258
0,drone,66,33.0,0.055961245397797656,0.0016349156441263484,33.0,0.0,32.946676362541936,-0.01198493932370821,19104,2166,1,1,0,0,0,0.0,1218.0541943019894,372396.2318738664,488003.34020771284,0.0024959956089307483,0.5623518902594595,0.9999995651797997,0.00019115543579903763,-0.0009127430147321385,0.0007559893186322932,2166
0,drone,67,33.5,0.05177661998140735,0.001585288402785834,33.5,0.0,33.45100294757796,-0.01416234204727937,19123,2762,1,1,0,0,0,0.0,1592.8354994307276,345424.92588551226,735151.3202164294,0.002166677057672691,0.5766964154347313,0.999999698725301,-8.734254756840015e-06,-0.0007761913551523426,0.0006886680049599995,2762
0,drone,68,34.0,0.05770721309679307,0.0018754279195304009,34.0,0.0,33.94565814027846,-0.015112876337497015,19096,2863,1,1,0,0,0,0.0,3331.7667792251486,352590.2464450257,778241.7330827434,0.0042811463811218056,1.1637327206514665,0.9999994656927228,-0.0001506644457819977,-0.0010226996107525058,0.0006973098022104015,2863
0,drone,69,34.5,0.05129834892866847,0.001966491532055859,34.5,0.0,34.451370124474835,-0.01188633320644275,19066,2845,1,1,0,0,0,0.0,3954.12210983645,344688.5378806154,778799.0424712114,0.005077204637141828,1.3898495992395254,0.9999994501174339,0.0007338539002370019,-0.0007491483717998073,0.000685148273339706,2845
0,drone,70,35.0,0.03900965420251845,0.001373345198667566,35.0,0.0,34.9647010391277,-0.01554378750341312,19025,2520,1,1,0,0,0,0.0,5085.779290329651,322920.58305918745,665232.2736310804,0.007645118091714963,2.018166385051449,0.9999968815487756,-0.001662083485530345,-0.0018639665263097893,0.0006926259000784632,2520
0,drone,71,35.5,0.025974959917146125,0.0013327686965799192,35.5,0.0,35.479333396195486,-0.015094757353197296,18985,2484,1,1,0,0,0,0.0,1391.2806624950767,320590.2034440665,659449.4276396441,0.0021097609675314504,0.5600968850624303,0.9999990278563601,-0.00018423660354231547,-0.001382151659094095,0.0006779530585694404,2484
0,drone,72,36.0,0.020788049689933398,0.001700346813297278,36.0,0.0,35.991595137478356,-0.015537414970789327,18940,2416,1,1,0,0,0,0.0,1592.7427704103054,328111.21945567476,650986.6547194315,0.0024466596340546503,0.6592478354347291,0.9999995305260949,0.0009679798326567542,4.430162074293954e-05,0.0006976000118729103,2416
0,drone,73,36.5,0.02880746420321112,0.001772452210053029,36.5,0.0,36.478524800956606,-0.01619224839876151,18825,2765,1,1,0,0,0,0.0,1575.6498845525741,321320.63984876074,799952.6199243735,0.0019696790101162917,0.5698552927857411,0.9999984789611395,0.00047692920571594175,-0.0016776811199423257,0.0007000405152687469,2765
0,drone,74,37.0,0.023300481388920522,0.0016803346074494585,37.0,0.0,36.98726853998982,-0.016279841877697238,18741,2300,1,1,0,0,0,0.0,1346.6209510263454,317632.56112315017,607062.18664432,0.002218258657272184,0.5854873700114546,0.9999988369211292,0.0012816523036428607,-0.0008267549583889841,0.000715332209796378,2300
0,drone,75,37.5,0.022430880518798525,0.0018586228337108433,37.5,0.0,37.490960377785996,-0.01707839176914114,18596,2733,1,1,0,0,0,0.0,1616.720259366904,318980.19999279163,786959.5078961514,0.002054388114185221,0.5915551625930859,0.9999979041256837,0.0009879858134550492,-0.0017932172964321273,0.000728746683834281,2733
0,drone,76,38.0,0.02131281347655023,0.0017331839744989925,38.0,0.0,37.991069509300104,-0.018100461172052405,18409,2714,1,1,0,0,0,0.0,1561.691573820268,316359.3421719658,799937.842266031,0.0019522661528255402,0.5754206241047414,0.9999989644652669,0.0004525711774990746,-0.0013661067758529558,0.0007359670744899349,2714
0,drone,77,38.5,0.027852768366538754,0.0012784461078647143,38.5,0.0,38.47947237136896,-0.018699836582161518,18199,2511,1,1,0,0,0,0.0,1450.9575068458964,303662.8340959782,707418.5109577993,0.002051059569930384,0.5778405045184772,0.9999965585669774,0.0013707711189968655,-0.0022369266283984,0.0007813095376033983,2511
0,drone,78,39.0,0.023914835365423118,0.0017042302587023323,39.0,0.0,38.98526054912039,-0.01835262954710244,17882,3090,1,1,0,0,0,0.0,1844.1368368142653,315547.8652366838,925126.7106226715,0.0019933883819796307,0.5968080378039693,0.9999985587991747,0.0009360584257203297,-0.0014164018487950894,0.0008564337972353275,3090
0,drone,79,39.5,0.020561057769976177,0.002041481098832048,39.5,0.0,39.49289144110939,-0.01837487143351989,17739,3097,1,1,0,0,0,0.0,1806.8990002671446,312162.71392793354,943589.5152938825,0.0019149205994561979,0.5834352600152227,0.999998803053231,0.001036222169866563,-0.0011489715923478684,0.0009174020982499946,3097
0,drone,80,40.0,0.037348352317300514,0.002007720354825139,40.0,0.0,39.96877549132077,-0.01892337029537274,17523,2958,1,1,0,0,0,0.0,1688.9256394662993,323421.0621564991,863415.9559714773,0.001956097322252975,0.5709687760197091,0.9999987072653798,0.0008068468731228294,-0.0013908507082357761,0.0008991382586797064,2958
0,drone,81,40.5,0.0378404657623839,0.0016507479874055214,40.5,0.0,40.467730337561264,-0.019662509826574606,17392,2710,1,1,0,0,0,0.0,2646.514536702374,322996.8484287183,776338.664984842,0.003408969121425953,0.9765736297794737,0.9999944277697246,0.002578108566089109,-0.0021207983691408205,0.0008150342042901928,2710
0,drone,82,41.0,0.040804665022906327,0.0017089328704866515,41.0,0.0,40.96454341626065,-0.019856515029788926,17486,2913,1,1,0,0,0,0.0,2612.9486491399393,350022.15866254887,847706.0363947494,0.003082375890883916,0.8969957600892342,0.9999976579760993,0.001854624730430006,-0.0011155310061731869,0.0006931334263485364,2913
0,drone,83,41.5,0.036041554280247634,0.00103255532549583,41.5,0.0,41.47055325081716,-0.020688752646776488,17799,2415,1,1,0,0,0,0.0,1467.117622851254,357301.12338722165,593959.535958146,0.0024700632518418497,0.6075021212634593,0.999995401321837,0.0012768353059095404,-0.002750822927764292,0.0005728474829822674,2415
0,drone,84,42.0,0.049147666213562834,0.0014796611004550173,42.0,0.0,41.95570658863123,-0.02049234988928481,18350,2709,1,1,0,0,0,0.0,1741.707685525264,374425.37722867494,721177.5937635845,0.002415088461686496,0.6429338078720059,0.999999859754971,0.0005262038394119628,-5.999631415347817e-05,0.0004914540636206516,2709
0,drone,85,42.5,0.03459863884120689,0.0015337439375204813,42.5,0.0,42.47228668110661,-0.0205312318426293,19252,2871,1,1,0,0,0,0.0,1615.5516844450888,394648.67919617967,779483.7231912,0.0020725919430761596,0.5627139270097836,0.9999995423773153,7.231373684319395e-06,-0.0009566571313905035,0.00047928375882853234,2871
0,drone,86,43.0,0.02887065681204036,0.0016554940628577034,43.0,0.0,42.98216011824336,-0.021612474234993642,19253,2325,1,1,0,0,0,0.0,1265.1638266739626,398972.5010946592,523796.5860753149,0.002415372418047889,0.5441564845909517,0.999999247384547,-0.001164569107002467,-0.00038601701333459233,0.0004672407777647787,2325
0,drone,87,43.5,0.02543417205331745,0.001310488522923588,43.5,0.0,43.48869032470317,-0.022780716009900764,19266,2635,1,1,0,0,0,0.0,1455.8479402856958,409348.6290229136,668958.5429025595,0.0021762902286423967,0.5525039621577593,0.9999977161251417,-0.000872531774645414,-0.001951008150383044,0.00046650065381475874,2635
0,drone,88,44.0,0.022875430785546998,0.0012481966390385437,44.0,0.0,44.001991786405576,-0.02277498935625017,19268,2688,1,1,0,0,0,0.0,1463.4327648723786,406553.85466809355,700465.4706533488,0.0020892289858447746,0.5444318321697837,0.9999982616157114,-0.0009196579615595301,-0.0016220341516288775,0.0004520134233327795,2688
0,drone,89,44.5,0.023618623421992637,0.0015805529110363818,44.5,0.0,44.49559926681532,-0.02283894846677872,19281,2944,1,1,0,0,0,0.0,1661.9782612537306,420321.1027430105,778172.3032065628,0.002135745842412185,0.5645306593932509,0.9999988162695991,-0.0012042231715996316,-0.0009577609063306682,0.00043442364053342857,2944
0,drone,90,45.0,0.02524548900910265,0.001534222348657497,45.0,0.0,44.9902864801649,-0.023301345511344846,19280,2665,1,1,0,0,0,0.0,1454.5450228221473,396274.96368836635,703093.884744446,0.002068777803907129,0.5457955057493986,0.9999983272230455,-0.0005309725518868353,-0.0017503197594293514,0.0004298595377042325,2665
0,drone,91,45.5,0.024152089772905932,0.001439927573068541,45.5,0.0,45.49472508068507,-0.02356052443456004,19287,2690,1,1,0,0,0,0.0,1515.6257925612408,413437.5158325434,684011.8603533069,0.002215788760999535,0.5634296626621713,0.9999980781388925,-0.0007772489816498683,-0.0017998895916185743,0.00043114796648103837,2690
0,drone,92,46.0,0.023912123088736855,0.0016971777967346897,46.0,0.0,45.99959502970614,-0.02384518820125356,19287,2915,1,1,0,0,0,0.0,1640.306326484844,402557.32278178283,794198.2693908918,0.0020653612450488874,0.5627122903893118,0.9999990921384292,-0.0003999239744297684,-0.00128677236992126,0.0004070215610229432,2915
0,drone,93,46.5,0.025317290206404826,0.0019188758198073915,46.5,0.0,46.49711438533491,-0.024488081416367144,19294,2875,1,1,0,0,0,0.0,1600.0658088100945,409569.4434658326,748159.9486296073,0.002138668090614727,0.5565446291513372,0.99999784823091,-0.000779527311951599,-0.0019224647512533135,0.000393807143242676,2875
0,drone,94,47.0,0.026197191367385943,0.0016553594005459281,47.0,0.0,46.99093247699256,-0.024573952686551374,19293,2679,1,1,0,0,0,0.0,1497.5519834634583,419501.78100204794,687397.3337491262,0.0021785827642008394,0.5589966343648594,0.9999964528092852,-0.00023696299957080922,-0.0026529638866434877,0.00039908406346772426,2679
0,drone,95,47.5,0.02549242709344417,0.001903312345948432,47.5,0.0,47.50325493863449,-0.025122801006640598,19295,2818,1,1,0,0,0,0.0,1563.300449859383,412765.4120109673,748134.4819074105,0.0020895981774208044,0.5547553051310798,0.999998200453605,-0.0012381566116215364,-0.0014373787798574926,0.0003890988146750007,2818
0,drone,96,48.0,0.02612308110649756,0.0016606701365143586,48.0,0.0,47.992407703634896,-0.024976373786972494,19295,2600,1,1,0,0,0,0.0,1466.1777145980902,405253.68823561893,653926.2780695218,0.0022421146905526475,0.5639145056146501,0.9999977153319543,-0.00101053930006009,-0.001883651027849411,0.0003829216370858143,2600
0,drone,97,48.5,0.026711991554447097,0.001602409830009354,48.5,0.0,48.50809358409399,-0.02534300239582262,19296,2613,1,1,0,0,0,0.0,1462.3512576563699,426690.4088382503,637988.491343454,0.0022921279576329054,0.5596445685634787,0.9999967936117589,-0.0015758376354162683,-0.0019822971391697773,0.0003821940163518708,2613
0,drone,98,49.0,0.026437667387457866,0.0014474196982809258,49.0,0.0,48.99804460298204,-0.025860924027330166,19295,2371,1,1,0,0,0,0.0,1336.0307117554282,405708.7034529899,543171.9564834865,0.002459682787021878,0.5634882799474602,0.9999979696788888,-0.0010608544222128822,-0.00171325012630567,0.00036205919831499444,2371
0,drone,99,49.5,0.02379934131121219,0.0019765720478059864,49.5,0.0,49.49963884928081,-0.02375325382609103,19293,2935,1,1,0,0,0,0.0,1652.7529960963452,441780.6139291819,754377.3187263149,0.0021908837329399577,0.5631185676648536,0.9999981590526534,-0.0016640474260313618,-0.0009554252812075384,0.00035810730632784675,2935
0,drone,100,50.0,0.02921010461847733,0.0012580278751120279,50.0,0.0,49.98904851254872,-0.02650304275864663,19296,2303,1,1,0,0,0,0.0,1287.588888316895,412839.5569250394,508315.0515467392,0.0025330528466527263,0.5590920053481958,0.9999966556322565,-0.0007405365105815566,-0.0024779689220577592,0.00035377795427778613,2303
0,drone,101,50.5,0.027608752685960712,0.0015649077492214695,50.5,0.0,50.49352569569782,-0.02631534127377247,19295,2633,1,1,0,0,0,0.0,1470.8120295734843,424365.60608917166,649807.1931288617,0.002263459138535284,0.5586069234992345,0.9999979606339684,-0.0010606147632548028,-0.001718669319019164,0.0003471429848758615,2633
0,drone,102,51.0,0.02651551717632218,0.0014915507062074494,51.0,0.0,50.999890528758684,-0.02539433530844934,19296,2546,1,1,0,0,0,0.0,1444.262179079211,443226.8050442772,581559.567994025,0.0024834294860987473,0.5672671559619838,0.999996976415877,-0.0010129283839932879,-0.002240788966556993,0.000339870035131603,2546
0,drone,103,51.5,0.02897160240612778,0.002062796355508245,51.5,0.0,51.483713141256054,-0.022721678230277438,19294,2680,1,1,0,0,0,0.0,1521.4230227516891,484031.80438941164,583510.2546390011,0.0026073629566166654,0.5676951577431676,0.9999957608936745,-0.001604552040587332,-0.0024297340245099754,0.0003466881748112533,2680
0,drone,104,52.0,0.0282175569963008,0.0013391048684024943,52.0,0.0,51.993823769213726,-0.025994069045121405,19296,2366,1,1,0,0,0,0.0,1377.0987224533753,438716.7696752566,502522.6138462954,0.0027403716459904093,0.5820366536151206,0.9999951783143083,-0.001963715106304262,-0.002405653989240385,0.00032764136526976413,2366
0,drone,105,52.5,0.027887925382670518,0.0018782702685010769,52.5,0.0,52.48751342750089,-0.02389657122264545,19296,2342,1,1,0,0,0,0.0,1360.787724744644,451969.6282365373,463012.3741171359,0.002938987812883772,0.5810366032214535,0.999996489339682,-0.0015409677180567502,-0.0021556267773730504,0.00032375045416769714,2342
0,drone,106,53.0,0.024386952467438182,0.002298076245378739,53.0,0.0,52.99912549842524,-0.024205157224203733,19296,3023,1,1,0,0,0,0.0,1708.5062234971713,456699.8389093188,734337.380106682,0.00232659574438246,0.5651691113123293,0.9999979804291453,-0.0007842881448777055,-0.0018504133960863679,0.0003018590434357152,3023
0,drone,107,53.5,0.027503514576934337,0.001816861883062802,53.5,0.0,53.49326334659209,-0.025136164026514196,19295,2507,1,1,0,0,0,0.0,1450.267793578004,479652.1677797473,522663.0454096304,0.002774766278800858,0.5784873528432406,0.99999206968068,-0.002339881494730674,-0.0032226588929934155,0.00032011285996864756,2507
0,drone,108,54.0,0.03218591106242874,0.0013146614511035444,54.0,0.0,53.99769344084905,-0.030455101098958437,19296,2459,1,1,0,0,0,0.0,1430.691066842766,458726.2195267018,528180.4842302436,0.002708716261881235,0.5818182459710314,0.9999954391359795,-0.0017796926025784245,-0.0024401642321341304,0.0003039388153991942,2459
0,drone,109,54.5,0.030028814043477365,0.0016633521982072322,54.5,0.0,54.50341176009036,-0.028047191913088826,19296,2729,1,1,0,0,0,0.0,1535.369538302988,465367.58806987246,617042.0084610876,0.0024882739217905498,0.5626125094551074,0.9999979721509682,-0.0007062735594441454,-0.0018859670227315574,0.0002917178441065028,2729
0,drone,110,55.0,0.03145748169017418,0.001827214111805366,55.0,0.0,54.99100349831219,-0.028201141581238678,19295,2326,1,1,0,0,0,0.0,1353.0565476240856,459458.9515354825,476844.8368250799,0.0028375195517120065,0.581709607748962,0.9999930321713768,-0.0020537563211897015,-0.0031173215537038533,0.0002911446164698406,2326
0,drone,111,55.5,0.030629958967115616,0.0018675395620438788,55.5,0.0,55.49691918480178,-0.02754283803899806,19300,2479,1,1,0,0,0,0.0,1427.139295357305,478417.9616664114,505970.07140360755,0.002820600221270577,0.5756915269694655,0.9999955622814596,-0.0009355789389320114,-0.0028284464704760024,0.0002918119068994782,2479
0,drone,112,56.0,0.035657747578890266,0.001660428375711932,56.0,0.0,55.987538007675504,-0.03062069597912098,19298,2479,1,1,0,0,0,0.0,1440.216474094952,438273.6761105248,548220.5013533355,0.0026270751833242976,0.5809667100019976,0.9999971170591108,-0.001855562331959694,-0.001524060989392072,0.00026949687225595576,2479
0,drone,113,56.5,0.036311485472626664,0.0015666601882883074,56.5,0.0,56.49283052633747,-0.03254964240717396,19322,2367,1,1,0,0,0,0.0,1378.5265939375324,440635.95097272366,490914.091768588,0.002808081122648555,0.5823939982837061,0.9999962395497481,-0.0021943337558614404,-0.0016449272721239425,0.0002736610328929883,2367
0,drone,114,57.0,0.037076962474180096,0.0016091006203981305,57.0,0.0,57.003503058679364,-0.033597296548456806,19322,2467,1,1,0,0,0,0.0,1430.9041519841446,418320.9631012611,549933.9555538013,0.002601956357728771,0.5800178970345135,0.9999947039462997,-0.0018999176211698565,-0.0026424216895052717,0.0002574580104664903,2467
0,drone,115,57.5,0.038083350970960016,0.0012200489454150113,57.5,0.0,57.49885192413442,-0.03542710096242991,19338,2250,1,1,0,0,0,0.0,1324.8056139642545,442546.5481995532,453482.8858214662,0.00292140156858273,0.5888024950952242,0.9999966625937932,-0.002013736037251286,-0.0016185389855111927,0.00026273817065679094,2250
0,drone,116,58.0,0.041095328408907374,0.0014273821330529886,58.0,0.0,58.01614410923664,-0.03480527639085098,19335,2247,1,1,0,0,0,0.0,1350.7115127169593,421146.8148889153,471766.342167298,0.002863094273558772,0.601117718165091,0.9999973050471034,-0.001513964255255317,-0.0017600598751660419,0.00025189592875872496,2247
0,drone,117,58.5,0.041573865788432154,0.0012445844156336718,58.5,0.0,58.51687307713373,-0.036058956625988486,19319,2147,1,1,0,0,0,0.0,1261.9471367919186,413424.2327277308,443776.39635748987,0.0028436553794883236,0.5877723040484018,0.9999990277830807,-0.0011825884317617898,-0.0007388622973373437,0.0002464946879449523,2147
0,drone,118,59.0,0.04303207580137436,0.0011828082918352223,59.0,0.0,59.01874900325706,-0.03510620373659111,19294,2254,1,1,0,0,0,0.0,1306.083738996837,406751.41666474263,489702.36666149227,0.00266709705305482,0.5794515257306286,0.9999944878907966,-0.0011386577456753413,-0.003118917530418482,0.0002439435856185432,2254
0,drone,119,59.5,0.043035875339066505,0.0016111277032457734,59.5,0.0,59.51952547761037,-0.035151225877295744,19296,2155,1,1,0,0,0,0.0,1282.8318885528015,405309.7796542079,458621.9780093646,0.0027971443804784414,0.5952816188180053,0.9999981397963005,-0.0013021779124153816,-0.0014229324027388527,0.0002393609808995383,2155
0,drone,120,60.0,0.04969670767395342,0.001106163030341541,60.0,0.0,60.02527172978353,-0.0389335100626105,19271,2343,1,1,0,0,0,0.0,1378.200780006591,418323.1868426923,504248.76194311044,0.0027331763288733274,0.5882205633830947,0.9999970179422416,-0.0012859129112225164,-0.0020761827012333724,0.00023467371485087787,2343
0,drone,121,60.5,0.046287990154806155,0.0013831076157990163,60.5,0.0,60.52451520035118,-0.036713912023163014,19268,2154,1,1,0,0,0,0.0,1444.4543933083703,410844.2301579066,445473.1382680668,0.0032425173803390115,0.6705916403474328,0.9999994062600907,-0.0008128565037318735,-0.00072577115585227,0.0002365523153108034,2154
0,drone,122,61.0,0.04724373085163097,0.0011641417893020112,61.0,0.0,61.0221314295765,-0.038002928064329006,19264,2236,1,1,0,0,0,0.0,1936.5665023945764,404095.6172838522,469492.2558996459,0.004124810320212221,0.8660851978508839,0.9999981913580682,-0.0005456218007923008,-0.0018219707579987226,0.00023089764782313746,2236
0,drone,123,61.5,0.04553771171955544,0.0011464118677863224,61.5,0.0,61.51640569576157,-0.03987970534837479,19265,2168,1,1,0,0,0,0.0,1764.533820338883,412131.1049070925,435201.7077095527,0.00405451952297142,0.8138993636249461,0.999999835847716,0.00024339533691149164,-0.0005187130719470719,0.00023261899988506705,2168
0,drone,124,62.0,0.04340297156219144,0.0013947381290093474,62.0,0.0,62.01126241792934,-0.038155152799283165,19229,2185,1,1,0,0,0,0.0,2012.3912644201678,379019.1091498331,456175.08780389343,0.004411444899606796,0.9210028670115185,0.9999965465129624,-0.0016696045167458999,-0.0020296262971597366,0.00022339080702847097,2185
0,drone,125,62.5,0.04854609124346454,0.0011999590707611873,62.5,0.0,62.51742660593881,-0.04161582481362376,19199,2325,1,1,0,0,0,0.0,2406.879104704086,424527.23414548923,474368.1598148815,0.005073863105911981,1.035216819227564,0.9999976711365354,-0.0010038616875503504,-0.0019104929253413079,0.00022612904870654034,2325
0,drone,126,63.0,0.044424183826315314,0.001528450034620331,63.0,0.0,63.01284579926549,-0.0377213039081125,19158,2330,1,1,0,0,0,0.0,1418.4935451662864,411625.2034966732,499449.649763095,0.0028401132042822,0.608795512946904,0.9999979413624089,-0.0009774767421701909,-0.0017781479585847757,0.00021933331386268746,2330
0,drone,127,63.5,0.04004161574168328,0.0015562628464010657,63.5,0.0,63.50309287408589,-0.03540024245169227,19145,2168,1,1,0,0,0,0.0,1287.9016845829726,395305.4532384721,458053.845000306,0.002811681854962078,0.5940505925198213,0.9999967310865788,-0.0015717672444370192,-0.002016770657680129,0.00021739384757538206,2168
0,drone,128,64.0,0.04222640539004981,0.0013396419911161893,64.0,0.0,64.0085280733306,-0.03771657046107476,19070,2175,1,1,0,0,0,0.0,1430.7090046964793,414113.23777816753,447109.83638469136,0.0031999050082752003,0.6577972435386111,0.9999981352053136,-0.00031215536799973826,-0.0019058187011985039,0.00021882541565424013,2175
0,drone,129,64.5,0.039368210011143816,0.001754845582072,64.5,0.0,64.50205292526603,-0.035070527832065435,19011,2140,1,1,0,0,0,0.0,1384.5670769410967,396487.4745918563,444239.16866518557,0.0031167154420474303,0.6469939611874284,0.9999986256638763,0.0004669100220932518,-0.0015908065218290153,0.00021659913840950832,2140
0,drone,130,65.0,0.04492057598835193,0.001644710258742393,65.0,0.0,64.97996862843286,-0.036470972057993004,18949,2020,1,1,0,0,0,0.0,1537.5641373351311,346250.16754997044,444327.7833554401,0.0034604276278288825,0.7611703650173917,0.9999977474378242,0.001999634809999299,-0.0007117442687772287,0.00020649531460230266,2020
0,drone,131,65.5,0.048719493894982854,0.0017056169383400733,65.5,0.0,65.47503335467306,-0.036853603835084646,18842,2122,1,1,0,0,0,0.0,1643.6181218930715,365718.0866912067,470165.5607948928,0.0034958284037526328,0.7745608491484786,0.999996135812994,0.0024542893220296956,-0.0013056887087204208,0.00021076604909465256,2122
0,drone,132,66.0,0.041819460561755194,0.0019262050394075875,66.0,0.0,65.98860433253338,-0.0367369759652537,18672,2045,1,1,0,0,0,0.0,1552.804808583453,357782.02540664125,447394.4425706168,0.003470773574346217,0.7593177548085345,0.9999999240416243,0.00016304210495789948,-0.00035402544781623966,0.00021383153990636353,2045
0,drone,133,66.5,0.04086992862977628,0.0018184786623570775,66.5,0.0,66.4923520719857,-0.03646334557919679,18431,2075,1,1,0,0,0,0.0,1635.6583940123498,367474.247882114,455248.16741414065,0.003592893966609615,0.7882691055481204,0.9999964281028416,0.002665813320963253,-0.00019292717796953702,0.00022319371472476204,2075
0,drone,134,67.0,0.04190512736248622,0.001993141541501248,67.0,0.0,66.99942808230627,-0.037356635212541345,18103,2102,1,1,0,0,0,0.0,1652.1876544167349,354403.9208021561,482196.706817206,0.0034263768936171023,0.7860074473914057,0.9999953859843346,0.0025685241157103827,-0.0016219414011645426,0.00022971068855496375,2102
0,drone,135,67.5,0.04357217361089103,0.001978072786347438,67.5,0.0,67.50563361280291,-0.03845701214139782,17658,2201,1,1,0,0,0,0.0,1679.6633681199992,350880.41215452977,506476.46714879014,0.0033163700133506026,0.7631364689323031,0.99999667969656,0.0020479998845653502,-0.0015640627635711687,0.00024481404851970306,2201
0,drone,136,68.0,0.04499056253577088,0.0017297191504028456,68.0,0.0,67.99919909099286,-0.04033656646061028,17340,2139,1,1,0,0,0,0.0,1602.564027876404,355773.1006547605,485734.41747468995,0.0032992597811126044,0.7492117942386181,0.999996807637438,0.001952659647924898,-0.0016036942451935117,0.000251965147600491,2139
0,drone,137,68.5,0.04747144853394935,0.001645282735492584,68.5,0.0,68.51414895514004,-0.0415176731898264,17574,2081,1,0,0,0,0,0.0,1529.8650772377873,377228.33200524125,444559.88885674684,0.00344130254569765,0.7351586147226272,0.9999985651090028,0.0016535358723472364,-0.00036823776889112925,0.00021366540143225702,2081
0,drone,138,69.0,0.046181548882905,0.0018247869388324399,69.0,0.0,69.0028490887214,-0.04171941039602489,18078,2093,1,1,0,0,0,0.0,1592.8121087948189,376131.78957601945,452083.3804787846,0.0035232706566384526,0.7610186855206971,0.9999928090320488,0.0037463725735299384,-0.0005887076801053766,0.0001716077708992923,2093
0,drone,139,69.5,0.04609042686395719,0.0017618588914349493,69.5,0.0,69.49882632999545,-0.04189196696825058,19039,2117,1,1,0,0,0,0.0,1588.177210555047,396757.3979929735,438474.556446707,0.003622051011181254,0.7502017999787657,0.9999939654179502,0.003459743473245739,-0.0003151234408934149,0.00016684111978205172,2117
0,drone,140,70.0,0.04744389741618151,0.0017734824579765044,70.0,0.0,69.99120548671829,-0.04305153274098884,19373,2075,1,1,0,0,0,0.0,1243.43202558813,407518.2462437695,425968.6138201229,0.002919069586927838,0.5992443496810266,0.9999996056259857,-0.0006670594807887036,-0.0005863271461331664,0.00016344912378409224,2075
0,drone,141,70.5,0.05111596962905934,0.0020251771177146284,70.5,0.0,70.48259291721172,-0.043020159461763616,19367,2218,1,1,0,0,0,0.0,1295.5910790918383,402732.01097865455,468804.06990608794,0.0027636088555105217,0.5841258246581778,0.9999992631041832,0.00032720262153689006,-0.0011690720829776904,0.00015938154073729652,2218
0,drone,142,71.0,0.04882237156311305,0.0021014289996788512,71.0,0.0,70.99386120391424,-0.04341909486731583,19385,2195,1,1,0,0,0,0.0,1357.0311342460132,420488.2618152928,454801.47964047,0.002983787861285707,0.6182374187908943,0.9999976765846941,0.0018022305896724456,-0.0011827045764511875,0.00015750429477979326,2195
0,drone,143,71.5,0.04952074528811148,0.0020557641401779693,71.5,0.0,71.49064975152884,-0.04345858401024537,19392,2267,1,1,0,0,0,0.0,1404.7795754340182,409072.4850683621,474381.56059733435,0.002961286213707675,0.6196645679020812,0.9999981395964878,0.0019235863379237104,-0.0001435937463488995,0.00015412297363059596,2267
0,drone,144,72.0,0.049995160927674955,0.001849048068932024,72.0,0.0,71.99918911748138,-0.04577626147697553,19373,2132,1,1,0,0,0,0.0,1393.772762848621,419797.87254331063,433695.31827698415,0.003213714107834738,0.6537395698164263,0.9999923194282313,0.0038821933437686385,-0.0005382001374188427,0.00015506615772865103,2132
0,drone,145,72.5,0.04923877525283652,0.0018007931743144556,72.5,0.0,72.4994120708478,-0.04510580437051294,19391,2150,1,1,0,0,0,0.0,1464.7116624560547,411070.3719705542,421750.8864993635,0.0034729308445881953,0.6812612383516533,0.9999679681136768,0.00799122112170436,-0.00045070121864632616,0.00015184438431823185,2150
0,drone,146,73.0,0.048165393491404994,0.0019991242852819917,73.0,0.0,72.99948850180847,-0.04394237137987962,19388,2209,1,1,0,0,0,0.0,2086.3138631744887,431615.0606400934,436775.1220528279,0.004776631629953844,0.9444607800699361,0.9999243964399955,0.012258667936252276,-0.0009625302797674869,0.0001524990061425999,2209
0,drone,147,73.5,0.05028936064027105,0.0019324413457057457,73.5,0.0,73.50245631090621,-0.04600872379978301,19367,2151,1,1,0,0,0,0.0,1836.2381860152882,416692.5210171558,425629.6791229527,0.0043141685744260555,0.8536672180452293,0.9998981561031536,0.01426122531364631,-0.0005430230815869721,0.00014970253058868953,2151
0,drone,148,74.0,0.048402052755815356,0.0024112049180063312,74.0,0.0,73.99662644568775,-0.043283817625656834,19392,2509,1,1,0,0,0,0.0,2302.408328908681,452964.21386670356,512518.742359857,0.0044923397694831635,0.9176597564402874,0.9998090988434422,0.019491198260392445,-0.0013634735927553062,0.00014541400269199074,2509
0,drone,149,74.5,0.053686830963850414,0.00241217862843356,74.5,0.0,74.47261699161776,-0.0429716382268069,19391,2220,1,1,0,0,0,0.0,2456.9209422889726,389879.2996534,474284.1932052467,0.005180271612437522,1.1067211451752128,0.999691490939224,0.024835549587877818,0.000344122622580896,0.00013269511142213178,2220
0,drone,150,75.0,0.05127060645884616,0.002617736042836671,75.0,0.0,74.9784944165702,-0.0428450561885849,19399,2260,1,1,0,0,0,0.0,2677.4177708227885,405454.5394786026,471180.7328284551,0.005682358348463217,1.1846981286826497,0.9995951522620922,0.02843155006243861,-0.001085603597956585,0.00013705643343104275,2260
0,drone,151,75.5,0.05469933202141665,0.0023007460492691116,75.5,0.0,75.48167647096346,-0.04757807356150276,19410,2303,1,1,0,0,0,0.0,3309.1787284066677,430659.44654810405,471219.01524775283,0.007022591664020181,1.436899143902157,0.9992465268168857,0.03880323263005462,-0.0008293261413929722,0.00014530643760595456,2303
0,drone,152,76.0,0.0562910536627819,0.0021171338091386075,76.0,0.0,75.9858942023347,-0.051187680287606604,19390,2196,1,1,0,0,0,0.0,3542.7737211823874,419146.3056828141,440906.3166623929,0.008035207451779672,1.6132849367861508,0.9987343389887012,0.05029500750579852,-0.0003637922393713019,0.0001509406750994908,2196
0,drone,153,76.5,0.05342533388743289,0.002161847895313471,76.5,0.0,76.48765018050945,-0.04907212677343089,19410,2229,1,1,0,0,0,0.0,4358.704312729908,402650.0771145245,475534.6767553941,0.009165902142972304,1.955452809658999,0.9982813394462745,0.05860347518530412,3.0915493536116854e-06,0.0001407287094026929,2229
0,drone,154,77.0,0.055743114021674374,0.0023904671479655264,77.0,0.0,76.98239450526901,-0.049041179956561105,19419,2428,1,1,0,0,0,0.0,5028.506845659524,456982.57769403106,490901.7056821778,0.010243408787247332,2.0710489479652074,0.9973887783951179,0.0722140045570946,-0.0008730849456792892,0.00015028814492041635,2428
0,drone,155,77.5,0.05720112896077004,0.0020913980234732415,77.5,0.0,77.4856353967313,-0.05251952847915517,19411,2213,1,1,0,0,0,0.0,5604.127940254939,426354.1328325028,445991.09246162814,0.012565560243194999,2.5323668957320105,0.9962631804811074,0.08636594619732248,-0.0007736634343177029,0.0001612077375082011,2213
0,drone,156,78.0,0.05804109003489299,0.002162373039426354,78.0,0.0,77.98920575660505,-0.053747507570072406,19439,2297,1,1,0,0,0,0.0,6211.255179826214,438263.83969608834,459850.4835263262,0.01350711894917606,2.704072781813763,0.9940997488415119,0.10846599512387131,-0.0009040215879346873,0.00015995685307724927,2297
0,drone,157,78.5,0.057601822674384295,0.00226890339635064,78.49999949736855,0.0007089648737126335,78.49374403144053,-0.05343687450348482,19439,2351,1,1,0,0,0,0.0,6956.622943472283,417719.59513851214,479607.4654646265,0.014504826226449491,2.959005930868687,0.99244031410861,0.12272738090764959,-0.0004614190637450066,0.00016367130805879242,2351
0,drone,158,79.0,0.058861664007791435,0.0026194264225811994,78.99999899473711,0.001417929747425267,78.9779680938404,-0.051104736995391795,19433,2095,1,1,0,0,0,0.0,7007.109974281807,401431.287874809,406299.25752032024,0.01724617961904929,3.3446825652896455,0.9895337229132682,0.1443014825744415,0.0003055228720175998,0.00017380472224841356,2095
0,drone,159,79.5,0.059557248987228646,0.002829852599856589,79.4999869677739,0.004885900126912615,79.47618576234828,-0.04708377584674652,19459,2220,1,1,0,0,0,0.0,7688.075754342894,413139.5024270906,448559.3161419694,0.017139485186636078,3.463097186640943,0.986550972833135,0.16345379087668066,-0.00019039442768926387,0.0001732405588171327,2220
0,drone,160,80.0,0.06162976353292707,0.0027834330344210646,79.99997494081072,0.008353870506399963,79.97247518663549,-0.04517932241297322,19435,2085,1,1,0,0,0,0.0,7366.426439615785,387302.64947651187,389234.29425417195,0.018925430128737503,3.5330582444200407,0.9822712681574175,0.18746452309010087,-0.0004564373119362434,0.0001821550021961694,2085
0,drone,161,80.5,0.06557785708675945,0.0036049238277635473,80.49988665773961,0.017749362893911845,80.46353429995362,-0.034526490914475384,19438,2627,1,1,0,0,0,0.0,7906.766774116027,395857.8907106766,629987.5859938178,0.012550670759080033,3.009808440851171,0.9782521474248504,0.20741741457015322,-0.0008672898605019572,0.00016472885429914756,2627
0,drone,162,81.0,0.06850248152160103,0.0034885190414988636,80.9997983746685,0.027144855281423724,80.96094831858325,-0.027601284460818366,19440,2033,1,1,0,0,0,0.0,7104.587641021281,373432.7130765504,401542.0221866629,0.017693260601548213,3.4946323861393416,0.9724664338267901,0.23304293782734425,0.00015559243569852766,0.0001951331468386926,2033
0,drone,163,81.5,0.06905676692985296,0.003482094247705975,81.4994271400868,0.046408727337564265,81.4610021285372,-0.009652286246516307,19440,2608,1,1,0,0,0,0.0,7511.835821399441,378059.5746517377,652640.589768155,0.011509912100422617,2.880305146242117,0.9670129477065713,0.2547263553437613,0.0006654781227276764,0.00017141628723300268,2608
0,drone,164,82.0,0.08197868557796255,0.0038960836273896275,81.99905590550507,0.06567259939370482,81.94433954812833,0.006158123850677953,19436,2528,1,1,0,0,0,0.0,7194.898781506177,376632.23941331985,601559.0109389687,0.011960420591615303,2.8460833787603548,0.963515246329532,0.2676531691381034,-0.00038876840326808765,0.00018130038434742947,2528
0,drone,165,82.5,0.07367759163059577,0.0036348489025184927,82.49793849852225,0.09908155604397191,82.4563354397005,0.0396463604552037,19431,2640,1,1,0,0,0,0.0,7363.376514207392,392124.9421204559,644139.8356274563,0.011431332308511443,2.789157770533103,0.955864809883505,0.2938068485502526,3.116632332086601e-05,0.00018652875352041684,2640
0,drone,166,83.0,0.08298680161514008,0.003861803502559669,82.99682109153943,0.132490512694239,82.94491808419444,0.06923528589542878,19431,2434,1,1,0,0,0,0.0,5696.504321549191,383394.6708124483,555500.5694786769,0.010254722739339792,2.340387971055543,0.9492228008206551,0.3146045850558555,-0.00017165087795148584,0.00019710472302588672,2434
0,drone,167,83.5,0.07956804307547703,0.0036949843319838103,83.49414287360301,0.18417266711048716,83.44838881662952,0.12022827439869725,19402,2568,1,1,0,0,0,0.0,5423.161812869895,391321.6635891882,630280.2965518946,0.008604365141253269,2.1118231358527626,0.9433664123685547,0.33175055666538045,0.0011748051293813985,0.00020355013258034112,2568
0,drone,168,84.0,0.08718616687376182,0.0039302221432312295,83.99146465566659,0.23585482152673531,83.93809003060196,0.16820429687615082,19414,2518,1,1,0,0,0,0.0,4732.887367039571,395197.17630441487,573226.8240020361,0.008256569945552232,1.8796216707861677,0.9356907027972524,0.352821015795549,-0.000489399408014321,0.0002120136591824161,2518
0,drone,169,84.5,0.08894171415976684,0.0038231501106082023,84.48603965612482,0.3093093579540267,84.43224409187943,0.23949556587434948,19415,2280,1,1,0,0,0,0.0,3939.14039920591,376416.4772990229,476821.87158463796,0.008261241008334693,1.7276931575464518,0.9308508579676805,0.36539927774506287,-0.0002191899162363586,0.00023047161345326106,2280
0,drone,170,85.0,0.08882706456120451,0.004008042717892452,84.98061465658304,0.3827638943813181,84.92753872406564,0.31262353652125024,19416,2360,1,1,0,0,0,0.0,3591.4815179852067,386802.7875181914,510854.7036288986,0.0070303385531596775,1.5218142025361046,0.9248629720465651,0.3803004906875877,0.00014042782728786206,0.000217710083288436,2360
0,drone,171,85.5,0.12185458203780845,0.0045422991008933124,85.47098017313738,0.48044531623006365,85.38319431279075,0.39675617029770754,19412,2461,1,1,0,0,0,0.0,3633.7867385361433,395062.586221394,531333.2279798776,0.006838997727192323,1.4765488575929067,0.9184766213921048,0.3954745667837161,-0.0007503221816152498,0.00022584458955505712,2461
0,drone,172,86.0,0.11547379789118138,0.004510459783622502,85.96134568969173,0.5781267380788092,85.88105805111833,0.496033035151084,19430,2461,1,1,0,0,0,0.0,3002.39087923783,371841.07721529785,551759.3847247559,0.005441485840309843,1.2199881671019221,0.9136655184583075,0.4064667959178012,-0.0002533705359998706,0.00021350193925240998,2461
0,drone,173,86.5,0.10858089891398862,0.00446236574436905,86.44597346548642,0.7011548605885819,86.37469315484364,0.6201203959958811,19415,2367,1,1,0,0,0,0.0,5603.175211084315,376487.93843804277,518591.27583801496,0.010804607543830915,2.367205412371912,0.9080078554895147,0.4189531318391851,8.77010290380404e-05,0.00022217229157768498,2367
0,drone,174,87.0,0.10994341019771808,0.0043697891434802145,86.93060124128112,0.8241829830983546,86.86091881257896,0.7399077145174816,19415,2590,1,1,0,0,0,0.0,17433.692557465445,386309.0059109326,595535.6885225517,0.02927396777969129,6.731155427592836,0.9052492350969317,0.4248809055744238,0.00019604764135292124,0.00021553330667977764,2590
0,drone,175,87.5,0.11782887580685497,0.004201463128719481,87.40818205069007,0.9722254448594951,87.33110688448136,0.8833866782780968,19415,2431,1,1,0,0,0,0.0,14625.930318959063,359943.06635251496,582109.9369986154,0.02512571833831081,6.016425470571396,0.8999051367697972,0.43608088570110876,0.0020508392109978746,0.00021661662288877172,2431
0,drone,176,88.0,0.11569661061742884,0.0045992411524054,87.885762860099,1.1202679066206358,87.81255134034244,1.0313265605836053,19413,2612,1,1,0,0,0,0.0,14103.424344485335,361737.84450088756,617981.3430747617,0.022821763961859833,5.399473332498214,0.8949561670389171,0.4461539738049622,-0.000301225914500543,0.00020593607181066138,2612
0,drone,177,88.5,0.11665726581261847,0.004675477876205535,88.35548763140838,1.2916115356774194,88.28253509784616,1.2011141334843685,19415,2563,1,1,0,0,0,0.0,25039.603561902553,348098.1152651425,635763.1429670318,0.03938511352678557,9.769646337066934,0.8920184137567516,0.4519953514721151,0.00183078302582149,0.0002003949213875031,2563
0,drone,178,89.0,0.11444453922793996,0.004320686410476515,88.82521240271777,1.4629551647342032,88.75539331264069,1.372390128482176,19433,2442,1,1,0,0,0,0.0,25307.984102808532,347893.73901566165,586579.2716349777,0.04314503653064208,10.363629853729947,0.888653463608864,0.45857262963761597,0.0024829343953160004,0.00021300572904735121,2442
0,drone,179,89.5,0.12066650636823296,0.004933658783772303,89.28696630419475,1.6547449832094898,89.21214847463646,1.5605256318663447,19437,2573,1,1,0,0,0,0.0,37909.7885995161,335735.56287104153,571396.0484870761,0.06634590613619469,14.733691643807267,0.8878267193195988,0.46017679742989026,0.0010156620342389806,0.00018958521297879246,2573
0,drone,180,90.0,0.11913386648364897,0.004338151015574532,89.74872020567173,1.8465348016847762,89.67720160378592,1.7512759039865529,19414,2510,1,1,0,0,0,0.0,45613.502987236905,354286.88990082004,572504.5076510647,0.07967361370547993,18.172710353480838,0.8859750214930249,0.4637255001452391,0.0026309324358286257,0.0002058293030485246,2510
0,drone,181,90.5,0.12351393003945817,0.003960418505415917,90.20312992327902,2.0551296447276037,90.12849197529336,1.9567496061221623,19415,2418,1,1,0,0,0,0.0,63222.022671952036,350495.6726478667,525214.0971577526,0.12037381139250486,26.146411361435913,0.8853143067139869,0.4649897917105407,0.0017526929337442197,0.0002140233235076188,2418
0,drone,182,91.0,0.11590038265269226,0.003888357028785154,90.65753964088631,2.2637244877704314,90.59193779642787,2.168363232646129,19416,2437,1,1,0,0,0,0.0,75642.1903644229,330095.14420102455,514272.66547339666,0.14708576878141674,31.03906046960316,0.8809723235812156,0.47316718374244077,0.0007624389559383902,0.00020181173607564752,2437
0,drone,183,91.5,0.11952771430185288,0.0039260472410623535,91.10585821732272,2.485107535951723,91.03686742030007,2.387763904861073,19438,2347,1,1,0,0,0,0.0,78590.88108554496,373454.8143711783,457076.11360286345,0.1719426562592804,33.48567579273326,0.8828310932870352,0.4696894884577013,0.0010223296732619327,0.00020018688767974556,2347
0,drone,184,92.0,0.12189108097518651,0.003817594152132344,91.55417679375911,2.7064905841330154,91.48533899237992,2.6062383205933943,19437,2308,1,1,0,0,0,0.0,62609.447360810016,397093.6063308531,440937.39761114726,0.14199169247155552,27.1271435705416,0.8814385050029936,0.4722948913853798,0.0019228804850480062,0.00019293583492584646,2308
0,drone,185,92.5,0.12212914090665314,0.003926969419647373,91.99803701285667,2.9366820390193107,91.93004543143029,2.8355889931983542,19439,2202,1,1,0,0,0,0.0,49221.531669561286,394081.32683606,401457.22672650084,0.12260716308662752,22.353102483906124,0.8832895252772078,0.4688177355093456,0.0030895642822222325,0.00018931316310702656,2202
0,drone,186,93.0,0.12207707705953084,0.003731707006771119,92.44189723195423,3.1668734939056056,92.37618065287167,3.064721592308695,19414,2356,1,1,0,0,0,0.0,30212.911733647943,423159.0807377563,457654.6206914645,0.06601683970326715,12.823816525317463,0.8831432238324256,0.4690892975992298,0.003643772321554986,0.00019082428943601885,2356
0,drone,187,93.5,0.11860289022607251,0.0036179426363963595,92.88299714768456,3.4023110957084945,92.82265507976699,3.3012301980870937,19413,2169,1,1,0,0,0,0.0,7661.3306062720185,397627.83102179633,434000.1585858664,0.017652829047886703,3.53219483922177,0.8821914944089932,0.47087897809355644,0.003339937423854729,0.00018770356920143227,2169
0,drone,188,94.0,0.11562717071496703,0.003784723392321814,93.32409706341488,3.6377486975113835,93.2682558513586,3.537400419180142,19415,2120,1,1,0,0,0,0.0,1251.4751094288947,375079.0549725352,463566.7650949221,0.0026996652988542803,0.5903184478438183,0.8803710812112088,0.4742785480876661,0.0025725844713914135,0.00018348274000150685,2120
0,drone,189,94.5,0.11508690762403026,0.0037687801453469994,93.76389110995694,3.8756167210583845,93.70882760899188,3.77604138264194,19433,2213,1,1,0,0,0,0.0,1283.6156364117653,411858.80158612353,457860.43416458165,0.00280350853804144,0.5800341782249279,0.8804584679712048,0.4741159829803916,0.0026307528078335575,0.00019242453661684437,2213
0,drone,190,95.0,0.11500764312123987,0.0037032630444568423,94.203685156499,4.113484744605386,94.1513789813034,4.012639075540719,19435,2145,1,1,0,0,0,0.0,1251.961254208,389694.0957689119,463214.960466285,0.0027027651545359008,0.5836649203766899,0.8802211140757807,0.47455618708543923,0.002686193239752444,0.00018610697929940048,2145
0,drone,191,95.5,0.10907379140174793,0.003666981671698793,94.64314148078589,4.351976126093823,94.59883288669793,4.2545455828282215,19438,2232,1,1,0,0,0,0.0,1266.365262610461,415256.6610827344,463135.3907860523,0.0027343305819517148,0.5673679491982352,0.8801016638353545,0.4747812571570685,0.0019542688132158604,0.00018306900062097973,2232
0,drone,192,96.0,0.10785973815336553,0.0037778912772081993,95.08259780507277,4.59046750758226,95.04155321026315,4.493105263444445,19437,2176,1,1,0,0,0,0.0,1249.4752694198614,393171.19780093967,474493.04229866166,0.0026332847018511185,0.5742073848436863,0.880223026454862,0.47455741615840014,0.0016378240767043414,0.00018005477538980778,2176
0,drone,193,96.5,0.10394312370225,0.0040269888038437646,95.52205412935965,4.828958889070697,95.48676888928259,4.733240190401875,19438,2094,1,1,0,0,0,0.0,1206.5168795628479,374010.29919004417,460152.4441470896,0.0026219938520573843,0.5761780704693639,0.8801795884447733,0.4746391309234425,0.0012599529469367683,0.00017042155752518894,2094
0,drone,194,97.0,0.10684149706591545,0.003931898469615433,95.96151045364653,5.067450270559134,95.9262056953968,4.9688359946151195,19437,2110,1,1,0,0,0,0.0,1227.9614638578369,385217.5576868919,462334.17875477474,0.002656004077321647,0.5819722577525294,0.8804908392060067,0.4740602625248754,0.0016581824834413373,0.00017526489416900445,2110
0,drone,195,97.5,0.0998304048591646,0.00394976230461152,96.4009667779334,5.305941652047571,96.3765072649094,5.211915957258654,19437,2130,1,1,0,0,0,0.0,1232.3067612244454,383311.8286674765,468232.9909605883,0.002631823867635525,0.5785477752227444,0.8804778695939539,0.47408560902503294,0.0012475859312707966,0.0001660910888867528,2130
0,drone,196,98.0,0.09982253625583795,0.003973482034660657,96.84042310222029,5.544433033536008,96.81771503596582,5.450354685669332,19436,2142,1,1,0,0,0,0.0,1269.6961559118313,389285.39673928294,460582.9127883457,0.00275671571970648,0.5927619775498746,0.8805628780358012,0.47392832668192814,0.0009792822748854297,0.0001653883536238712,2142
0,drone,197,98.5,0.10021497484870893,0.003927681480743393,97.27987942650716,5.782924415024445,97.25964551792305,5.688281469626342,19439,2122,1,1,0,0,0,0.0,1244.0563471673695,375220.7204406428,469356.78194790334,0.002650555813861564,0.5862659505972524,0.880303585195284,0.4744087375607309,0.0013955709809454686,0.00015771602809999728,2122
0,drone,198,99.0,0.0957093375923064,0.004110427398493003,97.71933575079404,6.0214157965128825,97.70694789248664,5.93026418265491,19438,2078,1,1,0,0,0,0.0,1213.2847719431588,376113.65936474124,454455.2299000759,0.0026697564294945663,0.5838714013200956,0.8805101497206667,0.4740249634066072,0.0014867098754628419,0.00016152371337374046,2078
0,drone,199,99.5,0.10057656112882078,0.003920238120638333,98.15879207508092,6.25990717800132,98.14467519273055,6.164384450970426,19436,2112,1,1,0,0,0,0.0,1228.1982735694312,384882.34545344743,450290.004264943,0.0027275717025394596,0.5815332734703746,0.8801931558068955,0.47461421219603295,0.001165354983382311,0.00016199155879179599,2112
0,drone,200,100.0,0.09871315414372825,0.003907968849608404,98.5982483993678,6.498398559489757,98.58989185050808,6.40484599375486,19437,2132,1,1,0,0,0,0.0,1242.0868832942415,385802.27792840794,469135.54337223433,0.002647607713467813,0.5825923467609012,0.88034980597585,0.4743217699438375,0.0017543305357411955,0.0001550922992954286,2132
0,drone,201,100.5,0.10151384721383597,0.004054873454155084,99.03770472365468,6.736889940978194,99.02714253733014,6.64042956906884,19436,2124,1,1,0,0,0,0.0,1226.4104868260179,378743.2498991858,460070.5886270353,0.0026657006927696264,0.5774060672438879,0.8806596057048085,0.4737488463499012,0.0008303384785597358,0.00015140906015925318,2124
0,drone,202,101.0,0.09944168774300247,0.004023948239454667,99.47716104794156,6.975381322466631,99.47328681693273,6.880982216662438,19438,2117,1,1,0,0,0,0.0,1234.549953129031,383481.3521268691,461787.2754738079,0.002673417001069042,0.5831601101223576,0.880347790001174,0.47432665967942156,0.0014101621931670075,0.0001526626465456047,2117
0,drone,203,101.5,0.10168378814082867,0.004114952324199281,99.91661737222844,7.213872703955068,99.9122249707958,7.117231875080695,19436,2093,1,1,0,0,0,0.0,1191.7368035704949,379313.51705367584,461294.9308560927,0.002583459569691811,0.5693916882802174,0.8803471081525998,0.47432545075508625,0.0020822904070875265,0.00014657416062008048,2093
0,drone,204,102.0,0.10185740587258406,0.004061143757494987,100.35607369651532,7.452364085443505,100.35508351772118,7.3560327596792225,19432,2108,1,1,0,0,0,0.0,1237.4709525160283,383253.5039412244,451799.57337788027,0.002738982118252292,0.5870355562220249,0.8802679782907475,0.47447436543368643,0.0015371864625707853,0.0001500540224575877,2108
0,drone,205,102.5,0.10178652367415779,0.004170972152103478,100.7955300208022,7.690855466931942,100.79806053489733,7.595144471880956,19427,2119,1,1,0,0,0,0.0,1224.3214964191113,381991.7010679288,466653.7116033299,0.0026236188976459323,0.5777826788197788,0.8809290989518057,0.4732466117912621,0.0012518178982331865,0.00014626444395391934,2119
0,drone,206,103.0,0.10092292239967642,0.004047562733181279,101.23498634508908,7.929346848420379,101.24735915661182,7.835703413495428,19415,2122,1,1,0,0,0,0.0,1207.1982206277344,383444.0041480531,458906.4309139916,0.0026305977412942115,0.5688964281940313,0.8809430902787287,0.4732217916625207,0.0006384245272515817,0.00014423823573583803,2122
0,drone,207,103.5,0.1012541746375653,0.003973439017416846,101.67444266937596,8.167838229908817,101.69162630970922,8.075091612497204,19416,2101,1,1,0,0,0,0.0,1211.9501485651356,374203.5248209754,453181.34529592085,0.002674316057236976,0.5768444305402834,0.881190585837349,0.4727604149556,0.0008610938616566069,0.0001414232729928583,2101
0,drone,208,104.0,0.10369639039542672,0.004160459105403831,102.11389899366284,8.406329611397254,102.12613274899769,8.310595673319327,19414,2109,1,1,0,0,0,0.0,1230.0756162190594,377884.42869726836,454127.4450279404,0.0027086572936444713,0.5832506478042008,0.8812411495772491,0.472666538431918,0.0006162293050482646,0.00013884736341430412,2109
0,drone,209,104.5,0.10222946473212624,0.004279574779576134,102.55335531794972,8.644820992885691,102.57340060983665,8.552410599801224,19413,2119,1,1,0,0,0,0.0,1263.7491953166887,385701.5726907508,455634.5564126557,0.0027736026109752435,0.5963894267657804,0.881358361018077,0.472446605735319,0.0012822607789587292,0.00013798803660185772,2119
0,drone,210,105.0,0.10162480742984659,0.004325959981486364,102.9928116422366,8.883312374374128,103.02820336425287,8.796730136372192,19435,2123,1,1,0,0,0,0.0,1271.1761536082954,379612.6536516984,455137.92075348145,0.002792947138976822,0.5987640855432386,0.8821039932512631,0.4710508772704976,0.0019016079695883168,0.0001346408451835601,2123
0,drone,211,105.5,0.1037056686929605,0.004280723135627121,103.43226796652348,9.121803755862565,103.46752290235929,9.033353516194719,19415,2078,1,1,0,0,0,0.0,1229.0270315407688,375072.68616686255,452247.60998580226,0.0027175976266173136,0.5914470796635076,0.8829088936221487,0.46954323225116584,0.0010191221913808818,0.00013049667039784964,2078
0,drone,212,106.0,0.10609149876487645,0.004174917032248507,103.87172429081036,9.360295137351002,103.91318005048625,9.272448259807765,19416,2106,1,1,0,0,0,0.0,1289.99785955119,384476.58470776986,447319.87760095275,0.002883837549249214,0.6125345961781529,0.8835545269984175,0.46832604901566927,0.001452457908389173,0.00013518006540717782,2106
0,drone,213,106.5,0.10674260471370411,0.00439364279631255,104.31118061509724,9.59878651883944,104.35412216186486,9.51151628038254,19433,2115,1,1,0,0,0,0.0,1333.520249700858,385193.3004994182,454915.81759782205,0.0029313560841706865,0.630506028227356,0.8845141730638553,0.46651213543041364,0.0010512589212595626,0.00012902250565007486,2115
0,drone,214,107.0,0.10994653740893401,0.004308401233088203,104.75063693938412,9.837277900327877,104.78661407990357,9.743591588073258,19416,2111,1,1,0,0,0,0.0,1346.072151988243,381959.93278109265,460679.9106006017,0.0029219250091312423,0.6376466849778507,0.8854036192964874,0.4648220564819419,0.0009416711631856894,0.00012344891277852712,2111
0,drone,215,107.5,0.11265869831725449,0.004277334074841733,105.190093263671,10.075769281816314,105.22277273194408,9.978737104391374,19433,2103,1,1,0,0,0,0.0,1499.4368135241855,381566.1248180722,455252.60943002795,0.003293636944555829,0.7129989603063174,0.8876260653782198,0.4605605448822681,0.001988104355534607,0.00012050113477041721,2103
0,drone,216,108.0,0.11242027915264019,0.0044488851133634485,105.62954958795788,10.31426066330475,105.68196975906832,10.227164556818586,19414,2119,1,1,0,0,0,0.0,1514.9164806405747,380724.518592345,473419.9483937379,0.0031999422199688048,0.7149204722230178,0.8884655234950019,0.45894263593850226,0.0008188275593237393,0.00011241774678221985,2119
0,drone,217,108.5,0.1151919046162055,0.004429447030178166,106.06900591224476,10.552752044793188,106.12222484479537,10.463024446357405,19437,2100,1,1,0,0,0,0.0,1593.4588608805418,381512.78692888457,452625.82411732886,0.0035204771269689824,0.7587899337526389,0.8906218298740936,0.4547418843183264,0.001604617817136405,0.00011489903709454572,2100
0,drone,218,109.0,0.11675239697367357,0.0045150531131212,106.50846223653164,10.791243426281625,106.55485851447159,10.696443305391819,19419,2128,1,1,0,0,0,0.0,1766.5359019366526,378270.21527096786,466254.4027145778,0.0037887811710768013,0.8301390516619608,0.8932298645825575,0.44959916055640525,0.0010019205566071236,0.00010960729175671332,2128
0,drone,219,109.5,0.11881183477325467,0.00458125783154313,106.94791856081852,11.029734807770062,106.99919201447582,10.935506075866002,19416,2096,1,1,0,0,0,0.0,1747.4917112210435,379090.33431123354,458968.01524968044,0.003807436799861535,0.8337269614604215,0.8947623545296236,0.4465404061139175,0.0014123116588332797,0.0001060913374700805,2096
0,drone,220,110.0,0.12014124968517866,0.004705683631321117,107.3873748851054,11.268226189258499,107.4415770362245,11.17481957076656,19436,2119,1,1,0,0,0,0.0,1935.7689890778054,382860.49275667965,469337.06814327964,0.004124474967928278,0.9135294898904226,0.8976403452283969,0.44072701300600003,0.001229074877114056,0.0001010052742100292,2119
0,drone,221,110.5,0.12292304863421204,0.004539966343957788,107.82694442881817,11.506508828660003,107.87738623945842,11.407846136953088,19435,2100,1,1,0,0,0,0.0,1979.123443349323,377662.76749939774,454781.56692077057,0.00435181103919745,0.9424397349282491,0.9007677086436109,0.43429959019156295,0.0011836487567048284,9.916982326808967e-05,2100
0,drone,222,111.0,0.12620659113892324,0.004681298915385589,108.26651397253094,11.744791468061505,108.33377175850461,11.65307294636203,19432,2115,1,1,0,0,0,0.0,2394.809462467349,384601.7446890363,467111.24877603754,0.0051268503354231386,1.132297618187872,0.9045096991415643,0.4264500990884191,0.0015865517055427463,9.379398580968282e-05,2115
0,drone,223,111.5,0.12739372515170938,0.004844142818368292,108.70652626563913,11.982255532529535,108.771387494392,11.888287364263597,19417,2120,1,1,0,0,0,0.0,2351.2775573516556,390371.0139625703,461052.9799152366,0.0050997990681763555,1.1090931874300263,0.9075383231671024,0.41996875552858143,0.0006605776401583095,9.546057962551115e-05,2120
0,drone,224,112.0,0.12839577246787706,0.004868916125053144,109.14653855874731,12.219719596997567,109.20864970174225,12.123053771991387,19416,2062,1,1,0,0,0,0.0,2290.598187322799,379674.5325256886,442779.98534449,0.005173219800214493,1.1108623604863235,0.9111640307586952,0.4120424105367801,0.001077483460176475,9.033984706074935e-05,2062
0,drone,225,112.5,0.13144371930318724,0.004888026738992413,109.58750819526372,12.455401118697049,109.65201192245762,12.356753479775689,19392,2046,1,1,0,0,0,0.0,2373.371893468684,387547.65864108736,436406.48911037494,0.005438443177842886,1.1600058130345474,0.9139015728389989,0.40593554019872286,0.0005023604034411909,8.95838975532039e-05,2046
0,drone,226,113.0,0.13492236121583648,0.004652408232671238,110.02847783178014,12.69108264039653,110.09649236124899,12.590740656148881,19406,2070,1,1,0,0,0,0.0,2502.2378605370573,388728.9830552554,451532.6009943155,0.005541654921542551,1.2088105606459214,0.91874054038429,0.3948584201817774,0.001627103541187769,8.391409967143011e-05,2070
0,drone,227,113.5,0.1364319075966754,0.004509930257799389,110.47105250145509,12.923736163391792,110.52663968917126,12.814984787073543,19414,2087,1,1,0,0,0,0.0,2513.0889397569285,390328.84455130773,444748.25399741245,0.005650587533889565,1.204163363563454,0.9223501229449417,0.38635141855094635,0.0016828806026693078,8.192101332789783e-05,2087
0,drone,228,114.0,0.13825769453488945,0.004796657609436104,110.91362717113005,13.156389686387055,110.97898627127122,13.051604501082204,19411,2049,1,1,0,0,0,0.0,2645.427799714317,388504.21537105134,432606.7818238617,0.006115086288202061,1.2910823815101597,0.9261410195631109,0.3771763672687056,0.0008943470154345137,7.973324601546057e-05,2049
0,drone,229,114.5,0.1412479642446347,0.004784865244597222,111.35851904424565,13.38458088086152,111.42908073131701,13.279717249967616,19361,2048,1,1,0,0,0,0.0,2902.1025094728207,391355.435834446,433967.0978295936,0.006687379121567398,1.4170422409535257,0.9296359165295317,0.3684765351527228,0.0014511168601189976,7.585196280922044e-05,2048
0,drone,230,115.0,0.14258000412895147,0.004797501793656794,111.80341091736126,13.612772075335988,111.86620764188355,13.502088057696847,19353,2037,1,1,0,0,0,0.0,2594.857650054759,392983.3060761483,435374.5248343928,0.0059600585290142715,1.2738623711609027,0.9338735461531072,0.3576016152432737,0.0011333890865205874,7.56736156137253e-05,2037
0,drone,231,115.5,0.144034178391481,0.0047486876894019025,112.25131907293368,13.83498432560973,112.31023012343717,13.720985652424606,19317,2038,1,1,0,0,0,0.0,5334.229645065565,397380.6381903196,414049.7770322026,0.012883063682100949,2.6173845167151937,0.9354816991129047,0.3533687969929099,0.0021175307829544186,7.411469583554291e-05,2038
0,drone,232,116.0,0.1485261884471795,0.0046083752650564426,112.69922722850609,14.057196575883472,112.7687759295064,13.944204322722085,19279,2027,1,1,0,0,0,0.0,4794.364049824607,395641.3189904298,401214.75764982257,0.011949620392600549,2.365251134595267,0.9398881365955117,0.3414809354958713,0.0010302329256016076,7.332725993033868e-05,2027
0,drone,233,116.5,0.14941476763267775,0.004866274114925245,113.15076127215853,14.271945283499768,113.22091238903226,14.158727770970161,19208,1996,1,1,0,0,0,0.0,3660.93509428263,386065.43067917204,401871.90676695545,0.009109706432914698,1.8341358187788728,0.9435650123236909,0.3311849797418721,0.0012556719190429185,7.308728341800619e-05,1996
0,drone,234,117.0,0.1511926360448212,0.005015919187737231,113.60229531581098,14.486693991116066,113.67317502783874,14.372499435228226,19114,1957,1,1,0,0,0,0.0,2573.422665985913,371727.8789537533,403942.32978381636,0.006370767498823827,1.314983477764902,0.9476839975206639,0.3192077647618914,0.0012015652174503662,7.011915737019469e-05,1957
0,drone,235,117.5,0.1546659092969407,0.0048246460768237905,114.05791087903349,14.692641699404941,114.13087212522308,14.57560863922067,18992,1977,1,1,0,0,0,0.0,2101.43325760859,368141.73323495424,407724.9965456911,0.005154045681310333,1.0629404439092514,0.950832669642151,0.30970292922976156,0.0011532422493504384,7.113167822819738e-05,1977
0,drone,236,118.0,0.15844576440068212,0.0048287867443423,114.513526442256,14.898589407693814,114.59424849218705,14.782162547787454,18903,1957,1,1,0,0,0,0.0,3256.522064377671,358689.501441569,404325.9095079877,0.008054200801379356,1.6640378458751512,0.9538503422563192,0.30028184149697923,0.0005833049683452638,7.187108385196253e-05,1957
0,drone,237,118.5,0.15995236978688926,0.004960733922511716,114.97348158487223,15.094653853172531,115.0530018801285,14.976162338171475,18641,1967,1,1,0,0,0,0.0,1863.0307392454001,348166.32443772495,418436.70054334396,0.004452359787815546,0.9471432329666498,0.9568490500800263,0.2905847869029489,0.0006139882075835391,7.781125672337065e-05,1967
0,drone,238,119.0,0.1675830669072098,0.005011431336641215,115.43343672748847,15.290718298651246,115.53113307440574,15.176087843588466,18324,1990,1,1,0,0,0,0.0,1918.4191424235294,353392.81411481934,430118.6713804068,0.0044602089378417975,0.9640297198108188,0.9597112088909014,0.28098607206929727,0.0011058174497861084,8.554730625961168e-05,1990
0,drone,239,119.5,0.16479495062474364,0.0047330199005655845,115.89777462852305,15.47616455410762,115.97673070308183,15.352593043205651,17858,1971,1,1,0,0,0,0.0,2032.0799539333093,351021.9718715988,438995.5307856711,0.004628930846508829,1.0309893221376505,0.9614474325493203,0.2749883974344336,0.00046445749232485584,9.87928527041054e-05,1971
0,drone,240,120.0,0.16741955041039694,0.004732947717833256,116.36211252955765,15.66161080956399,116.44426892891967,15.536902272704813,17543,2037,1,1,0,0,0,0.0,1922.8755381515255,341913.2439588205,444769.89309924387,0.004323304180398883,0.9439742455333949,0.9641172054513406,0.26547239256855115,0.0015565785000625657,0.00010618526381708537,2037
0,drone,241,120.5,0.16601024842897907,0.004986292863344352,116.83067103648963,15.836118475818711,116.90339610729453,15.708241347642026,17268,1999,1,1,0,0,0,0.0,1842.5414599423545,351563.4568018191,433988.5709751807,0.004245599039168539,0.9217315957690618,0.9655884387955216,0.2600747006908131,0.0003419429936516381,9.915964345430986e-05,1999
0,drone,242,121.0,0.17271616662472178,0.00484641654407513,117.29922954342162,16.010626142073434,117.3856772968913,15.883135116954518,17285,1938,1,1,0,0,0,0.0,1828.6362782668423,348756.4892942811,411584.0872422511,0.004442922685663839,0.9435687710355223,0.9661036871352692,0.2581520896068506,0.0010790436759282845,8.670985044531598e-05,1938
0,drone,243,121.5,0.17651620859728262,0.004403754936157385,117.77167331918808,16.174323664166856,117.85829254205406,16.042033180483106,17442,1979,1,1,0,0,0,0.0,1853.2011379509188,383280.95353308826,386579.6482150923,0.004793840406517729,0.936433116700818,0.967264811126858,0.2537585564400397,0.002319523483628012,7.320265090531441e-05,1979
0,drone,244,122.0,0.17974458322051123,0.004753787928991131,118.24411709495455,16.33802118626028,118.33889070750458,16.207567358042407,17902,1989,1,1,0,0,0,0.0,1920.1121778888912,376129.5664070071,405675.7582082209,0.004733120328337087,0.9653655997430323,0.9677598736355211,0.25186351094047854,0.002366186318906078,5.85730557794308e-05,1989
0,drone,245,122.5,0.17925561821405153,0.004887155970080583,118.71998448333896,16.491482023844974,118.81030940322131,16.359127428601777,18803,2000,1,1,0,0,0,0.0,1858.1714300739764,365738.0508141608,409491.3835878218,0.004537754650154837,0.9290857150369882,0.9686866338086361,0.24828306093529035,0.0013142043587328848,5.143844022400764e-05,2000
0,drone,246,123.0,0.1789742907088831,0.004960249849510396,119.19585187172338,16.644942861429662,119.27836007850878,16.508551513591495,19474,2005,1,1,0,0,0,0.0,1284.5781617863865,363061.1584970998,423805.5538498233,0.0030310555161850955,0.6406873624869759,0.9703972053699654,0.24150784815736,0.0017952962324891862,4.8763364654391034e-05,2005
0,drone,247,123.5,0.1831208566269962,0.0048869488155520845,119.67460710389012,16.789142125203657,119.76337506675779,16.651871433525898,19488,2015,1,1,0,0,0,0.0,1286.633594368742,365881.1793696158,429032.3344172029,0.0029989198742246402,0.638527838396398,0.9704804693802187,0.2411769920430534,0.0011476326133837594,4.8160846229812826e-05,2015
0,drone,248,124.0,0.1889504827937964,0.004917495373191039,120.15336233605687,16.933341388977652,120.2532946167954,16.796632372674644,19475,2021,1,1,0,0,0,0.0,1248.4394602760126,361474.8802089715,431923.5196095972,0.0028904178716742256,0.6177335280930295,0.9709954858297278,0.23909711066685546,0.0005815230451336527,4.773363249376491e-05,2021
0,drone,249,124.5,0.1954201379582308,0.004914398060270192,120.63444459916525,17.069575951855498,120.74518062665186,16.932781745569454,19463,2027,1,1,0,0,0,0.0,1235.8597953695173,358488.52107607835,435185.0235521936,0.0028398490951775488,0.6096989617017846,0.9716579587112736,0.23639033308460178,0.0006493821616899498,4.645879261952266e-05,2027
0,drone,250,125.0,0.19310277371728976,0.004988450746881914,121.11552686227364,17.205810514733344,121.21679266450585,17.065378457538444,19486,2015,1,1,0,0,0,0.0,1233.5018764454128,359468.1111110009,428429.2385464103,0.0028791262721248466,0.6121597401714207,0.971975238750181,0.23508211083665886,0.0007324077480757055,4.6394543298139635e-05,2015
0,drone,251,125.5,0.19529618569562482,0.004738842133865008,121.59839057832306,17.335589679944633,121.69781405673297,17.19135908520191,19486,2020,1,1,0,0,0,0.0,1216.8362489602127,357767.77383865934,438299.5934865472,0.002776265976613463,0.6023941826535707,0.9721948149514072,0.23417130105988795,0.0010215387992368835,4.473674349079159e-05,2020
0,drone,252,126.0,0.1989719011367754,0.004820194022552668,122.0812542943725,17.46536884515592,122.18646429932662,17.321014872299138,19488,2038,1,1,0,0,0,0.0,1254.8121381833735,354273.7014291684,448781.1540803935,0.002796044635061903,0.6157076242312922,0.9726132095563726,0.23242925218494234,0.0004328108136770342,4.334197332979477e-05,2038
0,drone,253,126.5,0.20371322633702646,0.004709226568357593,122.56539866429509,17.590285733815,122.67785813471902,17.44510841769962,19487,1983,1,1,0,0,0,0.0,1208.6157928751963,348809.1617165591,423476.2052154466,0.002854034720227797,0.6094885491049906,0.9725907405807315,0.23252292587612533,0.0005833340639384101,4.3973769218695705e-05,1983
0,drone,254,127.0,0.20716997077822125,0.004637050442688673,123.04954303421766,17.715202622474088,123.16425783398077,17.567566183683983,19486,2003,1,1,0,0,0,0.0,1216.6357701250165,356239.71805475035,428381.43055851647,0.002840075884098868,0.607406774900158,0.9725058157659096,0.23287824404211166,0.00040218571022230295,4.420775432531995e-05,2003
0,drone,255,127.5,0.2118408735379084,0.00484317992151256,123.53453222809523,17.836798189095514,123.65789214849735,17.69052948269601,19489,1978,1,1,0,0,0,0.0,1225.7926142750143,352681.4226180121,414687.6172330038,0.0029559421678758946,0.6197131518073884,0.9723448293680651,0.23354855008401365,0.0007794580447631793,4.414945210763505e-05,1978
0,drone,256,128.0,0.2213268427423022,0.004699292157062573,124.0195214219728,17.95839375571694,124.15874921907582,17.81289847945713,19506,2020,1,1,0,0,0,0.0,1249.511660861415,357716.35529565497,436980.2388158042,0.002859423721877064,0.6185701291393144,0.9726728644842443,0.23217891977780541,0.0006692584150281667,4.2746666810822406e-05,2020
0,drone,257,128.5,0.22425030054560227,0.004637472150882674,124.50499870576081,18.078025720198852,124.64725182614839,17.931503575241617,19491,1984,1,1,0,0,0,0.0,1246.723144660242,352433.62389277836,429949.9509759303,0.002899693654645949,0.6283886817843962,0.9723975976009168,0.2333286705259246,0.0008023032903241295,4.2132003158052015e-05,1984
0,drone,258,129.0,0.2239410662135633,0.004546277046203197,124.99047598954884,18.197657684680767,125.12740271453264,18.047369421179695,19488,2017,1,1,0,0,0,0.0,1287.3218384168792,357710.14960655896,433102.66517206794,0.0029723249057020634,0.63823591393995,0.9723479898960428,0.23353599347903053,0.0005712222746920695,4.2832910703479974e-05,2017
0,drone,259,129.5,0.2293507635357408,0.004487633627015236,125.4761751010338,18.316385832576355,125.6204669666296,18.16511650416599,19488,1982,1,1,0,0,0,0.0,1238.5839880943784,346184.62676926085,429939.0964728495,0.0028808359096800457,0.6249162402090708,0.9724630298302428,0.23305718649592502,5.861729771262894e-05,4.10431969736026e-05,1982
0,drone,260,130.0,0.2261255603552642,0.0046596013572057955,125.96187421251877,18.435113980471943,126.09706786268013,18.28098238801823,19488,1990,1,1,0,0,0,0.0,1251.5695219796687,344700.3483286191,435216.7791612336,0.0028757382111777524,0.6289294080299843,0.9720559103540646,0.2347489440318425,0.0004903281207033936,4.01681771144832e-05,1990
0,drone,261,130.5,0.23171415137166934,0.004534410466687953,126.4476296579179,18.5536114372594,126.59022076787743,18.398163410844777,19487,1959,1,1,0,0,0,0.0,1215.9000714480271,345390.99195542175,430381.22418734437,0.002825169879898728,0.6206738496416677,0.9724338858647628,0.23317511153822015,0.0013057492471095003,4.004403767851821e-05,1959
0,drone,262,131.0,0.23153761926208777,0.004719961506907003,126.93338510331702,18.672108894046854,127.0723222669875,18.514579896276636,19487,1977,1,1,0,0,0,0.0,1218.6239572211375,345263.5745331814,440991.73009419325,0.0027633714513441024,0.6164005853420018,0.972307030845901,0.23370471264554102,0.0010700723776019654,3.942300342782973e-05,1977
0,drone,263,131.5,0.22723868406300637,0.0048250916360821515,127.41914054871614,18.79060635083431,127.5445166973779,18.62870929173018,19488,1984,1,1,0,0,0,0.0,1268.0974204602887,341026.2631888112,438939.3770990605,0.002889003554069615,0.6391620062803874,0.9723486902982168,0.2335316714344864,0.0009914193651121524,3.859941647955111e-05,1984
0,drone,264,132.0,0.23211229997065472,0.004691043493083065,127.90489599411528,18.909103807621765,128.0368393116688,18.746210898663378,19487,1921,1,1,0,0,0,0.0,1187.5823261514565,339436.70445917017,432124.5021211657,0.00274824112107039,0.6182104769138244,0.9723798690035078,0.23340292281839245,0.0006826247523116016,3.7954518208354465e-05,1921
0,drone,265,132.5,0.2335034325828312,0.004724259811480246,128.39065143951441,19.02760126440922,128.52082932378806,18.861943167727738,19513,1980,1,1,0,0,0,0.0,1274.8614804458075,342736.6420426229,435576.0342808564,0.002926840276119934,0.6438694345685897,0.9719738491119823,0.23508790610386665,0.0007162723903900168,3.8149316913390465e-05,1980
0,drone,266,133.0,0.23237881107735273,0.004826626145069509,128.87640688491354,19.146098721196676,129.00150229816066,18.97824877982036,19512,2002,1,1,0,0,0,0.0,1242.8975953348447,342013.4065662681,450649.121768105,0.0027580162376848365,0.6208279696977246,0.9723114801079785,0.23368658964811265,0.000981564499545467,3.688731217229389e-05,2002
0,drone,267,133.5,0.23471117043805176,0.0047917563512273045,129.36216233031266,19.26459617798413,129.48952254145664,19.095477633867393,19525,1954,1,1,0,0,0,0.0,1259.526034925456,342032.63935480313,422851.58603462507,0.002978648009191386,0.6445885542095476,0.9723141247481435,0.23367337300365953,0.0014133521657007696,3.718260780682151e-05,1954
0,drone,268,134.0,0.24064318475066554,0.004810594867310108,129.84791777571178,19.383093634771587,129.98456206848775,19.214052034999153,19522,1959,1,1,0,0,0,0.0,1207.572671120547,334635.7103824869,435324.83039700123,0.002773957713414331,0.6164230072080383,0.9724933122854272,0.23293056906890378,0.0003279532816713804,3.5894795355672875e-05,1959
0,drone,269,134.5,0.2513623013040656,0.004721210612005568,130.3336732211109,19.501591091559042,130.48984092768796,19.33402997278852,19527,1936,1,1,0,0,0,0.0,1174.9227799265202,337872.3471327142,428439.7735754581,0.0027423289162008422,0.606881601201715,0.9724532437091704,0.2330940742297248,0.001356966654155707,3.611842596369949e-05,1936
0,drone,270,135.0,0.24989975059136157,0.00465900742732785,130.81942866651002,19.620088548346498,130.96801270827413,19.44882888007337,19528,1949,1,1,0,0,0,0.0,1223.0991347637564,328362.24884885293,433825.91908805334,0.0028193316280752346,0.6275521471337898,0.9722945587268004,0.23375674758346776,0.0010363539238540736,3.432560990493854e-05,1949
0,drone,271,135.5,0.2495499302627142,0.004697833213658078,131.30518411190914,19.738586005133953,131.44859498449466,19.563543244076893,19536,1966,1,1,0,0,0,0.0,1254.025509580686,333020.55888183136,441931.5152821483,0.0028376014522975613,0.6378563120959746,0.9723238013280909,0.23363508429616978,0.0010357397416860493,3.410473424989766e-05,1966
0,drone,272,136.0,0.25486653164355944,0.004731315438923037,131.79093955730826,19.85708346192141,131.94251777185545,19.682179273514716,19531,1952,1,1,0,0,0,0.0,1269.2553553629064,329990.8463853235,423121.34942053433,0.002999743116486924,0.6502332763129643,0.9726042918998392,0.23246425211334804,0.001123773729218801,3.4820900878211096e-05,1952
0,drone,273,136.5,0.2627876511699012,0.004694452886541999,132.27669500270738,19.975580918708864,132.44137239240092,19.801477977950242,19534,1931,1,1,0,0,0,0.0,1180.9845184740052,327768.43754179997,425168.76568517956,0.0027776840957985066,0.6115921897845703,0.9724730691284551,0.23301294037748416,0.0010485401861053934,3.405847981490034e-05,1931
0,drone,274,137.0,0.26177722737119613,0.004570801741875808,132.7624504481065,20.09407837549632,132.9201561769775,19.915759769263083,19534,1928,1,1,0,0,0,0.0,1230.7766287576048,326830.765699758,425341.0996540945,0.0028936226237213495,0.6383696207248988,0.9725981646764774,0.23248816342084044,0.0014366409268315827,3.367994676774868e-05,1928
0,drone,275,137.5,0.2680201147132365,0.004608980124998187,133.24820589350563,20.212575832283775,133.41751413760235,20.035516985565728,19512,1905,1,1,0,0,0,0.0,1166.7784363029632,332380.91634201485,426437.39935461205,0.0027361071943239825,0.6124821187942064,0.9720767484553087,0.23465955861388646,0.0012987161701183312,3.392143669750099e-05,1905
0,drone,276,138.0,0.2678077965792255,0.004730085576961398,133.73396133890475,20.33107328907123,133.89949848162536,20.151271249581512,19510,1941,1,1,0,0,0,0.0,1189.4277480214453,329533.6880195583,442316.88869494246,0.002689085084521317,0.6127912148487611,0.9719803859190421,0.2350565830986724,0.0015912669940584202,3.3110796167398014e-05,1941
0,drone,277,138.5,0.2748173217846665,0.004734893628544654,134.21971678430387,20.449570745858686,134.39700557263757,20.27077713991979,19487,1902,1,1,0,0,0,0.0,1175.0156171134963,330313.65348994796,421810.29882739927,0.0027856494267208525,0.6177789785034156,0.9720408337305131,0.2348072040003658,0.001481387869330333,3.3758577649928797e-05,1902
0,drone,278,139.0,0.2793887818121273,0.004540568359299714,134.705472229703,20.568068202646142,134.88719063416872,20.387498317717508,19462,1879,1,1,0,0,0,0.0,1135.9347868895545,332207.39855964045,423807.33774997154,0.0026803093899230883,0.6045421963222749,0.9721759265461064,0.23425079082814915,0.0007313279744562799,3.456573078416243e-05,1879
0,drone,279,139.5,0.2817174447364664,0.004704271438276345,135.1912276751021,20.686565659433597,135.37504516259023,20.50483910063137,19437,1905,1,1,0,0,0,0.0,1159.9334158986605,337334.2420331306,431018.3989530563,0.002691145943458884,0.608888932230268,0.9721159540319111,0.2344989943430773,0.0008908247374726869,3.478979277951432e-05,1905
0,drone,280,140.0,0.28183856560107906,0.004936749708679907,135.67698312050123,20.805063116221053,135.85948725301535,20.622228541584207,19414,1846,1,1,0,0,0,0.0,1126.3837336770416,334432.08417478955,408451.6384716913,0.0027576917989401294,0.6101753703559272,0.9722476536954723,0.23395227261477522,0.0009132480664717317,3.578967322797491e-05,1846
0,drone,281,140.5,0.2828494285973575,0.004848900813186632,136.16273856590036,20.92356057300851,136.3431958875229,20.73812104041463,19535,1917,1,1,0,0,0,0.0,3761.4290209233513,336108.331043541,407919.49249450245,0.009221008287496935,1.9621434642271003,0.9724367623768402,0.23316495169445994,0.0009211293987073061,3.6134849946738374e-05,1917
0,drone,282,141.0,0.2763196556346353,0.004905307593564378,136.64849401129948,21.042058029795964,136.81230467073974,20.851278916332205,19536,1914,1,1,0,0,0,0.0,8510.693995618381,334758.90339456376,396776.1667501221,0.021449609903051878,4.446548587052446,0.9722656878919098,0.2338767032195935,0.0010582245533546672,3.636770600147317e-05,1914
0,drone,283,141.5,0.27894273536583086,0.0047331920583833864,137.1342494566986,21.16055548658342,137.29822654765104,20.96662269392685,19534,1900,1,1,0,0,0,0.0,10441.388999363808,343089.4891638382,397277.6429477757,0.026282347332433162,5.495467894402004,0.9722192376545905,0.23407152883575535,0.0005228028490440776,3.6964656944825254e-05,1900
0,drone,284,142.0,0.28158472681949676,0.004629102573831168,137.62000490209772,21.279052943370875,137.78425465587995,21.08252864703031,19534,1886,1,0,0,0,0,0.0,6777.41501273941,341013.70407989103,388797.02635958686,0.017431756297619363,3.593539243234045,0.9723035159857645,0.23372159108608337,0.00030110116221903005,3.726826297770458e-05,1886
0,drone,285,142.5,0.28352933446347245,0.004819119625119099,138.10576034749684,21.39755040015833,138.27240371796742,21.20077967752139,19535,1884,1,1,0,0,0,0.0,9548.538809887428,343497.2072688405,373105.1689953501,0.02559208395744962,5.068226544526236,0.9721043061683068,0.23454845736558952,0.0004889544533115614,3.830960114418159e-05,1884
0,drone,286,143.0,0.2856429921694051,0.004632884103021757,138.59151579289596,21.516047856945786,138.75758458154158,21.31634981372432,19534,1871,1,1,0,0,0,0.0,13618.566700943975,351470.55022858665,362385.9358934483,0.03758028486223654,7.2787636028562135,0.9723528885362246,0.23351587052143796,-0.00044538733193917623,3.967009930542313e-05,1871
0,drone,287,143.5,0.28799600621466875,0.0045838242594331245,139.07727123829508,21.63454531373324,139.2444517689555,21.432895066230852,19536,1834,1,1,0,0,0,0.0,12380.848864815955,339199.42002338934,344755.3839679854,0.03591198119175903,6.7507354769988845,0.9722047000474067,0.23413225532101992,0.00032897420077625386,3.9646426965932844e-05,1834
0,drone,288,144.0,0.2864556358361032,0.004722594824753235,139.5630266836942,21.753042770520697,139.72416952582262,21.548780631305462,19536,1868,1,1,0,0,0,0.0,18516.647573517166,346595.3819303845,347907.3994266099,0.053222919673552964,9.912552234216898,0.9724612171785993,0.23306046679721976,0.001414178128557708,4.0159859133818245e-05,1868
0,drone,289,144.5,0.2919747700777711,0.0047654071550619756,140.04878212909333,21.871540227308152,140.21884047261454,21.667434168258897,19536,1904,1,1,0,0,0,0.0,26800.931364609754,347112.8148987262,350797.0927908473,0.07640009542664324,14.076119414185795,0.9725246740089898,0.23279697393202314,0.0011521162273538223,4.0161335230623294e-05,1904
0,drone,290,145.0,0.293791994997341,0.004823920526648287,140.53453757449245,21.990037684095608,140.70515640710383,21.784650363931398,19533,1859,1,1,0,0,0,0.0,28663.869707152615,327110.95766117825,353476.55542732874,0.08109128955525771,15.418972408366118,0.972163825374137,0.23430092549111822,0.0007569332401050175,4.022348265359844e-05,1859
0,drone,291,145.5,0.2962906533465057,0.004834824470709354,141.02029301989157,22.108535140883063,141.19230117001285,21.901384998283472,19534,1972,1,1,0,0,0,0.0,34374.72262879901,335253.4176131375,364619.6180962364,0.09427557082166181,17.431400927382867,0.9723975924194795,0.23333007135284872,-7.698985989210164e-06,4.06542215692448e-05,1972
0,drone,292,146.0,0.2997830991127296,0.004837206284410844,141.5060484652907,22.22703259767052,141.68220677186324,22.018883951583263,19536,1933,1,1,0,0,0,0.0,41446.63594114066,321813.1557339194,369502.0565073216,0.1121688911095936,21.441611971619587,0.9724488058700748,0.23311651785065224,-9.522107220428765e-05,4.154451417154071e-05,1933
0,drone,293,146.5,0.3008937923073506,0.005000996285322183,141.9918039106898,22.345530054457974,142.16750492343286,22.1355936782402,19535,2010,1,1,0,0,0,0.0,48765.341261968715,317304.0908088305,380748.0843522145,0.1280777061424632,24.261363811924735,0.9729765229183867,0.23090344559681222,0.0005335364714824311,4.4170758426681076e-05,2010
0,drone,294,147.0,0.3049668282846485,0.004881373267939609,142.47755935608893,22.46402751124543,142.65640203147666,22.25211993166856,19535,2064,1,1,0,0,0,0.0,72304.13606394995,323944.8721554876,392909.05896976584,0.18402257319680104,35.03107367439436,0.9725967216491322,0.23248572000475604,-0.0024509245665157646,4.997291548621503e-05,2064
0,drone,295,147.5,0.3073977123151941,0.005014149836244082,142.96331480148805,22.582524968032885,143.14464823126733,22.369177663052685,19532,2115,1,1,0,0,0,0.0,74954.71620492767,328390.4626407682,389093.57864327525,0.19263930406224172,35.43958212998944,0.9729750153539327,0.23089736296877958,-0.0024550501172476984,5.170169388626354e-05,2115
0,drone,296,148.0,0.3075682345085769,0.004806864465048211,143.44907024688717,22.70102242482034,143.6255316024656,22.484084481701256,19529,2040,1,1,0,0,0,0.0,61237.16240824498,340353.7803848579,364865.986415392,0.16783466995612958,30.018216866786755,0.9726957228080775,0.2320775023388252,-0.0017503539769406226,4.485080981047847e-05,2040
0,drone,297,148.5,0.3090015092479397,0.004774413400773954,143.9348256922863,22.819519881607796,144.1116744066061,22.601077975993718,19526,1964,1,1,0,0,0,0.0,45438.118942571404,344776.5422406953,356033.34038499004,0.12762321330198384,23.135498443264463,0.9730618037646961,0.2305419745889617,0.0010601918781905455,3.592729171575494e-05,1964
0,drone,298,149.0,0.31173637967975637,0.004788609787220212,144.42058113768542,22.93801733839525,144.59923691634026,22.71741434699636,19528,1948,1,1,0,0,0,0.0,31855.359250443897,320080.82839784306,383330.13436186215,0.08310163067005988,16.352853824663192,0.9733532767231503,0.22927128187278065,0.004251823222905156,2.9653964460561123e-05,1948
0,drone,299,149.5,0.3156341890879319,0.004563442863460199,144.90633658308454,23.056514795182707,145.08736008270463,22.833353189662656,19589,1915,1,1,0,0,0,0.0,31958.89537697723,322542.8286740347,379750.0089455606,0.08415772119589002,16.688718212520747,0.9735781635373304,0.2283501580763006,0.0013284539163407427,2.894706025590677e-05,1915
0,drone,300,150.0,0.3141859237436798,0.004614914823515927,145.39209202848366,23.175012251970163,145.56579753255838,22.94902796799107,20132,2111,1,1,0,0,0,0.0,65065.58685544125,313039.24969081004,411940.88876942784,0.15794884321827993,30.82216336117539,0.9725323602622381,0.23275307364565145,0.002610546161644861,2.688268216953268e-05,2111
0,drone,301,150.5,0.31714578498722973,0.004893246713690284,145.87784747388278,23.293509708757618,146.05566057200102,23.067133005834254,20130,2000,1,1,0,0,0,0.0,65764.30473415036,304644.9285041223,401970.6538961477,0.16360474103450617,32.88215236707518,0.9722665195573322,0.2338710313105024,0.0014682171616146598,2.703392526012849e-05,2000
0,drone,302,151.0,0.3171549453802139,0.004934885868152791,146.3636029192819,23.412007165545074,146.53935183026013,23.184230937157444,20096,2011,1,1,0,0,0,0.0,67209.80022771194,296836.4884606658,416759.3121268623,0.1612676628260994,33.421084151025326,0.9721519886243576,0.23434887853435785,0.0010555299124124888,2.5911930543340143e-05,2011
0,drone,303,151.5,0.3196752562308052,0.004772450408547808,146.84935836468102,23.53050462233253,147.02436727056838,23.299573931526947,20126,1958,1,1,0,0,0,0.0,76678.7112572579,291335.67228495865,387985.0024200375,0.197633183702922,39.161752429651635,0.9720538498026523,0.23475177822927637,0.0017075426891721881,2.661219314090809e-05,1958
0,drone,304,152.0,0.3218566276700064,0.004691894331280452,147.33511381008014,23.649002079119985,147.5105617325097,23.41581493066157,20088,1907,1,1,0,0,0,0.0,73636.1399045819,285031.4818522271,390848.8852590156,0.18840053709193316,38.613602467006764,0.9718895477508431,0.2354331377701802,0.001394493581686074,2.6391540867001867e-05,1907
0,drone,305,152.5,0.3246375548191703,0.004697285900828328,147.82086925547927,23.76749953590744,147.99874543838834,23.532343243064535,20104,1896,1,1,0,0,0,0.0,79442.04166616224,269308.77920505346,380252.2777012058,0.20891930522132499,41.89981100535984,0.9719217242435646,0.23529655530144827,0.0019217197217558336,2.5792194667061476e-05,1896
0,drone,306,153.0,0.32676852639301796,0.004592648498406805,148.3066247008784,23.885996992694896,148.48416525211135,23.648897180979873,20080,1741,1,1,0,0,0,0.0,74095.32091857202,258540.75386777046,355418.66332074476,0.20847335428670297,42.559058540248145,0.971977562167919,0.23507013620353795,0.0012844093425727063,2.5809376616886972e-05,1741
0,drone,307,153.5,0.3280869180992094,0.004615649427374826,148.7923801462775,24.00449444948235,148.96838055330102,23.764781663970155,20082,1715,1,1,0,0,0,0.0,75115.9606498804,247016.621738404,341314.39337710175,0.22007850271608212,43.79939396494484,0.9721174964148315,0.23449429235874567,-3.915575420398051e-06,2.6092076739992975e-05,1715
0,drone,308,154.0,0.33089923569958585,0.004432557313832297,149.27813559167663,24.122991906269807,149.45473920213234,23.88071565191087,20068,1569,1,1,0,0,0,0.0,78231.68951900708,231494.5214148096,312508.59573694156,0.25033452066982403,49.86086011408992,0.9717100861594498,0.23617679320472165,0.00017552073674869712,2.5980845858304605e-05,1569
0,drone,309,154.5,0.3306328026739556,0.004866391992187008,149.76389103707575,24.241489363057262,149.94111476415281,23.999900332970785,20010,1530,1,1,0,0,0,0.0,83704.53187716717,216261.9274347475,297703.8201832733,0.28116714063540316,54.70884436416155,0.9710639658318898,0.23879411186645108,0.003485168683863608,2.566002836835584e-05,1530
0,drone,310,155.0,0.3324490334358087,0.0048272764263894265,150.24964648247487,24.359986819844718,150.42782631279886,24.117018606563533,19992,1410,1,1,0,0,0,0.0,79893.28368746552,194729.80324809518,269444.75781994243,0.2965108110986317,56.66190332444363,0.9717739525637485,0.23591169944157372,0.0010272220879938235,2.6048832593005413e-05,1410
0,drone,311,155.5,0.3355228776970381,0.004921847156403665,150.735401927874,24.478484276632173,150.9148629265833,24.233078187232834,19952,1288,1,1,0,0,0,0.0,90371.93906641033,171087.52928520323,244696.4911555062,0.3693225785120816,70.1645489646043,0.9708700635008475,0.23960451208999006,-0.0009987912586626427,2.5707700888559562e-05,1288
0,drone,312,156.0,0.3368152349253273,0.004837040419465898,151.22115737327312,24.59698173341963,151.39936285415325,24.34852438743571,19888,1195,1,1,0,0,0,0.0,91175.28309756846,147038.21898308527,226349.4096956603,0.402807691083263,76.29730803143805,0.971391217116313,0.23748489834654937,0.0001623780055477713,2.430450499601927e-05,1195
0,drone,313,156.5,0.3383740065127695,0.004941206625084897,151.70691281867224,24.715479190207084,151.88511581023369,24.465495905467545,19802,1026,1,1,0,0,0,0.0,84791.68606834188,121120.75580316837,184247.66192513276,0.4602049501328063,82.6429688775262,0.9698827976829943,0.24345620348761438,-0.007512372594951866,2.400252939614705e-05,1026
0,drone,314,157.0,0.34101855269588627,0.004886007339760988,152.19266826407136,24.83397664699454,152.37355845623378,24.581899657891757,19640,901,1,1,0,0,0,0.0,87571.06692553968,88720.18606761808,156137.13335476725,0.5608599635716696,97.19319303611508,0.96401041846194,0.23905839591093403,0.11634000361581065,2.2742774660481378e-05,901
0,drone,315,157.5,0.3432291539980484,0.0048402965912867826,152.67842370947048,24.952474103781995,152.85915424681983,24.697956383044367,19552,745,1,1,0,0,0,0.0,63832.758554165695,91707.79265180619,122212.90070571023,0.5223078593631908,85.68155510626268,-0.0023293401243339095,0.0005146255923944836,0.9999971546634945,2.1497789305562134e-05,745
0,drone,316,158.0,0.34522062342269627,0.0044403810828050425,153.1641791548696,25.07097156056945,153.34332312236623,24.813378402076435,19784,615,1,1,0,0,0,0.0,48697.154882883195,79136.00377542128,91487.13778571863,0.5322841665124749,79.1823656632247,-0.0009975233727988848,0.0068695773490608965,0.9999759066368378,2.263163382939773e-05,615
0,drone,317,158.5,0.348295543933591,0.004476507041149929,153.64993460026872,25.189469017356906,153.83181145431897,24.930229146936917,19492,525,1,1,0,0,0,0.0,34951.53980435911,50186.910382398375,104633.59520156478,0.3340374545768873,66.57436153211259,-1.3861774300277014e-05,0.016887499912352555,0.9998573959093172,2.280719346422649e-05,525
0,drone,318,159.0,0.35043102522515823,0.004966298555226301,154.13569004566784,25.30796647414436,154.31831952271142,25.04667895735662,18906,387,1,1,0,0,0,0.0,13203.284543105825,20976.43735425418,91450.23890201666,0.14437670914400055,34.117014323270865,-0.2177724096469853,0.9759387735142827,0.010894399845009416,2.3173612359742723e-05,387
0,drone,319,159.5,0.3771158302137467,0.005362717294633707,154.62144549106696,25.426463930931817,154.8109072358854,25.133631221634264,18218,244,1,1,0,0,0,0.0,324.51002203990674,1278.5171954888856,77355.81216852061,0.004195030896100704,1.3299591067209293,-0.21681313505334526,0.9761485579151248,0.01122752637771347,3.212296841663071e-05,244
0,drone,320,160.0,0.3923343650410504,0.005001231780828839,155.10720093646609,25.544961387719272,155.2996989586433,25.238670537102156,20098,149,1,1,0,0,0,0.0,91.5846314710175,232.26729086685683,42010.54975497506,0.0021800388713116444,0.6146619561813255,0.004323230250933992,-0.013899393956731874,0.9998940526514962,1.018674378580061e-05,149
